,name,rating,reviews,ctype,loc
0,TCS,3.3,(1.1L),IT Services & Consulting,Bengaluru +444 other locations
1,Accenture,3.7,(73.7k),IT Services & Consulting,Bengaluru +259 other locations
2,Wipro,3.6,(65.3k),IT Services & Consulting,Hyderabad +373 other locations
3,Cognizant,3.7,(61.6k),IT Services & Consulting,Hyderabad +232 other locations
4,Capgemini,3.6,(53.6k),IT Services & Consulting,Bengaluru +182 other locations
5,HDFC Bank,3.8,(52.6k),Banking,Mumbai +1853 other locations
6,Infosys,3.5,(49k),IT Services & Consulting,Bengaluru +246 other locations
7,HCLTech,3.4,(46.1k),IT Services & Consulting,Chennai +231 other locations
8,ICICI Bank,4.0,(46.1k),Banking,Mumbai +1445 other locations
9,Tech Mahindra,3.4,(43.4k),IT Services & Consulting,Hyderabad +322 other locations
10,Genpact,3.6,(42.5k),Analytics & KPO,Hyderabad +181 other locations
11,TP,3.9,(38.8k),BPO,Mumbai +256 other locations
12,Jio,4.4,(33.7k),Telecom,Mumbai +1957 other locations
13,Axis Bank,3.6,(33.4k),Banking,Mumbai +1520 other locations
14,Concentrix Corporation,3.6,(32.4k),BPO,Bengaluru +183 other locations
15,Amazon,3.9,(31.5k),Internet,Bengaluru +515 other locations
16,Reliance Retail,3.9,(27.4k),Retail,Mumbai +1161 other locations
17,iEnergizer,4.6,(27.2k),BPO,Noida +53 other locations
18,LTIMindtree,3.6,(26.5k),IT Services & Consulting,Bengaluru +145 other locations
19,IBM,3.9,(25.8k),IT Services & Consulting,Bengaluru +162 other locations
20,HDB Financial Services,3.9,(25.8k),NBFC,Mumbai +1093 other locations
21,Larsen & Toubro Limited,3.9,(24k),Engineering & Construction,Chennai +769 other locations
22,Deloitte,3.7,(23.2k),Management Consulting,Hyderabad +182 other locations
23,Kotak Mahindra Bank,3.6,(22.5k),Banking,Mumbai +691 other locations
24,Reliance Industries,4.0,(20.3k),Oil & Gas,Jamnagar +820 other locations
25,Vodafone Idea,3.9,(17.6k),Telecom,Pune +705 other locations
26,Bharti Airtel,3.8,(17.1k),Telecom,Gurugram +791 other locations
27,BYJU'S,3.2,(16.4k),EdTech,Bengaluru +321 other locations
28,WNS,3.3,(15.3k),IT Services & Consulting,Pune +66 other locations
29,IDFC FIRST Bank,3.9,(14.7k),Banking,Mumbai +731 other locations
30,Ernst & Young,3.4,(14.6k),Management Consulting,Bengaluru +134 other locations
31,IndusInd Bank,3.4,(14.3k),Banking,Mumbai +799 other locations
32,AU Small Finance Bank,3.8,(14.3k),Banking,Jaipur +803 other locations
33,Tata Motors,4.1,(14.2k),Automobile,Pune +506 other locations
34,Muthoot FinCorp,4.5,(13.2k),NBFC,Bengaluru +1121 other locations
35,Bajaj Finserv,4.0,(13.2k),NBFC,Pune +1197 other locations
36,Flipkart,3.9,(13k),Internet,Bengaluru +554 other locations
37,PwC,3.3,(12.7k),Management Consulting,Bengaluru +137 other locations
38,HDFC Life,3.8,(12.1k),Insurance,Mumbai +717 other locations
39,Mahindra & Mahindra,4.0,(12.1k),Automobile,Pune +565 other locations
40,Infosys BPM,3.5,(12.1k),BPO,Bengaluru +95 other locations
41,DXC Technology,3.6,(12k),IT Services & Consulting,Bengaluru +130 other locations
42,Bandhan Bank,3.7,(11.2k),Banking,Kolkata +1013 other locations
43,Digitide Solutions,3.5,(10.4k),IT Services & Consulting,Hyderabad +274 other locations
44,Mphasis,3.3,(10.3k),IT Services & Consulting,Bengaluru +64 other locations
45,Yes Bank,3.7,(10.2k),Banking,Mumbai +541 other locations
46,Tata Steel,4.0,(9.9k),Iron & Steel,Jamshedpur +226 other locations
47,Quess,3.8,(9.8k),Recruitment,Bengaluru +758 other locations
48,Asian Paints,4.0,(9.6k),Chemicals,Mumbai +556 other locations
49,Maruti Suzuki,4.1,(9.5k),Automobile,Gurugram +457 other locations
50,Startek,3.0,(9.5k),BPO,Bengaluru +104 other locations
51,UltraTech Cement,4.1,(9.5k),Building Material,Mumbai +539 other locations
52,Paytm,3.2,(9.4k),FinTech,Noida +425 other locations
53,Bajaj Finance,3.9,(9.2k),NBFC,Pune +999 other locations
54,Shriram Finance,3.9,(9.2k),NBFC,Chennai +1119 other locations
55,Sutherland Global Services,3.4,(9.1k),BPO,Chennai +82 other locations
56,Equitas Small Finance Bank,4.3,(8.9k),Banking,Chennai +486 other locations
57,Wells Fargo,3.6,(8.7k),Financial Services,Bengaluru +27 other locations
58,EXL Service,3.6,(8.6k),Analytics & KPO,Noida +61 other locations
59,Cipla,4.1,(8.6k),Pharma,Mumbai +294 other locations
60,Ericsson,3.9,(8.4k),Telecom,Noida +161 other locations
61,Samsung,3.9,(8.3k),Consumer Electronics & Appliances,Noida +581 other locations
62,Dr. Reddy's,4.0,(8.3k),Pharma,Hyderabad +215 other locations
63,Optum Global Solutions,4.0,(8k),IT Services & Consulting,Hyderabad +69 other locations
64,JSW Steel,3.9,(7.9k),Iron & Steel,Ballari +199 other locations
65,JPMorgan Chase & Co.,3.8,(7.9k),Financial Services,Bengaluru +56 other locations
66,Delhivery,3.8,(7.8k),Logistics,Gurugram +763 other locations
67,ICICI Prudential Life Insurance,3.9,(7.8k),Insurance,Mumbai +511 other locations
68,Hexaware Technologies,3.4,(7.7k),IT Services & Consulting,Chennai +70 other locations
69,Ujjivan Small Finance Bank,4.0,(7.7k),Banking,Bengaluru +544 other locations
70,Sun Pharmaceutical Industries,4.0,(7.6k),Pharma,Vadodara +264 other locations
71,Jana Small Finance Bank,3.7,(7.6k),Banking,Bengaluru +424 other locations
72,HGS,3.7,(7.6k),Emerging Technologies,Bengaluru +122 other locations
73,Zydus Lifesciences,4.0,(7.5k),Pharma,Ahmedabad +181 other locations
74,Amazon Development Centre India,3.8,(7.5k),Internet,Hyderabad +147 other locations
75,Ekart Logistics,3.9,(7.5k),Logistics,Bengaluru +740 other locations
76,Lupin,4.1,(7.4k),Pharma,Pune +204 other locations
77,KPMG India,3.4,(7.4k),Management Consulting,Bengaluru +112 other locations
78,L&T Construction,4.0,(7.3k),Engineering & Construction,Chennai +435 other locations
79,Axis Max Life Insurance,4.0,(7.2k),Insurance,New Delhi +509 other locations
80,Hindustan Unilever,4.2,(7.2k),FMCG,Mumbai +545 other locations
81,ITC,3.9,(7.2k),FMCG,Bengaluru +378 other locations
82,Megha Engineering & Infrastructures,3.9,(7k),Engineering & Construction,Hyderabad +408 other locations
83,Coforge,3.3,(7k),IT Services & Consulting,Noida +103 other locations
84,Tata Projects,4.2,(6.9k),Engineering & Construction,Mumbai +287 other locations
85,Bajaj Life Insurance,3.8,(6.7k),Insurance,Pune +618 other locations
86,Cholamandalam Investment & Finance,3.9,(6.7k),Financial Services,Chennai +868 other locations
87,L&T Technology Services,3.0,(6.6k),IT Services & Consulting,Bengaluru +95 other locations
88,FIS,3.8,(6.6k),FinTech,Pune +59 other locations
89,Oracle,3.3,(6.6k),Software Product,Bengaluru +56 other locations
90,Omega Healthcare,3.8,(6.5k),BPO,Chennai +70 other locations
91,JLL,4.1,(6.4k),Real Estate,Gurugram +87 other locations
92,Muthoot Finance,3.7,(6.4k),NBFC,Bengaluru +793 other locations
93,IIFL Finance,4.0,(6.4k),NBFC,Mumbai +813 other locations
94,eClerx,3.1,(6.3k),IT Services & Consulting,Pune +32 other locations
95,Indian Army,4.7,(6.3k),Defence & Aerospace,New Delhi +360 other locations
96,Piramal Finance,4.2,(6.2k),NBFC,Mumbai +433 other locations
97,DMart,3.9,(6.2k),Retail,Mumbai +255 other locations
98,Virtusa Consulting Services,3.7,(6.1k),IT Services & Consulting,Hyderabad +55 other locations
99,PolicyBazaar,3.8,(6.1k),Internet,Gurugram +156 other locations
100,HCL Group,3.5,(6.1k),IT Services & Consulting,Chennai +97 other locations
101,HSBC Group,3.8,(6.1k),Financial Services,Bengaluru +63 other locations
102,Indiamart Intermesh,3.5,(6k),Internet,Noida +169 other locations
103,SMFG India Credit,3.9,(6k),NBFC,Mumbai +607 other locations
104,Access Healthcare,3.7,(5.9k),BPO,Chennai +62 other locations
105,BigBasket,3.9,(5.9k),Internet,Bengaluru +143 other locations
106,Siemens,4.0,(5.8k),Industrial Automation,Bengaluru +156 other locations
107,ICICI Lombard General Insurance Company,3.5,(5.8k),Insurance,Mumbai +320 other locations
108,GlobalLogic,3.5,(5.8k),IT Services & Consulting,Hyderabad +62 other locations
109,Aurobindo Pharma,4.0,(5.8k),Pharma,Hyderabad +115 other locations
110,Firstsource Solutions,3.5,(5.8k),BPO,Bengaluru +73 other locations
111,Manappuram Finance,3.9,(5.8k),NBFC,Bengaluru +660 other locations
112,Tata Capital,3.9,(5.7k),NBFC,Mumbai +453 other locations
113,Shapoorji Pallonji Group,4.1,(5.7k),Engineering & Construction,Mumbai +189 other locations
114,UST,3.7,(5.7k),IT Services & Consulting,Bengaluru +52 other locations
115,Standard Chartered,3.6,(5.7k),Banking,Chennai +68 other locations
116,Udaan,3.9,(5.7k),Internet,Bengaluru +366 other locations
117,Apollo Hospitals,4.0,(5.7k),Healthcare,Chennai +226 other locations
118,Mahindra Finance,3.9,(5.7k),NBFC,Mumbai +739 other locations
119,Bosch Global Software Technologies,3.7,(5.7k),IT Services & Consulting,Bengaluru +47 other locations
120,Swiggy,3.7,(5.6k),Internet,Bengaluru +238 other locations
121,Ashok Leyland,4.0,(5.6k),Automobile,Chennai +265 other locations
122,Citicorp,3.6,(5.6k),Financial Services,Pune +68 other locations
123,CGI Inc,4.0,(5.4k),IT Services & Consulting,Bengaluru +43 other locations
124,Hero MotoCorp,4.1,(5.4k),Automobile,Gurugram +370 other locations
125,Cyient,3.6,(5.3k),IT Services & Consulting,Hyderabad +49 other locations
126,SBI Cards & Payment Services,3.6,(5.3k),Financial Services,Gurugram +448 other locations
127,BNY,3.6,(5.3k),Financial Services,Pune +27 other locations
128,NTT DATA,3.8,(5.3k),IT Services & Consulting,Bengaluru +81 other locations
129,Kalpataru Projects International,4.2,(5.3k),Engineering & Construction,Mumbai +328 other locations
130,IQVIA,3.7,(5.3k),Clinical Research,Bengaluru +67 other locations
131,Nagarjuna Construction Company,4.0,(5.3k),Engineering & Construction,Hyderabad +299 other locations
132,Schneider Electric,4.1,(5.2k),Industrial Automation,Bengaluru +121 other locations
133,JustDial,3.5,(5.2k),Internet,Noida +235 other locations
134,SBI Life Insurance Company,3.7,(5.2k),Insurance,Mumbai +658 other locations
135,CBRE,4.1,(5.2k),Real Estate,Hyderabad +92 other locations
136,TVS Motor,3.8,(5.1k),Automobile,Hosur +354 other locations
137,Persistent Systems,3.6,(5.1k),IT Services & Consulting,Pune +42 other locations
138,State Bank of India,3.8,(5k),Banking,Mumbai +627 other locations
139,Atos,3.8,(5k),IT Services & Consulting,Pune +49 other locations
140,KEC International,4.0,(5k),Engineering & Construction,Mumbai +317 other locations
141,ITC Infotech,3.8,(4.9k),IT Services & Consulting,Bengaluru +69 other locations
142,vivo,4.1,(4.9k),Consumer Electronics & Appliances,Noida +414 other locations
143,Amdocs,3.6,(4.9k),Software Product,Pune +24 other locations
144,JBM Group,3.9,(4.9k),Auto Components,Gurugram +119 other locations
145,Varun Beverages,4.0,(4.8k),Beverage,New Delhi +384 other locations
146,Ecom Express,4.1,(4.8k),Logistics,Gurugram +779 other locations
147,Eviden,3.6,(4.8k),IT Services & Consulting,Pune +39 other locations
148,Utkarsh Small Finance Bank,3.6,(4.8k),Banking,Varanasi +420 other locations
149,Nagarro,3.9,(4.8k),IT Services & Consulting,Gurugram +48 other locations
150,Randstad,3.7,(4.7k),Recruitment,Hyderabad +369 other locations
151,EY Global Delivery Services ( EY GDS),3.5,(4.7k),IT Services & Consulting,Bengaluru +56 other locations
152,Bosch,4.1,(4.7k),Auto Components,Bengaluru +133 other locations
153,Hewlett Packard Enterprise,4.0,(4.6k),IT Services & Consulting,Bengaluru +104 other locations
154,L&T Finance,3.9,(4.6k),NBFC,Mumbai +653 other locations
155,Havells,3.9,(4.6k),Electrical Equipment,Noida +264 other locations
156,Aditya Birla Fashion and Retail,4.0,(4.6k),Fashion & Textile,Bengaluru +293 other locations
157,Cars24,3.4,(4.6k),Internet,Gurugram +172 other locations
158,Intas Pharmaceuticals,4.1,(4.6k),Pharma,Ahmedabad +150 other locations
159,R1 RCM,3.8,(4.6k),BPO,Hyderabad +49 other locations
160,Mahindra Logistics,3.7,(4.6k),Logistics,Mumbai +233 other locations
161,Tata AIA Life Insurance,3.9,(4.6k),Insurance,Mumbai +454 other locations
162,Home Credit Finance,4.0,(4.6k),NBFC,Gurugram +139 other locations
163,Hetero,3.9,(4.6k),Pharma,Hyderabad +71 other locations
164,Dell,3.8,(4.5k),Consumer Electronics & Appliances,Bengaluru +116 other locations
165,Deutsche Bank,3.8,(4.5k),Banking,Pune +42 other locations
166,Berger Paints,3.7,(4.5k),Chemicals,Kolkata +367 other locations
167,Lenskart,3.3,(4.5k),Internet,New Delhi +252 other locations
168,OPPO,3.9,(4.5k),Consumer Electronics & Appliances,Greater Noida +407 other locations
169,Hyundai Motor India Limited,4.1,(4.4k),Automobile,Chennai +292 other locations
170,Motilal Oswal Financial Services,3.7,(4.4k),Financial Services,Mumbai +169 other locations
171,TeamLease Services,3.9,(4.4k),Recruitment,Bengaluru +404 other locations
172,VE Commercial Vehicles,3.9,(4.4k),Automobile,Indore +180 other locations
173,Thermax Limited,4.2,(4.3k),Industrial Machinery,Pune +259 other locations
174,Jubilant Foods Works,3.7,(4.2k),Hospitality,Noida +267 other locations
175,Macleods Pharmaceuticals,3.7,(4.2k),Pharma,Mumbai +136 other locations
176,Carelon Global Solutions,3.9,(4.2k),IT Services & Consulting,Bengaluru +20 other locations
177,Aakash Educational Services,3.2,(4.2k),Education & Training,New Delhi +249 other locations
178,Bajaj Auto,3.8,(4.2k),Automobile,Pune +324 other locations
179,Jindal Steel Limited,3.9,(4.2k),Iron & Steel,Angul +174 other locations
180,State Street Corporation,3.5,(4.2k),Financial Services,Bengaluru +36 other locations
181,LG Electronics,3.8,(4.2k),Consumer Electronics & Appliances,Pune +301 other locations
182,Hindalco Industries,4.2,(4.2k),Metals & Mining,Sambalpur +131 other locations
183,Kogta Financial India Limited,4.7,(4.1k),NBFC,Jaipur +260 other locations
184,Royal Enfield,4.2,(4.1k),Automobile,Chennai +374 other locations
185,HDFC ERGO General Insurance,4.0,(4.1k),Insurance,Mumbai +327 other locations
186,DCB Bank,3.8,(4.1k),Banking,Mumbai +345 other locations
187,John Deere,4.0,(4.1k),Industrial Machinery,Pune +154 other locations
188,RBL Bank,3.5,(4.1k),Banking,Mumbai +293 other locations
189,Tata Communications,3.9,(4k),Telecom,Pune +102 other locations
190,Publicis Sapient,3.2,(4k),IT Services & Consulting,Bengaluru +47 other locations
191,Cummins,4.3,(4k),Industrial Machinery,Pune +115 other locations
192,Alembic Pharmaceuticals,3.9,(4k),Pharma,Vadodara +188 other locations
193,Bank of America,4.1,(3.9k),Banking,Gurugram +34 other locations
194,Pidilite Industries,4.2,(3.9k),Chemicals,Mumbai +321 other locations
195,Grasim Industries,4.0,(3.9k),Building Material,Bharuch +261 other locations
196,Oyo Rooms,3.0,(3.9k),Internet,Gurugram +121 other locations
197,Aditya Birla Sun Life Insurance,4.0,(3.9k),Insurance,Mumbai +504 other locations
198,Cloudnine Hospital,4.5,(3.9k),Healthcare,Bengaluru +46 other locations
199,American Express,4.1,(3.9k),Financial Services,Gurugram +54 other locations
200,Kyndryl,4.0,(3.9k),IT Services & Consulting,Bengaluru +39 other locations
201,PNB MetLife,3.3,(3.9k),Insurance,New Delhi +433 other locations
202,Subros,3.8,(3.9k),Auto Components,Noida +88 other locations
203,ADP Private Limited,3.9,(3.9k),Software Product,Hyderabad +41 other locations
204,Aditya Birla Capital,3.8,(3.8k),NBFC,Mumbai +350 other locations
205,Altruist Technologies,4.4,(3.8k),BPO,Bengaluru +43 other locations
206,KPIT Technologies,2.8,(3.8k),Software Product,Pune +43 other locations
207,Viatris,4.1,(3.8k),Pharma,Hyderabad +80 other locations
208,Escorts Kubota Limited,4.1,(3.8k),Industrial Machinery,Faridabad +159 other locations
209,XpressBees,4.2,(3.8k),Logistics,Pune +480 other locations
210,PVR INOX,3.9,(3.8k),Media & Entertainment,New Delhi +152 other locations
211,Maersk,3.9,(3.8k),Logistics,Chennai +50 other locations
212,Reliance Communications,4.0,(3.8k),Telecom,Mumbai +465 other locations
213,Birlasoft,3.4,(3.8k),IT Services & Consulting,Pune +50 other locations
214,JK Cement,4.0,(3.8k),Building Material,New Delhi +332 other locations
215,Synechron,3.4,(3.8k),IT Services & Consulting,Pune +33 other locations
216,Glenmark Pharmaceuticals,3.8,(3.7k),Pharma,Mumbai +189 other locations
217,Kotak Mahindra Life Insurance Company,3.5,(3.7k),Insurance,Mumbai +259 other locations
218,Bharat Electronics,4.2,(3.7k),Electronics Manufacturing,Bengaluru +87 other locations
219,Dabur,3.8,(3.7k),FMCG,New Delhi +318 other locations
220,Sodexo,4.0,(3.7k),Facility Management Services,Mumbai +161 other locations
221,PhonePe,4.0,(3.7k),FinTech,Bengaluru +405 other locations
222,Cogent E Services,3.1,(3.7k),BPO,Noida +57 other locations
223,Godrej & Boyce Manufacturing,3.9,(3.7k),Consumer Electronics & Appliances,Mumbai +170 other locations
224,Abbott,4.1,(3.6k),Pharma,Mumbai +214 other locations
225,Blinkit,3.8,(3.6k),Internet,Gurugram +157 other locations
226,Ipca Laboratories,3.8,(3.6k),Pharma,Mumbai +163 other locations
227,Samvardhana Motherson Group,3.7,(3.6k),Auto Components,Noida +94 other locations
228,Aarti Industries,4.1,(3.6k),Agro Chemicals,Bharuch +59 other locations
229,UNO Minda,4.0,(3.6k),Auto Components,Pune +111 other locations
230,Reliance Projects & Property Management Services,4.0,(3.6k),Other,Kolkata +625 other locations
231,Reliance Digital,4.1,(3.6k),Retail,Mumbai +384 other locations
232,ArcelorMittal Nippon Steel India,4.1,(3.6k),Iron & Steel,Surat +88 other locations
233,IGT Solutions,3.2,(3.6k),BPO,New Delhi +48 other locations
234,MRF Tyres,3.6,(3.6k),Auto Components,Chennai +194 other locations
235,Indian Oil Corporation,4.3,(3.5k),Oil & Gas,New Delhi +312 other locations
236,Johnson Controls,3.5,(3.5k),Industrial Automation,Pune +58 other locations
237,"NTT DATA, Inc.",3.9,(3.5k),IT Services & Consulting,Bengaluru +38 other locations
238,Alkem Laboratories,3.9,(3.5k),Pharma,Mumbai +200 other locations
239,[24]7.ai,3.4,(3.5k),Software Product,Bengaluru +36 other locations
240,Honda Motorcycle & Scooter,4.1,(3.5k),Automobile,Gurugram +301 other locations
241,Vishal Mega Mart,3.7,(3.5k),Retail,New Delhi +379 other locations
242,Hindustan Coca Cola Beverages,4.0,(3.5k),Beverage,Bengaluru +263 other locations
243,UBS,3.8,(3.4k),Financial Services,Pune +19 other locations
244,Barclays,3.7,(3.4k),Banking,Pune +38 other locations
245,Bajaj General Insurance Limited,3.7,(3.4k),Insurance,Pune +306 other locations
246,DTDC Express,3.7,(3.4k),Logistics,New Delhi +273 other locations
247,IndusInd Nippon Life Insurance,3.4,(3.4k),Mumbai +493 other locations,N/A
248,ABB,4.0,(3.4k),Industrial Machinery,Bengaluru +108 other locations
249,Ceat Tyres,3.9,(3.4k),Auto Components,Nagpur +141 other locations
250,RSPL Group,4.1,(3.4k),FMCG,Kanpur +258 other locations
251,TVS Credit Services Ltd,4.2,(3.4k),NBFC,Chennai +444 other locations
252,Ford Motor,4.2,(3.4k),Automobile,Chennai +130 other locations
253,NatWest Group,3.9,(3.4k),Banking,Gurugram +29 other locations
254,AGS Health,4.0,(3.4k),Analytics & KPO,Chennai +64 other locations
255,HARMAN,3.8,(3.3k),Consumer Electronics & Appliances,Bengaluru +42 other locations
256,Alstom Transportation,3.7,(3.3k),Engineering & Construction,Bengaluru +80 other locations
257,Croma,3.8,(3.3k),Retail,Mumbai +191 other locations
258,Conduent,3.4,(3.3k),BPO,Bengaluru +36 other locations
259,InterGlobe Aviation,3.4,(3.3k),Aviation,New Delhi +104 other locations
260,Niva Bupa Health Insurance Company,4.0,(3.3k),Insurance,New Delhi +323 other locations
261,Indian Air Force,4.6,(3.3k),Defence & Aerospace,New Delhi +134 other locations
262,Tata Technologies,3.4,(3.3k),Automobile,Pune +57 other locations
263,Tata AIG,4.0,(3.3k),Insurance,Mumbai +262 other locations
264,Canara HSBC Life Insurance,4.1,(3.3k),Insurance,Gurugram +366 other locations
265,GeBBS Healthcare Solutions,3.8,(3.3k),BPO,Mumbai +26 other locations
266,UPL,4.1,(3.2k),Agro Chemicals,Ankleshwar +184 other locations
267,Sagility,3.9,(3.2k),BPO,Bengaluru +28 other locations
268,Tata AutoComp Systems,3.7,(3.2k),Auto Components,Pune +78 other locations
269,Allcargo Logistics,3.8,(3.2k),Logistics,Mumbai +175 other locations
270,PepsiCo,4.0,(3.2k),Food Processing,Hyderabad +280 other locations
271,Max Healthcare,4.0,(3.2k),Healthcare,New Delhi +78 other locations
272,Jindal Stainless,4.2,(3.2k),Iron & Steel,Jajpur +77 other locations
273,Mankind Pharma,3.8,(3.2k),Pharma,New Delhi +247 other locations
274,Titan Company,4.2,(3.2k),Retail,Bengaluru +185 other locations
275,Amazon Transportation Services,4.2,(3.2k),Logistics,Hyderabad +223 other locations
276,Dilip Buildcon,3.9,(3.2k),Engineering & Construction,Bhopal +230 other locations
277,Walmart,3.5,(3.1k),Retail,Bengaluru +91 other locations
278,Varroc Group,3.6,(3.1k),Auto Components,Pune +62 other locations
279,Societe Generale Global Solution Centre,3.6,(3.1k),IT Services & Consulting,Bengaluru +23 other locations
280,S&P Global,4.0,(3.1k),Analytics & KPO,Hyderabad +48 other locations
281,Marpu Foundation,4.9,(3.1k),Non-Profit,Hyderabad +61 other locations
282,MSN Laboratories,3.6,(3.1k),Pharma,Hyderabad +106 other locations
283,Quest Global,3.5,(3.1k),IT Services & Consulting,Bengaluru +49 other locations
284,Afcons Infrastructure,4.2,(3.1k),Engineering & Construction,Mumbai +124 other locations
285,Ola Electric Mobility,3.3,(3.1k),Automobile,Bengaluru +441 other locations
286,Torrent Pharmaceuticals,4.0,(3.1k),Pharma,Ahmedabad +131 other locations
287,ESAF Small Finance Bank,3.6,(3.1k),Banking,Thrissur +458 other locations
288,IDFC FIRST Bharat,4.2,(3.1k),Financial Services,Chennai +443 other locations
289,HDFC Sales,3.9,(3k),Financial Services,Mumbai +351 other locations
290,Future Group,4.2,(3k),Retail,Mumbai +207 other locations
291,Square Yards,3.5,(3k),Internet,Gurugram +51 other locations
292,Tata Elxsi,3.4,(3k),IT Services & Consulting,Bengaluru +31 other locations
293,DS Group,4.1,(3k),FMCG,Noida +287 other locations
294,Zensar Technologies,3.7,(3k),IT Services & Consulting,Pune +29 other locations
295,Bharat Financial Inclusion,3.7,(3k),Financial Services,Hyderabad +509 other locations
296,CMS IT Services,3.1,(3k),IT Services & Consulting,Mumbai +153 other locations
297,Suzlon Group,4.0,(3k),Power,Pune +145 other locations
298,I Process Services,3.8,(3k),Recruitment,Mumbai +405 other locations
299,Tata Electronics,3.9,(3k),Semiconductors,Hosur +59 other locations
300,Indus Towers,3.6,(3k),Telecom,Gurugram +242 other locations
301,ACC,3.9,(3k),Building Material,Mumbai +275 other locations
302,Fujitsu,3.8,(3k),IT Services & Consulting,Pune +41 other locations
303,VVDN Technologies,3.6,(3k),IT Services & Consulting,Gurugram +51 other locations
304,Eternal Limited,3.6,(3k),Internet,Gurugram +219 other locations
305,Zepto,3.6,(2.9k),Internet,Bengaluru +107 other locations
306,IKS Health,3.6,(2.9k),BPO,Mumbai +31 other locations
307,Nokia,4.0,(2.9k),Telecom,Bengaluru +165 other locations
308,Shoppers Stop,4.0,(2.9k),Retail,Mumbai +85 other locations
309,Yazaki,3.9,(2.9k),Auto Components,Pune +94 other locations
310,Apollo Tyres,4.0,(2.9k),Auto Components,Chennai +179 other locations
311,Shree Cement,3.8,(2.9k),Building Material,Beawar +261 other locations
312,Fiserv,2.8,(2.9k),FinTech,Pune +33 other locations
313,Britannia,4.0,(2.8k),FMCG,Pune +306 other locations
314,Landmark Group,3.8,(2.8k),Retail,Bengaluru +175 other locations
315,Dalmia Bharat Cement,3.9,(2.8k),Building Material,Guwahati +256 other locations
316,SRF,4.1,(2.8k),Chemicals,Bharuch +67 other locations
317,UnitedHealth,4.0,(2.8k),Healthcare,Hyderabad +18 other locations
318,Kansai Nerolac Paints,3.8,(2.8k),Chemicals,Mumbai +261 other locations
319,Blue Dart Express Ltd,3.9,(2.8k),Logistics,Mumbai +279 other locations
320,Nestlé,3.7,(2.8k),FMCG,Gurugram +282 other locations
321,Exl India,3.5,(2.8k),Logistics,New Delhi +45 other locations
322,ZS,3.1,(2.8k),Management Consulting,Pune +17 other locations
323,Shell,3.9,(2.8k),Oil & Gas,Bengaluru +91 other locations
324,Exide Industries,3.4,(2.8k),Auto Components,Kolkata +198 other locations
325,Star Health & Allied Insurance,3.5,(2.7k),Insurance,Chennai +336 other locations
326,Physicswallah,3.6,(2.7k),EdTech,Noida +139 other locations
327,KPMG Global Services,3.4,(2.7k),Management Consulting,Bengaluru +38 other locations
328,Flex,3.9,(2.7k),Electronics Manufacturing,Chennai +46 other locations
329,Foxconn,3.8,(2.7k),Electronics Manufacturing,Chennai +64 other locations
330,TVS Supply Chain Solutions,3.8,(2.7k),Logistics,Chennai +155 other locations
331,Micro Labs,3.6,(2.7k),Pharma,Bengaluru +155 other locations
332,ElasticRun,3.6,(2.7k),Logistics,Pune +390 other locations
333,KFintech,3.4,(2.7k),Financial Services,Hyderabad +113 other locations
334,Whitehat jr,3.3,(2.7k),EdTech,Mumbai +48 other locations
335,Capita,3.5,(2.7k),BPO,Pune +32 other locations
336,G4S,4.0,(2.7k),Law Enforcement & Security,Gurugram +165 other locations
337,Ajanta Pharma,3.9,(2.7k),Pharma,Mumbai +118 other locations
338,Blue Star,4.0,(2.7k),Consumer Electronics & Appliances,Mumbai +148 other locations
339,Voltas,4.0,(2.6k),Consumer Electronics & Appliances,Mumbai +203 other locations
340,Care Health Insurance,3.5,(2.6k),Insurance,Gurugram +251 other locations
341,Movate,3.1,(2.6k),IT Services & Consulting,Chennai +38 other locations
342,Gallagher,3.6,(2.6k),Insurance,Bengaluru +29 other locations
343,Sonalika Tractors,3.5,(2.6k),Automobile,Hoshiarpur +195 other locations
344,Photon Interactive,4.1,(2.6k),IT Services & Consulting,Chennai +19 other locations
345,BlackBuck,3.7,(2.6k),Internet,Bengaluru +362 other locations
346,Tata Advanced Systems,3.7,(2.6k),Defence & Aerospace,Bengaluru +58 other locations
347,NoBroker,3.0,(2.6k),Internet,Bengaluru +46 other locations
348,DBS Bank,3.7,(2.6k),Banking,Hyderabad +179 other locations
349,Adani Power,3.7,(2.6k),Power,Mundra +129 other locations
350,ACT Fibernet,3.8,(2.6k),Telecom,Hyderabad +57 other locations
351,Domino's Pizza,3.9,(2.6k),Hospitality,New Delhi +252 other locations
352,Foundever,3.4,(2.6k),BPO,Hyderabad +21 other locations
353,Fortis Healthcare,4.0,(2.6k),Healthcare,New Delhi +69 other locations
354,IntouchCX,2.7,(2.6k),BPO,Hyderabad +22 other locations
355,Himalaya Wellness,3.9,(2.6k),Pharma,Bengaluru +243 other locations
356,BT Group,3.8,(2.6k),Telecom,Gurugram +26 other locations
357,Laurus Labs,4.3,(2.6k),Pharma,Visakhapatnam +34 other locations
358,Sahrudaya Healthcare (Medicover Hospitals),4.4,(2.6k),Healthcare,Hyderabad +46 other locations
359,V-Mart,4.0,(2.5k),Retail,Gurugram +286 other locations
360,JCB,3.8,(2.5k),Industrial Machinery,Pune +111 other locations
361,Alldigi Tech,3.9,(2.5k),BPO,Chennai +36 other locations
362,Sterlite Technologies,3.8,(2.5k),Hardware & Networking,Chhatrapati Sambhajinagar +100 other locations
363,Northern Trust Operating Services,3.6,(2.5k),Financial Services,Bengaluru +27 other locations
364,Bajaj Electricals,3.9,(2.5k),Consumer Electronics & Appliances,Mumbai +233 other locations
365,Sammaan Capital Limited,3.7,(2.5k),NBFC,Gurugram +199 other locations
366,Tractors and Farm Equipment,3.9,(2.5k),Industrial Machinery,Chennai +191 other locations
367,Parle Agro,3.9,(2.5k),Beverage,Mumbai +259 other locations
368,Adani Group,3.8,(2.5k),Power,Ahmedabad +200 other locations
369,Planet Spark,3.8,(2.5k),EdTech,Gurugram +59 other locations
370,ICICI Securities,3.9,(2.5k),Financial Services,Mumbai +151 other locations
371,CorroHealth Infotech,3.6,(2.5k),Analytics & KPO,Hyderabad +38 other locations
372,Emcure Pharmaceuticals,3.6,(2.5k),Pharma,Pune +119 other locations
373,Biocon Limited,4.0,(2.5k),Biotechnology,Bengaluru +65 other locations
374,McDonald's,3.9,(2.4k),Hospitality,New Delhi +151 other locations
375,Hero FinCorp,3.9,(2.4k),NBFC,New Delhi +395 other locations
376,Intellect Design Arena,3.5,(2.4k),Software Product,Chennai +40 other locations
377,Paras Hospital,4.1,(2.4k),Healthcare,Patna +60 other locations
378,TaskUs,3.0,(2.4k),BPO,Indore +37 other locations
379,Datamatics Global Services,3.4,(2.4k),IT Services & Consulting,Mumbai +37 other locations
380,Mahindra Holidays & Resorts,3.5,(2.4k),Hospitality,Mumbai +113 other locations
381,Mahindra Rural Housing Finance,4.0,(2.4k),NBFC,Mumbai +470 other locations
382,Patanjali Ayurved,3.9,(2.4k),FMCG,Haridwar +297 other locations
383,Statestreet HCL Services,3.4,(2.4k),BPO,Chennai +18 other locations
384,Cadila Pharmaceuticals,3.2,(2.4k),Pharma,Ahmedabad +135 other locations
385,Syngene International,3.8,(2.4k),Clinical Research,Bengaluru +22 other locations
386,Aditya Birla Group,4.1,(2.4k),Metals & Mining,Mumbai +272 other locations
387,GAO Tek,4.4,(2.4k),Electrical Equipment,New York +44 other locations
388,Taj Hotels Resorts and Palaces,4.2,(2.4k),Hospitality,Mumbai +112 other locations
389,3i Infotech,3.4,(2.4k),IT Services & Consulting,Mumbai +131 other locations
390,Cholamandalam MS General Insurance,3.7,(2.4k),Insurance,Chennai +394 other locations
391,Bureau Veritas,3.8,(2.4k),Other,Mumbai +150 other locations
392,Axis Direct,3.7,(2.4k),Financial Services,Mumbai +270 other locations
393,Info Edge,3.9,(2.4k),Internet,Noida +70 other locations
394,Capgemini Engineering,3.3,(2.4k),IT Services & Consulting,Bengaluru +28 other locations
395,Delhi Public School,3.7,(2.4k),Education & Training,New Delhi +277 other locations
396,RMSI,3.5,(2.4k),IT Services & Consulting,Hyderabad +25 other locations
397,Newgen Software Technologies,4.1,(2.4k),IT Services & Consulting,Noida +32 other locations
398,Aavas Financiers,3.9,(2.4k),NBFC,Jaipur +295 other locations
399,Cybage,3.7,(2.3k),IT Services & Consulting,Pune +15 other locations
400,KocharTech,3.6,(2.3k),IT Services & Consulting,Kolkata +25 other locations
401,Xoriant,4.0,(2.3k),IT Services & Consulting,Pune +23 other locations
402,Straive,3.3,(2.3k),IT Services & Consulting,Chennai +32 other locations
403,Sopra Steria,3.9,(2.3k),IT Services & Consulting,Noida +19 other locations
404,Lodha,4.2,(2.3k),Real Estate,Mumbai +29 other locations
405,Kia India,3.9,(2.3k),Automobile,Anantapur +190 other locations
406,Apollo Pharmacy,3.7,(2.3k),Pharma,Hyderabad +289 other locations
407,Akums Drugs & Pharmaceuticals Limited,4.2,(2.3k),Pharma,Haridwar +40 other locations
408,GVK Emergency Management and Research Institute,3.6,(2.3k),Non-Profit,Lucknow +216 other locations
409,Sobha,3.8,(2.3k),Real Estate,Bengaluru +39 other locations
410,TCE,3.8,(2.3k),Engineering & Construction,Mumbai +133 other locations
411,Eureka Forbes,3.6,(2.3k),Consumer Electronics & Appliances,Mumbai +185 other locations
412,Lifestyle,4.2,(2.3k),Retail,Bengaluru +129 other locations
413,SBI Securities,3.6,(2.3k),Financial Services,Mumbai +321 other locations
414,Bharat Petroleum,4.2,(2.3k),Oil & Gas,Mumbai +263 other locations
415,Endurance Technologies Limited,4.0,(2.3k),Auto Components,Chhatrapati Sambhajinagar +51 other locations
416,Myntra,3.8,(2.3k),Internet,Bengaluru +101 other locations
417,Team Computers,3.6,(2.3k),IT Services & Consulting,New Delhi +107 other locations
418,Panasonic Life Solutions India,3.9,(2.3k),Consumer Electronics & Appliances,Mumbai +168 other locations
419,Radisson Hotels,4.0,(2.3k),Hospitality,New Delhi +131 other locations
420,Unacademy,2.9,(2.3k),EdTech,Bengaluru +73 other locations
421,Daikin Airconditioning India Pvt. Ltd.,4.2,(2.3k),Consumer Electronics & Appliances,Neemrana +108 other locations
422,Star Union Dai-ichi Life Insurance,3.8,(2.3k),Insurance,Mumbai +327 other locations
423,BNP Paribas,3.7,(2.2k),Banking,Mumbai +27 other locations
424,AWL Agri Business,4.0,(2.2k),FMCG,Ahmedabad +204 other locations
425,Bharti AXA Life Insurance,3.6,(2.2k),Insurance,Mumbai +244 other locations
426,SBI General Insurance,3.5,(2.2k),Insurance,Mumbai +294 other locations
427,Cisco,4.1,(2.2k),Hardware & Networking,Bengaluru +46 other locations
428,Henry Harvin Education,4.0,(2.2k),EdTech,Noida +34 other locations
429,Renault Nissan Technology & Business Centre India,3.7,(2.2k),Automobile,Chennai +21 other locations
430,Lava International,3.9,(2.2k),Consumer Electronics & Appliances,Noida +223 other locations
431,Sify Technologies,3.6,(2.2k),IT Services & Consulting,Chennai +135 other locations
432,Whirlpool,4.0,(2.2k),Consumer Electronics & Appliances,Pune +171 other locations
433,Allstate,3.7,(2.2k),Insurance,Pune +17 other locations
434,Coromandel International,4.1,(2.2k),Agro Chemicals,Visakhapatnam +186 other locations
435,ValueLabs,3.5,(2.2k),IT Services & Consulting,Hyderabad +20 other locations
436,GlaxoSmithKline Pharmaceuticals,4.1,(2.2k),Pharma,Bengaluru +215 other locations
437,Indian Railways,4.2,(2.2k),Railways,Kolkata +250 other locations
438,Ambuja Cements,3.8,(2.2k),Building Material,Mumbai +261 other locations
439,Shahi Exports,3.9,(2.2k),Fashion & Textile,Bengaluru +71 other locations
440,Meesho,3.7,(2.2k),Internet,Bengaluru +132 other locations
441,Bank of Baroda,3.5,(2.2k),Banking,Mumbai +301 other locations
442,Mercedes-Benz Research and Development India,3.6,(2.2k),IT Services & Consulting,Bengaluru +52 other locations
443,Nokia Networks,4.1,(2.2k),Hardware & Networking,Bengaluru +86 other locations
444,Poonawalla Fincorp,3.5,(2.2k),NBFC,Pune +266 other locations
445,Spark Minda,3.8,(2.2k),Auto Components,Pune +76 other locations
446,Generali Central Life Insurance,3.5,(2.1k),Insurance,Mumbai +207 other locations
447,Life Insurance Corporation of India,4.4,(2.1k),Insurance,New Delhi +478 other locations
448,Brakes India,3.9,(2.1k),Auto Components,Chennai +100 other locations
449,upGrad,3.3,(2.1k),EdTech,Bengaluru +51 other locations
450,JK Tyre,3.8,(2.1k),Auto Components,Chennai +148 other locations
451,Microsoft Corporation,3.8,(2.1k),Software Product,Bengaluru +46 other locations
452,Cargill,3.9,(2.1k),Food Processing,Bengaluru +122 other locations
453,Saint-Gobain,3.8,(2.1k),Building Material,Mumbai +104 other locations
454,Manipal Hospitals,4.0,(2.1k),Healthcare,Bengaluru +66 other locations
455,FirstCry,3.5,(2.1k),Retail,Pune +213 other locations
456,Jio Platforms,3.4,(2.1k),IT Services & Consulting,Mumbai +105 other locations
457,CAMS,3.6,(2.1k),Financial Services,Chennai +109 other locations
458,Nuvoco Vistas,4.1,(2.1k),Building Material,Kolkata +202 other locations
459,Power Mech Projects,3.8,(2.1k),Engineering & Construction,Hyderabad +151 other locations
460,BHEL,4.2,(2.1k),Electrical Equipment,Bengaluru +134 other locations
461,Kotak Securities,3.5,(2.1k),Financial Services,Mumbai +142 other locations
462,NTT DATA Business Solutions,4.1,(2.1k),IT Services & Consulting,Bengaluru +32 other locations
463,Force Motors,3.7,(2.1k),Automobile,Pune +106 other locations
464,Pfizer,3.9,(2.1k),Pharma,Visakhapatnam +133 other locations
465,Infinite Computer Solutions,3.2,(2.1k),IT Services & Consulting,Bengaluru +36 other locations
466,CitiusTech,3.1,(2.1k),IT Services & Consulting,Mumbai +17 other locations
467,Huawei Technologies,4.1,(2.1k),Telecom,Bengaluru +104 other locations
468,"Maruti Suzuki India Limited, Hansalpur",4.2,(2.1k),Automobile,Ahmedabad +108 other locations
469,Simplex Infrastructures,3.4,(2.1k),Engineering & Construction,Kolkata +137 other locations
470,IndusInd General Insurance,3.6,(2.1k),Insurance,Mumbai +197 other locations
471,ITC Hotels,4.1,(2.1k),Hospitality,Bengaluru +94 other locations
472,Reliance Trends,4.1,(2.1k),Retail,Bengaluru +396 other locations
473,Biological E,4.2,(2.1k),Pharma,Hyderabad +74 other locations
474,Raymond Lifestyle Limited,4.1,(2.1k),Fashion & Textile,Mumbai +150 other locations
475,Morgan Stanley,3.6,(2.1k),Financial Services,Mumbai +19 other locations
476,Ola Cabs,3.3,(2.1k),Internet,Bengaluru +112 other locations
477,Delphi TVS,3.8,(2.1k),Auto Components,Chennai +61 other locations
478,SGS,3.7,(2.1k),Engineering & Construction,Mumbai +148 other locations
479,EPAM Systems,3.7,(2.1k),IT Services & Consulting,Hyderabad +36 other locations
480,Renault-Nissan,4.1,(2k),Automobile,Chennai +85 other locations
481,Extramarks Education,3.3,(2k),EdTech,Noida +112 other locations
482,K12 Techno Services,3.7,(2k),EdTech,Bengaluru +43 other locations
483,YASH Technologies,3.6,(2k),IT Services & Consulting,Hyderabad +32 other locations
484,Aditya Birla Health Insurance Co,3.7,(2k),Insurance,Mumbai +255 other locations
485,Narayana Health,4.0,(2k),Healthcare,Bengaluru +64 other locations
486,Novartis,4.1,(2k),Pharma,Hyderabad +75 other locations
487,Senco Gold,4.4,(2k),Jewellery,Kolkata +83 other locations
488,IDBI Bank,3.3,(2k),Banking,Mumbai +337 other locations
489,Shadowfax Technologies,3.5,(2k),Logistics,Bengaluru +247 other locations
490,Trent,3.9,(2k),Retail,Mumbai +150 other locations
491,HSBC Electronic Data Processing,4.0,(2k),IT Services & Consulting,Bengaluru +19 other locations
492,SAP,4.1,(2k),Software Product,Bengaluru +53 other locations
493,AECOM,4.2,(2k),Engineering & Construction,Gurugram +123 other locations
494,Honeywell Automation,3.8,(2k),Industrial Automation,Pune +78 other locations
495,Haier Appliances India,4.0,(2k),Consumer Electronics & Appliances,Pune +164 other locations
496,Ninjacart,3.8,(2k),Internet,Bengaluru +114 other locations
497,Schindler,3.9,(2k),Industrial Machinery,Pune +90 other locations
498,R.R. Donnelley,3.6,(2k),Marketing & Advertising,Chennai +26 other locations
499,L&T Energy Hydrocarbon,3.8,(2k),Engineering & Construction,Vadodara +88 other locations
500,State Street Syntel,3.7,(2k),Financial Services,Pune +21 other locations
501,Motherson Automotive Technologies and Engineering,3.7,(2k),Auto Components,Chennai +66 other locations
502,Paisabazaar.com,3.4,(2k),Internet,Gurugram +35 other locations
503,NCR Voyix,3.4,(2k),IT Services & Consulting,Hyderabad +89 other locations
504,V-Guard,4.3,(1.9k),Consumer Electronics & Appliances,Kochi +170 other locations
505,Globiva,3.0,(1.9k),BPO,Gurugram +30 other locations
506,Uflex,3.8,(1.9k),Packaging,Noida +47 other locations
507,Dr Lal PathLabs,4.2,(1.9k),Healthcare,New Delhi +201 other locations
508,CMS Infosystems,3.5,(1.9k),Software Product,Mumbai +223 other locations
509,Spinny,3.6,(1.9k),Internet,Gurugram +62 other locations
510,Crisil,3.5,(1.9k),Analytics & KPO,Mumbai +81 other locations
511,Provana,4.0,(1.9k),BPO,Noida +11 other locations
512,CNH (Case New Holland),3.7,(1.9k),Industrial Machinery,Gurugram +139 other locations
513,Microland,3.5,(1.9k),IT Services & Consulting,Bengaluru +46 other locations
514,Philips,3.8,(1.9k),Medical Equipment,Bengaluru +97 other locations
515,Adecco Group,3.8,(1.9k),Recruitment,Bengaluru +184 other locations
516,Gabriel India Limited,4.1,(1.9k),Auto Components,Pune +52 other locations
517,Aye Finance,4.1,(1.9k),NBFC,Gurugram +377 other locations
518,Aadhar Housing Finance,4.0,(1.9k),NBFC,Mumbai +330 other locations
519,Parle Products,3.9,(1.9k),FMCG,Mumbai +248 other locations
520,HTC Global Services,3.4,(1.9k),IT Services & Consulting,Chennai +32 other locations
521,Angel One,3.5,(1.9k),FinTech,Mumbai +133 other locations
522,DHL Supply Chain,4.2,(1.9k),Logistics,Mumbai +100 other locations
523,TELUS Digital,3.5,(1.9k),IT Services & Consulting,Noida +27 other locations
524,Tata Power,3.9,(1.9k),Power,Mumbai +155 other locations
525,G R Infraprojects,4.1,(1.9k),Engineering & Construction,Gurugram +160 other locations
526,Thomson Reuters,3.7,(1.9k),Software Product,Bengaluru +27 other locations
527,Google,4.4,(1.9k),Software Product,Bengaluru +86 other locations
528,Iris Software,3.8,(1.9k),IT Services & Consulting,Noida +23 other locations
529,Trident Group,3.2,(1.9k),Fashion & Textile,Barnala +58 other locations
530,ICICI Home Finance,3.7,(1.9k),Financial Services,Mumbai +221 other locations
531,Lucas-TVS,3.9,(1.9k),Auto Components,Chennai +78 other locations
532,NTPC,4.2,(1.9k),Power,New Delhi +124 other locations
533,Verizon,3.5,(1.9k),Telecom,Hyderabad +12 other locations
534,CSB Bank,3.2,(1.9k),Banking,Mumbai +236 other locations
535,Infinx,3.7,(1.9k),Software Product,Hyderabad +35 other locations
536,Safexpress,3.9,(1.9k),Logistics,New Delhi +158 other locations
537,Tekwissen,4.9,(1.9k),IT Services & Consulting,Visakhapatnam +5 other locations
538,PI Industries,3.8,(1.9k),Agro Chemicals,Vadodara +108 other locations
539,NeoSOFT,3.3,(1.9k),IT Services & Consulting,Mumbai +25 other locations
540,Torrent Power,3.8,(1.9k),Power,Ahmedabad +61 other locations
541,Hindustan Aeronautics,4.3,(1.9k),Defence & Aerospace,Bengaluru +64 other locations
542,Godrej Properties,3.6,(1.9k),Real Estate,Mumbai +34 other locations
543,Polycab Wires,4.0,(1.9k),Electrical Equipment,Vadodara +167 other locations
544,Tata Tele Business Services,3.5,(1.9k),Telecom,Mumbai +136 other locations
545,Jindal Saw,4.0,(1.9k),Iron & Steel,Mundra +77 other locations
546,TVS Sundram Fasteners,3.6,(1.9k),Auto Components,Chennai +64 other locations
547,Medi Assist India,3.5,(1.9k),Insurance,Bengaluru +67 other locations
548,Aragen Life Sciences,3.9,(1.9k),Clinical Research,Hyderabad +29 other locations
549,AXA Global Business Services,3.7,(1.8k),IT Services & Consulting,Pune +12 other locations
550,KENT RO Systems,3.7,(1.8k),Consumer Electronics & Appliances,Noida +152 other locations
551,First American (India),3.5,(1.8k),Insurance,Bengaluru +22 other locations
552,Infra.Market,3.9,(1.8k),Building Material,Mumbai +134 other locations
553,Fusion CX,3.2,(1.8k),BPO,Kolkata +58 other locations
554,Capri Global Capital,3.6,(1.8k),NBFC,New Delhi +338 other locations
555,AkzoNobel,4.1,(1.8k),Chemicals,Pune +160 other locations
556,Honda Cars,4.3,(1.8k),Automobile,Bhiwadi +114 other locations
557,Digit Insurance,3.6,(1.8k),Insurance,Bengaluru +90 other locations
558,Haldiram Foods International Limited,3.8,(1.8k),FMCG,Nagpur +169 other locations
559,DIVI'S Laboratories,3.6,(1.8k),Pharma,Visakhapatnam +38 other locations
560,Sterling & Wilson,4.1,(1.8k),Engineering & Construction,Mumbai +132 other locations
561,Hindustan Petroleum,4.2,(1.8k),Oil & Gas,Mumbai +259 other locations
562,Innovsource Services,3.9,(1.8k),Recruitment,Mumbai +253 other locations
563,Orchids International School,3.9,(1.8k),Education & Training,Bengaluru +35 other locations
564,Cafe Coffee Day,3.7,(1.8k),Hospitality,Bengaluru +104 other locations
565,MetLife,4.0,(1.8k),Insurance,Noida +44 other locations
566,Adani Green Energy,3.9,(1.8k),Power,Ahmedabad +116 other locations
567,SS&C TECHNOLOGIES,3.2,(1.8k),IT Services & Consulting,Mumbai +30 other locations
568,Stellar Migration,1.3,(1.8k),Other,Dubai +7 other locations
569,Isgec Heavy Engineering,3.8,(1.8k),Engineering & Construction,Noida +94 other locations
570,Air India,3.4,(1.8k),Aviation,New Delhi +67 other locations
571,Rungta Mines,4.0,(1.8k),Metals & Mining,Chaibasa +58 other locations
572,Reckitt Benckiser,4.0,(1.8k),FMCG,Gurugram +137 other locations
573,USV,4.0,(1.8k),Pharma,Mumbai +107 other locations
574,Tata Communications Transformation Services,3.8,(1.8k),Telecom,Pune +95 other locations
575,USHA International,4.0,(1.8k),Consumer Electronics & Appliances,Gurugram +149 other locations
576,LivSpace,3.3,(1.8k),Architecture & Interior Design,Bengaluru +53 other locations
577,XBP Global,3.2,(1.8k),Internet,Chennai +23 other locations
578,Kalyan Jewellers,4.4,(1.8k),Jewellery,Thrissur +159 other locations
579,Pine Labs,3.2,(1.7k),FinTech,Noida +122 other locations
580,HDFC Securities,3.4,(1.7k),Financial Services,Mumbai +185 other locations
581,BT Business,3.9,(1.7k),Telecom,Gurugram +13 other locations
582,Annapurna Finance,3.8,(1.7k),NBFC,Bhubaneswar +405 other locations
583,Security and Intelligence Services (India),4.0,(1.7k),Law Enforcement & Security,New Delhi +194 other locations
584,Vedantu,3.2,(1.7k),EdTech,Bengaluru +73 other locations
585,Granules India Limited,3.8,(1.7k),Pharma,Hyderabad +23 other locations
586,BVG India,4.2,(1.7k),Facility Management Services,Pune +139 other locations
587,Bata,3.5,(1.7k),Fashion & Textile,Gurugram +150 other locations
588,Future Retail,4.4,(1.7k),Retail,Mumbai +197 other locations
589,Dhani Loans and Services,3.9,(1.7k),NBFC,Gurugram +185 other locations
590,Orange Business,4.1,(1.7k),IT Services & Consulting,Gurugram +52 other locations
591,Hitachi Astemo,4.1,(1.7k),Auto Components,Neemrana +53 other locations
592,Mother Dairy Fruit & Vegetable,4.0,(1.7k),Food Processing,New Delhi +129 other locations
593,Cushman & Wakefield,4.1,(1.7k),Real Estate,Gurugram +44 other locations
594,TTEC India,3.7,(1.7k),BPO,Ahmedabad +34 other locations
595,Metro Cash & Carry,4.0,(1.7k),Retail,Bengaluru +89 other locations
596,IIFL SAMASTA,3.7,(1.7k),NBFC,Bengaluru +410 other locations
597,HighRadius,2.5,(1.7k),Software Product,Hyderabad +15 other locations
598,Caterpillar Inc,4.1,(1.7k),Industrial Machinery,Chennai +43 other locations
599,FactSet,3.7,(1.7k),Analytics & KPO,Hyderabad +16 other locations
600,Medanta the Medicity,4.0,(1.7k),Healthcare,Gurugram +50 other locations
601,Indian Navy,4.6,(1.7k),Defence & Aerospace,Mumbai +75 other locations
602,NEC,4.0,(1.7k),IT Services & Consulting,Noida +54 other locations
603,Sysnet Global Technologies,3.7,(1.7k),IT Services & Consulting,New Delhi +154 other locations
604,Health Care Global Enterprises,4.4,(1.7k),Healthcare,Bengaluru +53 other locations
605,NielsenIQ,3.5,(1.7k),Analytics & KPO,Chennai +55 other locations
606,Cavinkare,3.9,(1.7k),FMCG,Chennai +172 other locations
607,Frankfinn Institute of Air Hostess Training,3.9,(1.7k),Education & Training,Gurugram +61 other locations
608,KONE,4.1,(1.7k),Industrial Machinery,Chennai +76 other locations
609,Yamaha Motor,4.1,(1.7k),Automobile,Chennai +155 other locations
610,L.G.Balakrishnan & Bros,3.5,(1.7k),Auto Components,Coimbatore +63 other locations
611,MagicBricks,3.9,(1.7k),Internet,Noida +35 other locations
612,Tata 1mg,3.6,(1.7k),Internet,Gurugram +64 other locations
613,Rane (Madras),3.9,(1.7k),Auto Components,Chennai +58 other locations
614,Compass Group Support Services,4.0,(1.7k),Facility Management Services,Bengaluru +78 other locations
615,Clover Infotech,3.4,(1.7k),IT Services & Consulting,Mumbai +23 other locations
616,Patanjali Foods,3.7,(1.7k),FMCG,Haridwar +240 other locations
617,BA Continuum,3.9,(1.7k),IT Services & Consulting,Hyderabad +17 other locations
618,DHL Express,4.1,(1.7k),Logistics,Mumbai +90 other locations
619,JSW Bhushan Power & Steel,4.0,(1.6k),Iron & Steel,Jharsuguda +64 other locations
620,ReNew,4.2,(1.6k),Power,Gurugram +105 other locations
621,CG Power and Industrial Solutions,3.8,(1.6k),Electrical Equipment,Bhopal +91 other locations
622,Procter & Gamble,4.0,(1.6k),FMCG,Mumbai +255 other locations
623,Vardhman Fabrics,4.0,(1.6k),Fashion & Textile,Baddi +65 other locations
624,Suryoday Small Finance Bank,3.9,(1.6k),Banking,Mumbai +233 other locations
625,Belrise Industries,3.7,(1.6k),Auto Components,Pune +56 other locations
626,Shriram Life Insurance,3.5,(1.6k),Insurance,Hyderabad +334 other locations
627,Johnson & Johnson,3.9,(1.6k),Healthcare,Mumbai +169 other locations
628,Matrimony.com,3.9,(1.6k),Internet,Chennai +63 other locations
629,Arvind Group,4.0,(1.6k),Fashion & Textile,Ahmedabad +91 other locations
630,Coronis Ajuba Solutions,3.9,(1.6k),BPO,Chennai +31 other locations
631,Toyota Kirloskar Motor,4.3,(1.6k),Automobile,Bengaluru +92 other locations
632,Wipro Enterprises Ltd,3.8,(1.6k),FMCG,Bengaluru +121 other locations
633,Chegg,4.1,(1.6k),EdTech,New Delhi +78 other locations
634,CMA CGM,4.0,(1.6k),Ports & Shipping,Chennai +37 other locations
635,Goldman Sachs,3.4,(1.6k),Financial Services,Bengaluru +22 other locations
636,Krishna Maruti,3.8,(1.6k),Auto Components,Gurugram +53 other locations
637,HERE Technologies,3.7,(1.6k),IT Services & Consulting,Mumbai +19 other locations
638,Hero Motors Company,3.9,(1.6k),Automobile,Ghaziabad +228 other locations
639,Veritas Finance,4.3,(1.6k),NBFC,Chennai +299 other locations
640,Dixon Technologies,3.9,(1.6k),Electronics Manufacturing,Noida +46 other locations
641,Tata Play,4.0,(1.6k),Broadcasting,Mumbai +222 other locations
642,Marico,3.8,(1.6k),FMCG,Mumbai +186 other locations
643,Godrej Industries Group,3.9,(1.6k),Real Estate,Mumbai +152 other locations
644,Satin Creditcare Network,3.9,(1.6k),NBFC,Gurugram +331 other locations
645,Welspun Living Limited,3.9,(1.6k),Fashion & Textile,Anjar +86 other locations
646,Teva Pharmaceuticals,3.9,(1.6k),Pharma,Bengaluru +53 other locations
647,Sanofi,4.0,(1.6k),Pharma,Hyderabad +92 other locations
648,iOPEX Technologies,3.1,(1.6k),IT Services & Consulting,Chennai +15 other locations
649,Emami,3.8,(1.6k),FMCG,Kolkata +169 other locations
650,Labmentix,4.5,(1.6k),Bengaluru +32 other locations,N/A
651,Urban Company,3.3,(1.6k),Internet,Gurugram +60 other locations
652,Asahi India Glass,3.8,(1.6k),Auto Components,Chennai +90 other locations
653,ZF Commercial Vehicle Control Systems,3.8,(1.6k),Auto Components,Chennai +49 other locations
654,Wockhardt,3.7,(1.6k),Pharma,Chhatrapati Sambhajinagar +84 other locations
655,Mercer,3.6,(1.6k),Management Consulting,New Delhi +17 other locations
656,IndiaFirst Life Insurance,3.8,(1.6k),Insurance,Mumbai +249 other locations
657,PharmEasy,3.7,(1.6k),Internet,Bengaluru +69 other locations
658,Supreme Industries,4.1,(1.6k),Petrochemicals,Gwalior +124 other locations
659,Broadridge Financial Solutions,3.8,(1.6k),FinTech,Hyderabad +15 other locations
660,Cemindia Projects,4.2,(1.6k),Engineering & Construction,Kolkata +88 other locations
661,Relaxo Footwear,4.0,(1.6k),Fashion & Textile,New Delhi +160 other locations
662,IFB,3.6,(1.6k),Consumer Electronics & Appliances,Bengaluru +178 other locations
663,KFC,4.0,(1.6k),Hospitality,New Delhi +173 other locations
664,Marriott International,4.1,(1.6k),Hospitality,Bengaluru +91 other locations
665,Kotak Mahindra Prime,3.9,(1.6k),NBFC,Mumbai +177 other locations
666,Honda,4.0,(1.5k),Automobile,Gurugram +229 other locations
667,Gujarat Fluorochemicals,3.9,(1.5k),Chemicals,Bharuch +31 other locations
668,Amul India,4.0,(1.5k),Food Processing,Ahmedabad +207 other locations
669,Lumax Industries,3.9,(1.5k),Auto Components,Gurugram +42 other locations
670,Nayara Energy,4.2,(1.5k),Oil & Gas,Jamnagar +98 other locations
671,mPokket,4.5,(1.5k),NBFC,Kolkata +22 other locations
672,Muthoot Microfin,4.2,(1.5k),NBFC,Kochi +415 other locations
673,Suguna Foods,3.9,(1.5k),Food Processing,Coimbatore +206 other locations
674,Bajaj Capital,3.5,(1.5k),Financial Services,New Delhi +171 other locations
675,Hinduja Leyland Finance,3.9,(1.5k),NBFC,Chennai +300 other locations
676,Tata Consumer Products,3.5,(1.5k),FMCG,Bengaluru +229 other locations
677,SHYAM METALICS AND ENERGY,3.4,(1.5k),Metals & Mining,Kolkata +76 other locations
678,Patra India,3.5,(1.5k),BPO,Visakhapatnam +27 other locations
679,Bisleri,4.2,(1.5k),Beverage,Mumbai +182 other locations
680,American Broadcasting Company,4.0,(1.5k),Engineering & Construction,Bengaluru +98 other locations
681,XL Dynamics,3.7,(1.5k),IT Services & Consulting,Mumbai +31 other locations
682,Dainik Bhaskar Group,4.1,(1.5k),Printing & Publishing,Bhopal +136 other locations
683,Karur Vysya Bank,3.5,(1.5k),Banking,Chennai +193 other locations
684,Tesco,3.6,(1.5k),Retail,Bengaluru +17 other locations
685,Steel Strips Wheels,3.7,(1.5k),Auto Components,Chennai +50 other locations
686,Evalueserve,3.0,(1.5k),Analytics & KPO,Gurugram +15 other locations
687,Oracle Cerner,3.3,(1.5k),Software Product,Bengaluru +7 other locations
688,SAI Life Sciences,3.9,(1.5k),Clinical Research,Hyderabad +26 other locations
689,GE VERNOVA,4.1,(1.5k),Power,Bengaluru +85 other locations
690,Piramal Pharma,3.9,(1.5k),Pharma,Mumbai +83 other locations
691,Canara Bank,3.6,(1.5k),Banking,Bengaluru +227 other locations
692,Page Industries,4.1,(1.5k),Fashion & Textile,Bengaluru +166 other locations
693,GMR Group,3.9,(1.5k),Engineering & Construction,New Delhi +75 other locations
694,HCL Infosystems,4.0,(1.5k),IT Services & Consulting,Noida +104 other locations
695,Sonata Software,3.4,(1.5k),IT Services & Consulting,Bengaluru +17 other locations
696,QualityKiosk Technologies,3.2,(1.5k),IT Services & Consulting,Mumbai +21 other locations
697,Ashoka Buildcon,4.1,(1.5k),Engineering & Construction,Nashik +155 other locations
698,Tanishq,4.1,(1.5k),Jewellery,Kolkata +239 other locations
699,Wheelseye Technology,3.4,(1.5k),Internet,Gurugram +223 other locations
700,Devyani International,3.8,(1.5k),Hospitality,New Delhi +137 other locations
701,Max Fashion,4.0,(1.5k),Retail,Bengaluru +153 other locations
702,Gland Pharma,4.0,(1.5k),Pharma,Hyderabad +35 other locations
703,V5 Global Services,3.9,(1.5k),Recruitment,New Delhi +218 other locations
704,Honeywell Technology Solutions,3.6,(1.5k),Industrial Automation,Bengaluru +18 other locations
705,Acuity Analytics,3.1,(1.5k),Analytics & KPO,Bengaluru +16 other locations
706,Airtel Payments Bank,3.8,(1.5k),Banking,Gurugram +336 other locations
707,Daimler India Commercial Vehicles,3.9,(1.5k),Automobile,Chennai +49 other locations
708,Valeo,3.9,(1.5k),Auto Components,Chennai +23 other locations
709,Chandigarh University,4.3,(1.5k),Education & Training,Chandigarh +47 other locations
710,ISS Facility Services,4.0,(1.5k),Facility Management Services,Mumbai +65 other locations
711,Amneal Pharmaceuticals,4.2,(1.5k),Pharma,Ahmedabad +45 other locations
712,Aon,3.8,(1.5k),Management Consulting,Gurugram +25 other locations
713,Heritage Foods,4.1,(1.5k),Food Processing,Hyderabad +124 other locations
714,PNB Housing Finance,3.8,(1.5k),NBFC,New Delhi +171 other locations
715,Indoco Remedies,3.5,(1.5k),Pharma,Mumbai +84 other locations
716,Apco Infratech,3.7,(1.5k),Engineering & Construction,Mumbai +95 other locations
717,Taurus BPO Services,4.1,(1.5k),BPO,Pune +23 other locations
718,Oberoi Group of Hotels,4.0,(1.5k),Hospitality,New Delhi +39 other locations
719,NIIT,3.5,(1.5k),Education & Training,Gurugram +102 other locations
720,SBFC Finance,3.8,(1.5k),NBFC,Mumbai +218 other locations
721,Apexon,3.3,(1.5k),IT Services & Consulting,Bengaluru +23 other locations
722,Happiest Minds Technologies,3.4,(1.4k),IT Services & Consulting,Bengaluru +17 other locations
723,Narayana Educational Society,3.6,(1.4k),Education & Training,Hyderabad +147 other locations
724,ALTEN,3.6,(1.4k),IT Services & Consulting,Bengaluru +28 other locations
725,Bharat Forge,3.8,(1.4k),Auto Components,Pune +28 other locations
726,Altimetrik,3.5,(1.4k),IT Services & Consulting,Bengaluru +15 other locations
727,Hyatt Regency,4.0,(1.4k),Hospitality,New Delhi +51 other locations
728,Jaquar,4.1,(1.4k),Building Material,Gurugram +118 other locations
729,Aumovio,3.7,(1.4k),Auto Components,Bengaluru +21 other locations
730,Chetu,3.7,(1.4k),Software Product,Noida +14 other locations
731,Acmegrade,3.9,(1.4k),EdTech,Bengaluru +22 other locations
732,AB InBev India,3.3,(1.4k),Beverage,Bengaluru +76 other locations
733,Morningstar,3.7,(1.4k),Financial Services,Mumbai +18 other locations
734,Sony,4.2,(1.4k),Consumer Electronics & Appliances,New Delhi +143 other locations
735,Indegene,3.2,(1.4k),Analytics & KPO,Bengaluru +33 other locations
736,Tieto,4.1,(1.4k),IT Services & Consulting,Pune +13 other locations
737,CIE Automotive India Limited (Formerly known as Mahindra CIE Automotive Limited),3.6,(1.4k),Auto Components,Pune +47 other locations
738,Agilus Diagnostics,4.1,(1.4k),Healthcare,Mumbai +136 other locations
739,Slk Software Services,3.2,(1.4k),IT Services & Consulting,Bengaluru +15 other locations
740,Fusion Finance,3.9,(1.4k),NBFC,New Delhi +347 other locations
741,Amara Raja Energy & Mobility,4.0,(1.4k),Auto Components,Tirupati +94 other locations
742,Adobe,3.7,(1.4k),Software Product,Bengaluru +22 other locations
743,Tata Group,4.2,(1.4k),IT Services & Consulting,Mumbai +167 other locations
744,Nykaa,3.4,(1.4k),Internet,Mumbai +115 other locations
745,Xiaomi,3.7,(1.4k),Consumer Electronics & Appliances,Bengaluru +212 other locations
746,Vfs Global Services,3.4,(1.4k),IT Services & Consulting,Mumbai +32 other locations
747,MedPlus,3.5,(1.4k),Retail,Hyderabad +146 other locations
748,VOIS,3.8,(1.4k),IT Services & Consulting,Pune +21 other locations
749,VLCC,3.3,(1.4k),Beauty & Personal Care,New Delhi +110 other locations
750,Tenarai,3.5,(1.4k),Emerging Technologies,Bengaluru +23 other locations
751,Sansera Engineering,4.0,(1.4k),Auto Components,Bengaluru +28 other locations
752,J. Kumar Infraprojects,4.1,(1.4k),Engineering & Construction,Mumbai +41 other locations
753,Eaton,4.0,(1.4k),Electronics Manufacturing,Pune +22 other locations
754,DCM Shriram,4.1,(1.4k),Chemicals,Bharuch +109 other locations
755,The Muthoot Group,3.6,(1.4k),Financial Services,New Delhi +310 other locations
756,IDC Technologies,3.1,(1.4k),IT Services & Consulting,Noida +66 other locations
757,Unisys,3.4,(1.4k),IT Services & Consulting,Bengaluru +18 other locations
758,AtkinsRealis,3.7,(1.4k),Engineering & Construction,Bengaluru +55 other locations
759,City Union Bank,2.9,(1.4k),Banking,Chennai +196 other locations
760,Oracle Financial Services Software,3.3,(1.4k),Software Product,Bengaluru +22 other locations
761,Hire In Global,4.9,(1.4k),Recruitment,Mumbai +62 other locations
762,TEKsystems,3.1,(1.4k),IT Services & Consulting,Bengaluru +18 other locations
763,EOSGlobe,2.9,(1.4k),BPO,Mumbai +29 other locations
764,FedEx Express,4.0,(1.4k),Logistics,Mumbai +94 other locations
765,Kantar,3.5,(1.4k),Analytics & KPO,Bengaluru +44 other locations
766,TÜV SÜD,4.0,(1.4k),"Testing, Inspection and Certification (TIC)",Bengaluru +133 other locations
767,Worley,4.1,(1.4k),Engineering & Construction,Mumbai +56 other locations
768,TCS iON,3.8,(1.4k),IT Services & Consulting,Hyderabad +113 other locations
769,Citco,3.1,(1.4k),Management Consulting,Pune +13 other locations
770,Aerial Telecom Solutions,4.2,(1.4k),Telecom,Sahibzada Ajit Singh Nagar +114 other locations
771,iMerit,3.2,(1.4k),IT Services & Consulting,Kolkata +22 other locations
772,Rashmi Metaliks,3.1,(1.4k),Iron & Steel,Kharagpur +43 other locations
773,Novo Nordisk,3.7,(1.4k),Pharma,Bengaluru +74 other locations
774,Sunknowledge Services,3.4,(1.4k),BPO,Kolkata +13 other locations
775,Fino Payments Bank,3.8,(1.4k),Banking,Mumbai +275 other locations
776,Sharekhan,3.7,(1.4k),Financial Services,Mumbai +114 other locations
777,Amity University,3.6,(1.4k),Education & Training,Noida +85 other locations
778,Paytm Payments Bank,3.8,(1.4k),Banking,Noida +136 other locations
779,Incedo,2.9,(1.4k),IT Services & Consulting,Gurugram +13 other locations
780,Bajaj Housing Finance,3.5,(1.4k),NBFC,Pune +166 other locations
781,JSW Cement,4.1,(1.4k),Building Material,Mumbai +147 other locations
782,Faurecia,3.9,(1.4k),Auto Components,Pune +28 other locations
783,Aforeserve,3.4,(1.4k),IT Services & Consulting,Mumbai +159 other locations
784,Bharat FIH,3.7,(1.4k),Electronics Manufacturing,Chennai +39 other locations
785,INDIUM,4.0,(1.3k),IT Services & Consulting,Chennai +13 other locations
786,Sheenlac Paints,4.1,(1.3k),Chemicals,Chennai +163 other locations
787,Iffco Tokio General Insurance Co.,3.8,(1.3k),Insurance,Gurugram +282 other locations
788,R Systems International,3.6,(1.3k),IT Services & Consulting,Noida +23 other locations
789,Burger King,3.9,(1.3k),Hospitality,New Delhi +112 other locations
790,The Ramco Cements,4.1,(1.3k),Building Material,Chennai +125 other locations
791,Unichem Laboratories,3.6,(1.3k),Pharma,Ghaziabad +77 other locations
792,DEXIT Global,3.5,(1.3k),IT Services & Consulting,Mumbai +151 other locations
793,Aptara,3.1,(1.3k),Content Development,Noida +15 other locations
794,Collabera Talent Solutions,3.5,(1.3k),Recruitment,Bengaluru +43 other locations
795,TE Connectivity,4.1,(1.3k),Electronics Manufacturing,Bengaluru +23 other locations
796,GE,4.1,(1.3k),Defence & Aerospace,Bengaluru +76 other locations
797,Grant Thornton,3.4,(1.3k),Accounting & Auditing,Bengaluru +59 other locations
798,Brillio,3.4,(1.3k),IT Services & Consulting,Bengaluru +14 other locations
799,Hindware Limited,3.9,(1.3k),Building Material,Hyderabad +133 other locations
800,Hindware Limited,3.9,(1.3k),Building Material,Hyderabad +133 other locations
801,GEP Worldwide,3.6,(1.3k),IT Services & Consulting,Mumbai +17 other locations
802,CreditAccess Grameen,3.9,(1.3k),NBFC,Bengaluru +351 other locations
803,JioMart,3.9,(1.3k),Retail,Mumbai +295 other locations
804,ZF Steering Gear,3.7,(1.3k),Auto Components,Hyderabad +35 other locations
805,Hatsun Agro Product,3.8,(1.3k),Food Processing,Chennai +127 other locations
806,Big Bazaar,4.4,(1.3k),Retail,New Delhi +158 other locations
807,CenturyPly,3.9,(1.3k),Furniture & Furnishing,Kolkata +147 other locations
808,ManpowerGroup,3.6,(1.3k),Recruitment,Bengaluru +151 other locations
809,VIBGYOR Group of Schools,3.5,(1.3k),Education & Training,Bengaluru +37 other locations
810,RBL FinServe,3.9,(1.3k),Financial Services,Mumbai +366 other locations
811,Cinépolis,3.8,(1.3k),Media & Entertainment,New Delhi +61 other locations
812,Shubham Housing Development Finance,3.9,(1.3k),NBFC,New Delhi +160 other locations
813,Decathlon,3.7,(1.3k),Retail,Bengaluru +71 other locations
814,Baroda Global Shared Services,3.8,(1.3k),BPO,Gandhinagar +181 other locations
815,Nippon Paint India,4.0,(1.3k),Chemicals,Chennai +163 other locations
816,Punjab National Bank,3.9,(1.3k),Banking,New Delhi +218 other locations
817,Spicejet,3.2,(1.3k),Aviation,New Delhi +60 other locations
818,OM Logistics,3.9,(1.3k),Logistics,New Delhi +124 other locations
819,Viraj Profiles,4.0,(1.3k),Iron & Steel,Mumbai +28 other locations
820,NetAmbit,4.0,(1.3k),BPO,Noida +155 other locations
821,Atul,3.9,(1.3k),Chemicals,Valsad +64 other locations
822,More Supermarket,3.6,(1.3k),Retail,Bengaluru +164 other locations
823,Troikaa Pharmaceuticals,4.0,(1.3k),Pharma,Ahmedabad +106 other locations
824,Astral Pipe,3.9,(1.3k),Building Material,Ahmedabad +144 other locations
825,Mondelez International,4.1,(1.3k),Food Processing,Mumbai +202 other locations
826,Bluestock ™,4.5,(1.3k),FinTech,Pune +44 other locations
827,Fabindia,3.7,(1.3k),Retail,New Delhi +82 other locations
828,Ion Exchange India,3.7,(1.3k),Waste Management,Mumbai +128 other locations
829,Luminous Power Technologies,4.2,(1.3k),Consumer Electronics & Appliances,Gurugram +134 other locations
830,Hindustan Construction Company,4.2,(1.3k),Engineering & Construction,Mumbai +93 other locations
831,ICICI Prudential Mutual Fund,3.9,(1.3k),Financial Services,Mumbai +170 other locations
832,Pantaloons,4.1,(1.3k),Retail,Mumbai +156 other locations
833,Globant,3.4,(1.3k),IT Services & Consulting,Pune +17 other locations
834,OpenText Technologies,3.3,(1.3k),Software Product,Bengaluru +14 other locations
835,SK Finance Limited,3.8,(1.3k),NBFC,Jaipur +274 other locations
836,NxtWave,3.6,(1.3k),EdTech,Hyderabad +54 other locations
837,Royal Migration Solutions,4.9,(1.3k),Other,Dubai +12 other locations
838,Samsung Research,3.0,(1.3k),IT Services & Consulting,Bengaluru +21 other locations
839,Centre for Development of Advanced Computing,3.7,(1.3k),IT Services & Consulting,Pune +41 other locations
840,Jakson Group,4.1,(1.3k),Power,Noida +103 other locations
841,T-Systems ICT India,3.7,(1.3k),IT Services & Consulting,Pune +16 other locations
842,Vestas,4.1,(1.3k),Power,Chennai +51 other locations
843,Aarvee Associates,3.7,(1.3k),Engineering & Construction,Hyderabad +178 other locations
844,Apex Group,2.7,(1.3k),Financial Services,Pune +28 other locations
845,Sigma Electric Manufacturing Corporation,4.0,(1.3k),Industrial Machinery,Pune +24 other locations
846,ANZ Banking Group,3.8,(1.3k),Banking,Bengaluru +17 other locations
847,Panasonic,4.0,(1.3k),Consumer Electronics & Appliances,Gurugram +124 other locations
848,AGS Transact Technologies,2.8,(1.3k),FinTech,Mumbai +123 other locations
849,Electronics Corporation of India Limited,4.2,(1.3k),Electronics Manufacturing,Hyderabad +57 other locations
850,Automotive Manufacturers,3.8,(1.3k),Automobile,Hyderabad +150 other locations
851,Tenneco,3.6,(1.3k),Auto Components,Pune +45 other locations
852,Dell EMC,3.7,(1.3k),IT Services & Consulting,Bengaluru +53 other locations
853,Spandana Sphoorty Financial,3.7,(1.3k),NBFC,Hyderabad +361 other locations
854,Godrej Consumer Products,4.0,(1.3k),FMCG,Mumbai +149 other locations
855,Fresenius Kabi,4.0,(1.2k),Pharma,Pune +65 other locations
856,Intertek,3.7,(1.2k),"Testing, Inspection and Certification (TIC)",New Delhi +116 other locations
857,SKF,4.0,(1.2k),Auto Components,Pune +71 other locations
858,PNC Infratech,3.8,(1.2k),Engineering & Construction,Agra +96 other locations
859,iSON Xperiences,3.2,(1.2k),BPO,Chennai +43 other locations
860,H.G. Infra Engineering,4.0,(1.2k),Engineering & Construction,Jaipur +99 other locations
861,KIMS Hospital,3.8,(1.2k),Healthcare,Hyderabad +60 other locations
862,Jindal X,3.5,(1.2k),BPO,New Delhi +22 other locations
863,Mu Sigma,2.5,(1.2k),Analytics & KPO,Bengaluru +16 other locations
864,Prodapt,3.5,(1.2k),IT Services & Consulting,Chennai +16 other locations
865,Synchrony,4.3,(1.2k),Financial Services,Hyderabad +9 other locations
866,Zoho,4.2,(1.2k),Software Product,Chennai +37 other locations
867,Kalpataru Limited,4.1,(1.2k),Real Estate,Mumbai +83 other locations
868,DP World,3.8,(1.2k),Logistics,Mumbai +84 other locations
869,Dassault Systemes,3.7,(1.2k),Software Product,Pune +13 other locations
870,Shriram Pistons & Rings,4.0,(1.2k),Auto Components,Bhiwadi +62 other locations
871,Oil And Natural Gas Corporation,4.3,(1.2k),Oil & Gas,Mumbai +84 other locations
872,AIIMS,4.1,(1.2k),Education & Training,New Delhi +77 other locations
873,Rupeek,4.1,(1.2k),FinTech,Bengaluru +55 other locations
874,Rockman Industries,3.8,(1.2k),Auto Components,Haridwar +41 other locations
875,Parexel International,3.8,(1.2k),Clinical Research,Hyderabad +25 other locations
876,Wind World,4.0,(1.2k),Power,Jaisalmer +85 other locations
877,Diageo,3.8,(1.2k),Beverage,Bengaluru +99 other locations
878,DLF,4.0,(1.2k),Real Estate,Gurugram +35 other locations
879,Colliers India,3.9,(1.2k),Real Estate,Bengaluru +49 other locations
880,Indostar Capital Finance Limited,4.3,(1.2k),NBFC,Mumbai +332 other locations
881,Qualcomm,3.7,(1.2k),Semiconductors,Hyderabad +18 other locations
882,Fidelity Investments,4.1,(1.2k),Financial Services,Bengaluru +19 other locations
883,JTEKT,4.1,(1.2k),Auto Components,Gurugram +30 other locations
884,Nielsen,3.1,(1.2k),Analytics & KPO,Bengaluru +74 other locations
885,EbixCash Limited,3.6,(1.2k),Software Product,Noida +86 other locations
886,Kirloskar Oil Engines,4.1,(1.2k),Industrial Machinery,Pune +109 other locations
887,DENSO,4.1,(1.2k),Auto Components,Gurugram +39 other locations
888,Best Sellers,4.1,(1.2k),Retail,Mumbai +92 other locations
889,ExcelR,3.6,(1.2k),Education & Training,Bengaluru +25 other locations
890,PHN Technology,4.3,(1.2k),EdTech,Pune +32 other locations
891,Fidelity National Financial,3.7,(1.2k),Financial Services,Bengaluru +15 other locations
892,Ahluwalia Contracts India,4.0,(1.2k),Engineering & Construction,New Delhi +55 other locations
893,Strides Pharma,3.8,(1.2k),Pharma,Bengaluru +43 other locations
894,Intel,4.1,(1.2k),Semiconductors,Bengaluru +38 other locations
895,Genius HRTech,3.8,(1.2k),Recruitment,Kolkata +108 other locations
896,ACG Worldwide,3.8,(1.2k),Pharma,Mumbai +31 other locations
897,JK Lakshmi Cement,3.7,(1.2k),Building Material,New Delhi +141 other locations
898,Leadec India,4.1,(1.2k),Facility Management Services,Pune +81 other locations
899,Baazar Retail Private Limited,4.5,(1.2k),Retail,Kolkata +109 other locations
900,Innova Solutions,3.3,(1.2k),IT Services & Consulting,Hyderabad +37 other locations
901,FOCUS EDUMATICS,2.9,(1.2k),EdTech,Coimbatore +35 other locations
902,Zetwerk,4.0,(1.2k),Industrial Machinery,Bengaluru +122 other locations
903,Federal Bank,3.6,(1.2k),Banking,Mumbai +155 other locations
904,Sri Chaitanya Techno Schools,3.5,(1.2k),Education & Training,Bengaluru +171 other locations
905,Electronica Finance,4.1,(1.2k),NBFC,Pune +174 other locations
906,Thyrocare Technologies,3.7,(1.2k),Healthcare,Mumbai +77 other locations
907,PayPal,3.7,(1.2k),FinTech,Bengaluru +15 other locations
908,Salesforce,3.9,(1.2k),Software Product,Hyderabad +40 other locations
909,Prism Johnson,3.7,(1.2k),Building Material,Mumbai +147 other locations
910,HFCL Limited,3.8,(1.2k),Telecom,Hyderabad +112 other locations
911,Indira IVF Hospital,3.9,(1.2k),Healthcare,Mumbai +105 other locations
912,Meril,3.6,(1.2k),Medical Equipment,Vapi +84 other locations
913,Barclays Shared Services,3.8,(1.2k),Financial Services,Chennai +17 other locations
914,Aptiv,3.4,(1.2k),Auto Components,Bengaluru +26 other locations
915,Podar International School,4.0,(1.2k),Education & Training,Mumbai +125 other locations
916,The Jaypee Group,3.9,(1.2k),Engineering & Construction,Noida +107 other locations
917,Aparna Constructions and Estates,3.9,(1.2k),Real Estate,Hyderabad +22 other locations
918,Ocwen Financial Solutions,3.8,(1.2k),Financial Services,Bengaluru +9 other locations
919,Schaeffler India,4.1,(1.2k),Auto Components,Vadodara +28 other locations
920,Johnson Lifts,3.9,(1.2k),Industrial Machinery,Chennai +75 other locations
921,Apollo Health and Lifestyle Limited,4.3,(1.2k),Healthcare,Hyderabad +94 other locations
922,Coca-Cola Company,4.0,(1.2k),Beverage,Bengaluru +208 other locations
923,Birla Corporation,4.1,(1.2k),Building Material,Satna +146 other locations
924,Balkrishna Industries,4.0,(1.2k),Auto Components,Bhuj +35 other locations
925,MDIndia Health Insurance TPA,3.6,(1.1k),Insurance,Pune +94 other locations
926,London Stock Exchange Group,3.6,(1.2k),Financial Services,Bengaluru +11 other locations
927,Nilkamal,3.7,(1.1k),Furniture & Furnishing,Mumbai +113 other locations
928,Dhoot Transmission,3.7,(1.1k),Auto Components,Chhatrapati Sambhajinagar +43 other locations
929,Edelweiss,3.6,(1.1k),Financial Services,Mumbai +114 other locations
930,Dishtv,3.4,(1.1k),Broadcasting,Noida +151 other locations
931,CaratLane - A Tata Product,4.0,(1.1k),Jewellery,Chennai +87 other locations
932,Biocon Biologics,3.7,(1.1k),Biotechnology,Bengaluru +27 other locations
933,Deccan Fine Chemicals,3.6,(1.1k),Agro Chemicals,Tuni +31 other locations
934,Motilal Oswal Home Finance,4.3,(1.1k),NBFC,Mumbai +130 other locations
935,Imperial Auto Industries,3.8,(1.1k),Auto Components,Faridabad +37 other locations
936,Edelweiss Life Insurance,3.7,(1.1k),Insurance,Mumbai +124 other locations
937,Bajaj Motors,3.9,(1.1k),Auto Components,Gurugram +91 other locations
938,IIFL Home Finance,3.8,(1.1k),NBFC,Gurugram +265 other locations
939,Kohler,3.7,(1.1k),Building Material,Pune +52 other locations
940,INDO-MIM,4.0,(1.1k),Metals & Mining,Bengaluru +35 other locations
941,Jacobs Engineering Group,4.1,(1.1k),Engineering & Construction,Mumbai +41 other locations
942,Piaggio,3.6,(1.1k),Automobile,Pune +84 other locations
943,Barbeque Nation,3.9,(1.1k),Hospitality,Bengaluru +83 other locations
944,Onward Technologies Inc,2.9,(1.1k),IT Services & Consulting,Pune +64 other locations
945,Stanza Living,3.2,(1.1k),Internet,Bengaluru +37 other locations
946,Jabil Circuit India,4.0,(1.1k),Electronics Manufacturing,Pune +30 other locations
947,Navitasys India,4.1,(1.1k),Electronics Manufacturing,Bawal +28 other locations
948,Unicharm,3.9,(1.1k),FMCG,Gurugram +192 other locations
949,Advantmed,4.1,(1.1k),Healthcare,Ahmedabad +16 other locations
950,Wonder Home Finance,4.6,(1.1k),NBFC,Jaipur +120 other locations
951,Asirvad Microfinance,3.8,(1.1k),NBFC,Chennai +322 other locations
952,Wistron,4.0,(1.1k),Electronics Manufacturing,Bengaluru +22 other locations
953,V2 Retail,3.3,(1.1k),Retail,New Delhi +137 other locations
954,TK Elevator,3.8,(1.1k),Industrial Machinery,Pune +80 other locations
955,Air India Sats Airport Services,3.6,(1.1k),Aviation,New Delhi +46 other locations
956,MAHLE ANAND Filter Systems,3.9,(1.1k),Auto Components,Pune +40 other locations
957,MG Motor,3.9,(1.1k),Automobile,Vadodara +101 other locations
958,Hyundai Mobis,3.7,(1.1k),Auto Components,Chennai +47 other locations
959,Sundaram Finance,3.9,(1.1k),NBFC,Chennai +250 other locations
960,Zydus Wellness,4.1,(1.1k),FMCG,Ahmedabad +130 other locations
961,Svatantra Microfin,3.9,(1.1k),NBFC,Mumbai +337 other locations
962,One Point One Solutions Ltd.,3.5,(1.1k),BPO,Bengaluru +18 other locations
963,Sri Chaitanya Educational Institutions,3.6,(1.1k),Education & Training,Hyderabad +103 other locations
964,Hikal,3.8,(1.1k),Pharma,Bengaluru +22 other locations
965,Kirloskar Brothers,3.7,(1.1k),Industrial Machinery,Pune +74 other locations
966,VMware Software,4.4,(1.1k),Software Product,Bengaluru +17 other locations
967,Saipem,4.2,(1.1k),Engineering & Construction,Chennai +42 other locations
968,TÜV NORD,3.7,(1.1k),"Testing, Inspection and Certification (TIC)",Pune +91 other locations
969,Vedanta Aluminium,3.8,(1.1k),Metals & Mining,Jharsuguda +46 other locations
970,Tube Investments of India,3.8,(1.1k),Engineering & Construction,Chennai +65 other locations
971,Syngenta,4.2,(1.1k),Agriculture,Pune +173 other locations
972,Knorr-Bremse,3.3,(1.1k),Auto Components,Pune +33 other locations
973,ICON Plc,4.0,(1.1k),Clinical Research,Chennai +23 other locations
974,Godrej Agrovet,3.9,(1.1k),Agriculture,Mumbai +146 other locations
975,Northcorp Software,4.9,(1.1k),IT Services & Consulting,Gurugram +7 other locations
976,CALIBEHR,4.0,(1.1k),IT Services & Consulting,Mumbai +184 other locations
977,Aarvi Encon,3.9,(1.1k),Recruitment,Mumbai +132 other locations
978,HPCL-Mittal Energy Limited,4.3,(1.1k),Petrochemicals,Bathinda +29 other locations
979,Unity Small Finance Bank,3.6,(1.1k),Banking,Mumbai +149 other locations
980,Adani Ports and SEZ,3.6,(1.1k),Ports & Shipping,Mundra +60 other locations
981,Xyz Company,3.8,(1.1k),Financial Services,Bengaluru +90 other locations
982,Gmmco,4.1,(1.1k),Industrial Machinery,Chennai +90 other locations
983,TKIL,4.1,(1.1k),Industrial Machinery,Pune +66 other locations
984,Vayona Energy,4.0,(1.1k),Power,Bengaluru +68 other locations
985,GAIL,4.4,(1.1k),Oil & Gas,New Delhi +104 other locations
986,Metropolis Healthcare,3.9,(1.1k),Healthcare,Mumbai +104 other locations
987,Hinduja Housing Finance,3.7,(1.1k),NBFC,New Delhi +215 other locations
988,Jet Airways,4.6,(1.1k),Aviation,Mumbai +44 other locations
989,Tata Capital Housing Finance,4.0,(1.1k),NBFC,Mumbai +170 other locations
990,Power Grid Corporation of India,4.3,(1.1k),Power,Gurugram +235 other locations
991,Dana Anand,4.0,(1.1k),Auto Components,Pune +49 other locations
992,Pernod Ricard,3.5,(1.1k),Beverage,Gurugram +121 other locations
993,Nexa,3.9,(1.1k),Automobile,New Delhi +216 other locations
994,Bajaj Capital Insurance Broking Limited,4.4,(1.1k),Insurance,New Delhi +141 other locations
995,Aspire Systems,3.8,(1.1k),IT Services & Consulting,Chennai +23 other locations
996,Thermo Fisher Scientific,3.8,(1.1k),Biotechnology,Bengaluru +36 other locations
997,Klm Axiva Finvest,4.4,(1.1k),NBFC,Bengaluru +158 other locations
998,Amazon Sellers Services,4.0,(1.1k),Internet,Bengaluru +68 other locations
999,Greenko Group,3.9,(1.1k),Power,Hyderabad +83 other locations
1000,Hindustan Zinc,3.7,(1.1k),Metals & Mining,Udaipur +36 other locations
1001,Zf Rane Automotive,3.9,(1.1k),Auto Components,Chennai +50 other locations
1002,Innodata India Private Limited,3.6,(1.1k),IT Services & Consulting,Noida +23 other locations
1003,SLMG Beverages,3.9,(1.1k),Beverage,Lucknow +96 other locations
1004,Hitachi Energy,4.0,(1.1k),Power,Chennai +39 other locations
1005,Fractal Analytics,4.0,(1.1k),Analytics & KPO,Bengaluru +19 other locations
1006,GlobalData,3.3,(1k),Analytics & KPO,Hyderabad +22 other locations
1007,Bharat Sanchar Nigam,3.9,(1k),Telecom,Bengaluru +240 other locations
1008,QX Global Group,3.1,(1k),BPO,Ahmedabad +19 other locations
1009,Netcracker Technology,3.0,(1k),IT Services & Consulting,Hyderabad +12 other locations
1010,Spencer's Retail,3.8,(1k),Retail,Kolkata +63 other locations
1011,Gharda Chemicals Limited,4.0,(1k),Agro Chemicals,Mumbai +73 other locations
1012,Nippon Life India Asset Management,4.6,(1k),Financial Services,Mumbai +189 other locations
1013,Crompton Greaves Consumer Electricals,3.7,(1k),Consumer Electronics & Appliances,Mumbai +108 other locations
1014,Encora,3.4,(1k),IT Services & Consulting,Bengaluru +19 other locations
1015,Malabar Gold and Diamonds,4.1,(1k),Jewellery,Hyderabad +132 other locations
1016,BirlaNu,3.8,(1k),Building Material,Hyderabad +110 other locations
1017,ValueMomentum,3.2,(1k),IT Services & Consulting,Hyderabad +11 other locations
1018,Otis Elevator,4.1,(1k),Industrial Machinery,Bengaluru +71 other locations
1019,Kinara Capital,4.3,(1k),NBFC,Bengaluru +115 other locations
1020,Kinara Capital,4.3,(1k),NBFC,Bengaluru +115 other locations
1021,Wheels,3.9,(1k),Auto Components,Chennai +47 other locations
1022,Vertiv,3.8,(1k),Electronics Manufacturing,Pune +54 other locations
1023,Lakshmi Machine Works,3.8,(1k),Industrial Machinery,Coimbatore +30 other locations
1024,Uber,4.1,(1k),Internet,Hyderabad +52 other locations
1025,Allianz Technology,4.0,(1k),IT Services & Consulting,Pune +14 other locations
1026,Atlas Copco,4.1,(1k),Industrial Machinery,Pune +59 other locations
1027,NBC Bearings,3.9,(1k),Auto Components,Jaipur +28 other locations
1028,GVPR Engineers,3.8,(1k),Engineering & Construction,Hyderabad +94 other locations
1029,Ceasefire Industries,3.1,(1k),Industrial Machinery,New Delhi +76 other locations
1030,IB Group,3.7,(1k),Food Processing,Rajnandgaon +151 other locations
1031,ALLEN Career Institute,3.8,(1k),Education & Training,Kota +72 other locations
1032,Amara Raja Group,4.1,(1k),Auto Components,Tirupati +80 other locations
1033,iQor Global Services,3.3,(1k),BPO,Noida +50 other locations
1034,Hitachi Payment Services,3.6,(1k),FinTech,Mumbai +89 other locations
1035,SitusAMC,3.2,(1k),Financial Services,Bengaluru +18 other locations
1036,Vistaar Finance,3.9,(1k),NBFC,Bengaluru +203 other locations
1037,Suzuki Motorcycle,4.0,(1k),Automobile,Gurugram +120 other locations
1038,Birla Opus,4.0,(1k),Chemicals,Mumbai +278 other locations
1039,Fortrea Development India Private Limited,3.9,(1k),Clinical Research,Bengaluru +11 other locations
1040,Tata Cummins,4.4,(1k),Auto Components,Jamshedpur +45 other locations
1041,Secure Meters,3.9,(1k),Electronics Manufacturing,Udaipur +73 other locations
1042,Perfetti Van Melle,4.2,(1k),FMCG,Gurugram +163 other locations
1043,Syrma SGS Technologies,4.0,(1k),Electronics Manufacturing,Chennai +23 other locations
1044,BDR Pharmaceuticals International,4.1,(1k),Pharma,Vadodara +29 other locations
1045,Sahara India Pariwar,3.8,(1k),Broadcasting,Lucknow +245 other locations
1046,Incheon Motors,4.7,(1k),Automobile,Kochi +16 other locations
1047,Temenos,3.1,(1k),Software Product,Chennai +11 other locations
1048,Visionet Systems,3.3,(1k),IT Services & Consulting,Bengaluru +17 other locations
1049,MakeMyTrip,3.4,(1k),Internet,Gurugram +46 other locations
1050,Lemon Tree Hotels,4.0,(1k),Hospitality,New Delhi +80 other locations
1051,Thomas Cook,4.0,(1k),Travel & Tourism,Mumbai +80 other locations
1052,United Breweries,3.3,(1k),Beverage,Bengaluru +106 other locations
1053,Bounteous x Accolite,3.2,(1k),IT Services & Consulting,Bengaluru +15 other locations
1054,Aparajitha Corporate Services,3.8,(1k),Legal,Madurai +97 other locations
1055,MasterCard,3.8,(1k),FinTech,Pune +16 other locations
1056,TradeIndia (Infocom Network Private Limited),3.4,(1k),Internet,New Delhi +42 other locations
1057,eClinicalWorks,3.6,(1k),Software Product,Mumbai +20 other locations
1058,Pristyn Care,3.1,(1k),Internet,Gurugram +34 other locations
1059,Comviva Technology,2.8,(1k),Software Product,Gurugram +19 other locations
1060,Colgate Palmolive,3.9,(1k),FMCG,Mumbai +121 other locations
1061,Vaco Binary Semantics,3.1,(1k),IT Services & Consulting,Gurugram +49 other locations
1062,Westside,3.8,(1k),Retail,Mumbai +108 other locations
1063,AstraZeneca,3.9,(1k),Pharma,Chennai +49 other locations
1064,Siemens Energy,4.1,(1k),Power,Pune +50 other locations
1065,SYSKA LED Lights,2.9,(1k),Consumer Electronics & Appliances,Pune +154 other locations
1066,Skipper,3.9,(1k),Industrial Machinery,Kolkata +93 other locations
1067,Škoda Auto Volkswagen,4.0,(1k),Automobile,Pune +48 other locations
1068,Arohan Financial Services,3.9,(1k),NBFC,Kolkata +237 other locations
1069,Collins Aerospace,3.8,(998),Defence & Aerospace,Bengaluru +12 other locations
1070,Merino Industries,3.7,(999),Building Material,New Delhi +82 other locations
1071,Mastek,3.6,(997),IT Services & Consulting,Mumbai +23 other locations
1072,Cult.fit,3.5,(998),Fitness & Wellness,Bengaluru +42 other locations
1073,Amazon Web Services,3.8,(996),IT Services & Consulting,Bengaluru +62 other locations
1074,Star Cement,4.0,(996),Building Material,Guwahati +79 other locations
1075,CarDekho Group,3.6,(992),Internet,Gurugram +81 other locations
1076,JW Marriott,4.2,(991),Hospitality,Mumbai +43 other locations
1077,Tiger Analytics,3.7,(991),IT Services & Consulting,Bengaluru +17 other locations
1078,Mahindra Automotives,3.8,(991),Automobile,Pune +131 other locations
1079,C&S Electric,3.9,(991),Electrical Equipment,Noida +57 other locations
1080,Rebel Foods,3.7,(990),Hospitality,Mumbai +79 other locations
1081,C&S Electric,3.9,(991),Electrical Equipment,Noida +57 other locations
1082,Everest Industries,3.8,(989),Building Material,Mumbai +98 other locations
1083,Softenger,4.0,(987),IT Services & Consulting,Pune +32 other locations
1084,Quantiphi Analytics Solutions Private Limited,3.1,(984),IT Services & Consulting,Bengaluru +18 other locations
1085,Entain,3.6,(984),IT Services & Consulting,Hyderabad +13 other locations
1086,Lumina Datamatics,3.1,(985),IT Services & Consulting,Mumbai +20 other locations
1087,Wonder Cement,4.2,(984),Building Material,Nimbahera +111 other locations
1088,Pizza Hut,4.0,(983),Hospitality,New Delhi +128 other locations
1089,Capacit'e Infraprojects,3.7,(981),Engineering & Construction,Mumbai +35 other locations
1090,Barclays Global Service Centre,3.9,(980),IT Services & Consulting,Pune +13 other locations
1091,Lowe's,4.0,(980),Retail,Bengaluru +9 other locations
1092,General Mills,4.1,(980),Food Processing,Mumbai +54 other locations
1093,Natco Pharma,3.9,(978),Pharma,Hyderabad +66 other locations
1094,Motherson Sumi Wiring,3.7,(982),Electrical Equipment,Noida +43 other locations
1095,Technip Energies,4.0,(977),Engineering & Construction,Noida +42 other locations
1096,J B Chemicals And Pharmaceuticals,3.9,(977),Pharma,Mumbai +96 other locations
1097,VeeTechnologies,3.9,(979),IT Services & Consulting,Bengaluru +40 other locations
1098,TechnipFMC,3.9,(977),Engineering & Construction,Hyderabad +43 other locations
1099,JSW Group,3.8,(978),Iron & Steel,Mumbai +98 other locations
1100,National Payments Corporation of India,4.0,(974),FinTech,Mumbai +11 other locations
1101,Yokohama Off-Highway Tires,3.7,(974),Auto Components,Bharuch +38 other locations
1102,Napino Auto & Electronics,3.8,(973),Auto Components,Gurugram +25 other locations
1103,Hiranandani Financial Services,4.4,(972),NBFC,Mumbai +136 other locations
1104,Jyothy Labs,4.0,(972),FMCG,Mumbai +197 other locations
1105,VIP Industries,3.7,(971),Retail,Mumbai +96 other locations
1106,Pricol,3.9,(970),Auto Components,Coimbatore +34 other locations
1107,Altisource,3.5,(970),Real Estate,Bengaluru +9 other locations
1108,Kendriya Vidyalaya Sangathan,4.3,(969),Education & Training,New Delhi +233 other locations
1109,Salcomp Manufacturing,4.0,(969),Electronics Manufacturing,Chennai +28 other locations
1110,Guidehouse,3.6,(968),Management Consulting,Chennai +19 other locations
1111,Financial Software & Systems,3.7,(968),Software Product,Chennai +35 other locations
1112,Marsh McLennan,3.8,(968),Management Consulting,Mumbai +24 other locations
1113,LOREAL,3.8,(967),Beauty & Personal Care,Mumbai +99 other locations
1114,Shriram General Insurance,3.6,(966),Insurance,Jaipur +201 other locations
1115,Astral Adhesives,3.9,(964),Chemicals,Ahmedabad +162 other locations
1116,KEI Industries,4.2,(963),Electrical Equipment,New Delhi +106 other locations
1117,Psp Projects,3.8,(962),Engineering & Construction,Ahmedabad +56 other locations
1118,Defence Research & Development Organisation,4.5,(956),Defence & Aerospace,Hyderabad +59 other locations
1119,Pramerica Life Insurance,3.7,(956),Insurance,Gurugram +126 other locations
1120,Gannon Dunkerley & Co.,3.3,(955),Engineering & Construction,Kolkata +81 other locations
1121,ICCS,3.0,(955),BPO,Noida +31 other locations
1122,Nasser S. Al Hajri Corporation,3.6,(952),Engineering & Construction,Chennai +55 other locations
1123,Mando Automotive,4.0,(951),Auto Components,Chennai +21 other locations
1124,Adani Enterprises,3.7,(951),Metals & Mining,Ahmedabad +76 other locations
1125,Episource,3.9,(949),IT Services & Consulting,Chennai +19 other locations
1126,Signify,3.4,(947),Consumer Electronics & Appliances,Bengaluru +84 other locations
1127,SFO Technologies,3.4,(946),Electronics Manufacturing,Bengaluru +16 other locations
1128,Jubilant Pharmova,3.7,(945),Pharma,Noida +60 other locations
1129,Amphenol Interconnect,4.2,(945),Electrical Equipment,Pune +19 other locations
1130,Xceedance,3.5,(947),IT Services & Consulting,Gurugram +14 other locations
1131,KMV Projects Limited,4.2,(945),Engineering & Construction,Hyderabad +71 other locations
1132,Timken,3.9,(944),Industrial Machinery,Jamshedpur +44 other locations
1133,Jaro Education,3.2,(944),Education & Training,Mumbai +24 other locations
1134,Velocis Systems,3.8,(943),IT Services & Consulting,New Delhi +53 other locations
1135,Cohance Lifesciences,3.8,(942),Pharma,Hyderabad +24 other locations
1136,JSW Paints,3.8,(942),Chemicals,Mumbai +171 other locations
1137,FLSmidth,3.6,(942),Industrial Machinery,Chennai +25 other locations
1138,Reliance Power,4.1,(942),Power,Singrauli +43 other locations
1139,Petrofac,4.2,(941),Oil & Gas,Chennai +42 other locations
1140,Aristo Pharmaceuticals,4.0,(940),Pharma,Mumbai +109 other locations
1141,Tikona Infinet,3.4,(939),Telecom,Mumbai +45 other locations
1142,Navayuga Engineering Company,3.9,(939),Engineering & Construction,Hyderabad +74 other locations
1143,Knight Frank,4.0,(939),Real Estate,Mumbai +52 other locations
1144,Bhanzu,3.8,(937),EdTech,Bengaluru +14 other locations
1145,Hathway,3.3,(937),Telecom,Mumbai +58 other locations
1146,Volvo,4.0,(933),Automobile,Bengaluru +40 other locations
1147,Tafe Motors & Tractors,3.9,(933),Industrial Machinery,Bhopal +73 other locations
1148,Godfrey Phillips India,4.0,(933),FMCG,New Delhi +125 other locations
1149,FastInfo,4.2,(931),Internet,Kolkata +8 other locations
1150,LanceSoft,3.2,(930),Recruitment,Hyderabad +31 other locations
1151,Bayer,4.0,(929),Pharma,Bengaluru +117 other locations
1152,Sandhar Technologies,3.7,(929),Auto Components,Gurugram +32 other locations
1153,Naukri,4.1,(928),Internet,Noida +71 other locations
1154,CIEL HR,3.9,(927),Recruitment,Bengaluru +111 other locations
1155,"Commonwealth Bank of Australia, India",2.7,(927),Financial Services,Bengaluru +14 other locations
1156,Apotex Research,3.8,(926),Pharma,Bengaluru +14 other locations
1157,Medhaj Techno Concept,4.0,(925),Management Consulting,Lucknow +152 other locations
1158,Intellipaat Software Solutions,3.9,(925),EdTech,Bengaluru +17 other locations
1159,Regulated Council of Immigration Consultants,4.9,(924),Other,Dubai +5 other locations
1160,Aircel,4.4,(922),Telecom,New Delhi +113 other locations
1161,GE Healthcare,3.9,(922),Medical Equipment,Bengaluru +35 other locations
1162,Medha Servo Drives,4.2,(921),Electrical Equipment,Hyderabad +56 other locations
1163,Schlumberger,3.7,(922),Oil & Gas,Pune +36 other locations
1164,Netscribes,2.7,(920),Analytics & KPO,Kolkata +17 other locations
1165,Target,4.0,(920),Retail,Bengaluru +18 other locations
1166,Sundaram Clayton,3.9,(919),Auto Components,Chennai +30 other locations
1167,Test Yantra Software Solutions,3.0,(919),IT Services & Consulting,Bengaluru +19 other locations
1168,Experis IT,3.0,(918),Recruitment,Bengaluru +34 other locations
1169,SKH Metals,4.0,(917),Auto Components,Gurugram +27 other locations
1170,Nirma,4.2,(916),FMCG,Bhavnagar +67 other locations
1171,OCS Group,4.1,(916),Facility Management Services,Mumbai +57 other locations
1172,Deepak Fertilisers and Petrochemicals,4.0,(915),Chemicals,Mumbai +58 other locations
1173,Re Sustainability Limited,3.8,(915),Waste Management,Hyderabad +84 other locations
1174,Steag Energy Services,4.3,(914),Power,Jharsuguda +65 other locations
1175,Aviva Life Insurance India,3.5,(914),Insurance,Gurugram +123 other locations
1176,Nityo Infotech,3.2,(913),IT Services & Consulting,Bengaluru +32 other locations
1177,HomeLane,3.3,(912),Architecture & Interior Design,Bengaluru +36 other locations
1178,Neel Metal Products,4.0,(910),Auto Components,Gurugram +38 other locations
1179,Simplilearn,3.9,(909),EdTech,Bengaluru +10 other locations
1180,Ashirvad Pipes,3.8,(909),Building Material,Bengaluru +109 other locations
1181,Alok Industries,3.5,(906),Fashion & Textile,Dadra & Nagar Haveli +34 other locations
1182,HT Media,3.1,(906),Media & Entertainment,New Delhi +44 other locations
1183,Yashoda Hospitals,3.9,(905),Healthcare,Hyderabad +30 other locations
1184,Michelin,3.7,(904),Auto Components,Pune +46 other locations
1185,Egis India Consulting Engineers,4.2,(903),Engineering & Construction,Gurugram +111 other locations
1186,Bosch Chassis Systems,4.1,(903),Auto Components,Pune +25 other locations
1187,Greenlam Industries,4.1,(902),Furniture & Furnishing,New Delhi +119 other locations
1188,MAS Financial Services Ltd,3.6,(902),NBFC,Ahmedabad +144 other locations
1189,Musashi Auto Parts,3.8,(900),Auto Components,Bengaluru +27 other locations
1190,Wakefit,3.9,(900),Furniture & Furnishing,Bengaluru +58 other locations
1191,M3M India,4.1,(899),Real Estate,Gurugram +11 other locations
1192,Vijay Sales,4.1,(898),Retail,Mumbai +51 other locations
1193,Orient Electric,3.7,(896),Consumer Electronics & Appliances,New Delhi +88 other locations
1194,Vedanta Resources,3.7,(894),Metals & Mining,Jharsuguda +72 other locations
1195,Zudio,3.9,(895),Retail,New Delhi +140 other locations
1196,Volkswagen,4.1,(894),Automobile,Pune +102 other locations
1197,Sona Comstar,4.0,(893),Auto Components,Gurugram +26 other locations
1198,Updater Services,3.7,(891),Facility Management Services,Chennai +100 other locations
1199,ACL Digital,3.6,(890),IT Services & Consulting,Bengaluru +28 other locations
1200,TNQ Tech Private Limited,3.5,(888),Printing & Publishing,Chennai +14 other locations
1201,Carborundum Universal Limited,3.7,(889),Industrial Machinery,Chennai +131 other locations
1202,AJIO,3.6,(886),Internet,Bengaluru +199 other locations
1203,Marks & Spencer,3.9,(885),Retail,New Delhi +61 other locations
1204,BGR Energy Systems,3.9,(884),Engineering & Construction,Chennai +53 other locations
1205,Ageas Federal Life Insurance,3.5,(883),Insurance,Mumbai +125 other locations
1206,H&M,3.8,(882),Fashion & Textile,Bengaluru +57 other locations
1207,Satya MicroCapital,3.7,(883),NBFC,New Delhi +190 other locations
1208,Centum Electronics,3.5,(881),Electronics Manufacturing,Bengaluru +18 other locations
1209,RAMTeCH Software Solutions,3.7,(882),IT Services & Consulting,Hyderabad +35 other locations
1210,Tata Chemicals,3.9,(882),Chemicals,Jamnagar +84 other locations
1211,Nibav Lifts,4.0,(880),Industrial Machinery,Chennai +41 other locations
1212,Ups Logistics,3.6,(880),Logistics,Pune +38 other locations
1213,Acme Cleantech Solutions,4.0,(878),Power,Gurugram +102 other locations
1214,WSP,4.2,(877),Management Consulting,Bengaluru +32 other locations
1215,Truhome Finance,3.6,(878),Financial Services,Mumbai +162 other locations
1216,Apar Industries,4.1,(876),Semiconductors,Mumbai +71 other locations
1217,Epsilon,3.6,(875),Marketing & Advertising,Bengaluru +16 other locations
1218,Nlb Services,3.6,(875),Recruitment,Noida +20 other locations
1219,Magna International,3.8,(875),Auto Components,Pune +22 other locations
1220,Magna International,3.8,(875),Auto Components,Pune +22 other locations
1221,Silaris Informations,2.9,(874),BPO,New Delhi +22 other locations
1222,Torry Harris Integration Solutions,4.1,(873),IT Services & Consulting,Bengaluru +10 other locations
1223,IDEMIA,3.8,(873),Electronics Manufacturing,Noida +54 other locations
1224,Shilpa Medicare,3.4,(873),Pharma,Hyderabad +30 other locations
1225,Tata Starbucks,4.1,(873),Hospitality,Mumbai +59 other locations
1226,Athena BPO,3.3,(872),BPO,Mumbai +38 other locations
1227,Future Focus Infotech,3.3,(871),IT Services & Consulting,Bengaluru +58 other locations
1228,Parag Milk Foods,3.9,(871),Food Processing,Mumbai +90 other locations
1229,Alorica,3.0,(870),BPO,Bengaluru +15 other locations
1230,Next Education India,3.2,(870),EdTech,Hyderabad +95 other locations
1231,C.R.I. Pumps,3.9,(869),Industrial Machinery,Coimbatore +70 other locations
1232,Ather Energy,4.1,(868),Automobile,Bengaluru +72 other locations
1233,Panacea Biotec,3.5,(868),Biotechnology,Baddi +74 other locations
1234,MOURI Tech,3.6,(866),IT Services & Consulting,Hyderabad +10 other locations
1235,Fedbank Financial Services,4.0,(866),NBFC,Mumbai +165 other locations
1236,India Shelter Finance Corporation,3.8,(864),NBFC,Gurugram +185 other locations
1237,National Health Mission,3.4,(863),Healthcare,Guwahati +281 other locations
1238,Parekh Integrated Services,4.0,(864),Logistics,Mumbai +75 other locations
1239,Rohan Builders,4.1,(862),Real Estate,Pune +67 other locations
1240,Precision Infomatic M Pvt Ltd,3.8,(860),IT Services & Consulting,Chennai +90 other locations
1241,LEAD School,3.2,(859),EdTech,Mumbai +103 other locations
1242,Nexdigm,3.7,(859),Management Consulting,Pune +13 other locations
1243,Porter,3.5,(858),Internet,Bengaluru +32 other locations
1244,Bechtel,3.9,(857),Engineering & Construction,Gurugram +31 other locations
1245,Tata Hitachi Construction Machinery,4.0,(856),Industrial Machinery,Kharagpur +76 other locations
1246,Rico Auto Industries,3.8,(856),Auto Components,Gurugram +32 other locations
1247,Tata Power Solar,4.1,(856),Power,Bengaluru +90 other locations
1248,Shaktiman Tirth Agro Technology,3.9,(856),Industrial Machinery,Rajkot +67 other locations
1249,Impact Infotech Pvt. Ltd.,3.4,(855),IT Services & Consulting,Mumbai +76 other locations
1250,UKG,2.9,(854),Software Product,Noida +12 other locations
1251,Swaraj Tractors,4.0,(853),Automobile,Sahibzada Ajit Singh Nagar +107 other locations
1252,enGen Global,3.9,(853),IT Services & Consulting,Chennai +6 other locations
1253,Metso,4.1,(853),Metals & Mining,Alwar +48 other locations
1254,KGISL,3.0,(852),IT Services & Consulting,Coimbatore +21 other locations
1255,Casagrand,3.8,(852),Real Estate,Chennai +19 other locations
1256,Clarivate,3.7,(850),Analytics & KPO,Bengaluru +17 other locations
1257,Jaya Hind Industries,3.7,(848),Auto Components,Pune +37 other locations
1258,Victora Auto Private Limited,4.0,(848),Auto Components,Faridabad +31 other locations
1259,Mahindra First Choice,3.8,(847),Internet,Mumbai +118 other locations
1260,Royal Sundaram General Insurance,3.7,(846),Insurance,Chennai +107 other locations
1261,Union Bank of India,3.8,(846),Banking,Mumbai +151 other locations
1262,AuthBridge Research Services,3.2,(845),IT Services & Consulting,Gurugram +21 other locations
1263,Serco,4.2,(844),Analytics & KPO,Mumbai +41 other locations
1264,Guardian India,3.8,(844),Insurance,Chennai +13 other locations
1265,Sanden Vikas,4.0,(843),Auto Components,Faridabad +33 other locations
1266,Mahindra Tractors,4.1,(842),Automobile,Nagpur +125 other locations
1267,Sutherland Healthcare Solutions,3.7,(842),Analytics & KPO,Hyderabad +14 other locations
1268,Patel Infrastructure Limited,4.3,(842),Engineering & Construction,Vadodara +60 other locations
1269,IBS Software Services,3.5,(841),Software Product,Kochi +19 other locations
1270,Duck Creek Technologies,4.5,(840),Software Product,Mumbai +9 other locations
1271,Fareportal,3.0,(840),Internet,Gurugram +14 other locations
1272,HP India,3.8,(838),Consumer Electronics & Appliances,Bengaluru +63 other locations
1273,Eris Lifesciences,3.6,(836),Pharma,Ahmedabad +92 other locations
1274,Bank of India,3.9,(836),Banking,Mumbai +184 other locations
1275,Rockwell Automation,3.7,(835),Industrial Automation,Pune +22 other locations
1276,Greaves Cotton,4.0,(835),Auto Components,Chhatrapati Sambhajinagar +50 other locations
1277,Luxoft,3.6,(835),IT Services & Consulting,Bengaluru +22 other locations
1278,FIITJEE,3.2,(834),Education & Training,New Delhi +47 other locations
1279,Arvind Lifestyle Brands,4.0,(832),Fashion & Textile,Bengaluru +86 other locations
1280,Encore Capital Group,3.9,(832),Financial Services,Gurugram +8 other locations
1281,Baxter International,3.8,(832),Healthcare,Bengaluru +33 other locations
1282,Medusind Solutions,3.4,(831),IT Services & Consulting,Chennai +11 other locations
1283,Lumen Technologies,3.9,(831),Hardware & Networking,Bengaluru +14 other locations
1284,Consolidated Contractors,4.3,(830),Engineering & Construction,Mumbai +55 other locations
1285,Ford Business Solutions,4.0,(830),IT Services & Consulting,Chennai +51 other locations
1286,eTeam,3.2,(829),Recruitment,Bengaluru +21 other locations
1287,Teamware Solutions,4.2,(829),Recruitment,Hyderabad +24 other locations
1288,Artech Infosystems,3.3,(829),Recruitment,Bengaluru +21 other locations
1289,Feedback Infrastructure Services,3.4,(828),Engineering & Construction,Gurugram +128 other locations
1290,BDO,3.2,(828),Accounting & Auditing,Mumbai +34 other locations
1291,RR kabel,4.1,(826),Electrical Equipment,Vadodara +116 other locations
1292,Freshworks,3.3,(826),Software Product,Chennai +46 other locations
1293,Five-Star Business Finance,4.1,(826),NBFC,Chennai +249 other locations
1294,Ramco Systems,3.7,(825),Software Product,Chennai +28 other locations
1295,Y-Axis Overseas Careers,4.1,(825),Other,Hyderabad +17 other locations
1296,Poly Medicure,3.5,(825),Medical Equipment,Faridabad +46 other locations
1297,Rodic Consultants,4.2,(824),Engineering & Construction,New Delhi +134 other locations
1298,Rashmi Group,3.5,(823),Iron & Steel,Kharagpur +31 other locations
1299,Bpo Convergence,3.4,(822),BPO,Hyderabad +36 other locations
1300,Shivalik Small Finance Bank,4.1,(822),Banking,Noida +42 other locations
1301,K Raheja Corp,4.2,(820),Real Estate,Mumbai +16 other locations
1302,Integra Software Services,3.7,(819),IT Services & Consulting,Puducherry +19 other locations
1303,Zydus Healthcare,4.0,(819),Pharma,Mumbai +108 other locations
1304,Principal Global Services,3.6,(819),Insurance,Pune +11 other locations
1305,Syneos Health,3.6,(819),Clinical Research,Gurugram +17 other locations
1306,DBG Technology,3.7,(818),Electronics Manufacturing,Rewari +25 other locations
1307,Advik Hi Tech,3.7,(818),Auto Components,Pune +30 other locations
1308,Linde India,3.9,(817),Chemicals,Vadodara +57 other locations
1309,Punj Lloyd,3.9,(817),Engineering & Construction,Gurugram +70 other locations
1310,Sunbeam Auto,3.9,(817),Auto Components,Gurugram +30 other locations
1311,Waaree Energies,4.0,(816),Power,Surat +54 other locations
1312,Huhtamaki,4.0,(815),Packaging,Mumbai +44 other locations
1313,Qinecsa Solutions,2.7,(814),Clinical Research,Mysuru +18 other locations
1314,Prama Hikvision India,3.5,(813),Electronics Manufacturing,Mumbai +56 other locations
1315,Vastu Housing Finance,4.1,(813),NBFC,Mumbai +174 other locations
1316,Qualitest,3.6,(812),IT Services & Consulting,Bengaluru +22 other locations
1317,JK Paper,3.8,(811),Pulp & Paper,Rayagada +52 other locations
1318,Bill Gosling Outsourcing India,3.5,(810),Gurugram +13 other locations,N/A
1319,Investors Clinic,3.6,(810),Real Estate,Noida +36 other locations
1320,Praj Industries,4.0,(810),Biotechnology,Pune +46 other locations
1321,Vijaya Diagnostic Centre,3.8,(809),Healthcare,Hyderabad +40 other locations
1322,Fluor Corporation,4.1,(805),Engineering & Construction,Gurugram +24 other locations
1323,Ascendion,3.2,(804),IT Services & Consulting,Bengaluru +16 other locations
1324,Credence Resource Management,3.0,(804),BPO,Pune +9 other locations
1325,Universal Sompo General Insurance,4.3,(804),Insurance,Mumbai +126 other locations
1326,Reliance BP Mobility,3.6,(803),Oil & Gas,Mumbai +105 other locations
1327,Dineshchandra R. Agrawal Infracon,4.0,(803),Engineering & Construction,Ahmedabad +83 other locations
1328,Ugro Capital,3.7,(803),NBFC,Mumbai +170 other locations
1329,RenewBuy,3.3,(802),Internet,Gurugram +108 other locations
1330,THE LEELA PALACES HOTELS & RESORTS,4.0,(801),Hospitality,New Delhi +34 other locations
1331,Eveready Industries,3.9,(801),Consumer Electronics & Appliances,Kolkata +111 other locations
1332,Aequs,3.4,(801),Defence & Aerospace,Belagavi +13 other locations
1333,PUMA,4.1,(800),Fashion & Textile,Bengaluru +100 other locations
1334,Border Security Force,4.4,(800),Law Enforcement & Security,New Delhi +112 other locations
1335,Ramkrishna Forgings,3.4,(800),Auto Components,Jamshedpur +28 other locations
1336,Prince Pipes & Fittings,4.2,(799),Building Material,Mumbai +87 other locations
1337,Chennai Radha Engineering Works,3.9,(799),Engineering & Construction,Chennai +58 other locations
1338,Zidio Development,4.4,(798),IT Services & Consulting,Bengaluru +35 other locations
1339,IFFCO,4.1,(798),Agro Chemicals,New Delhi +119 other locations
1340,Amber Enterprises India,3.9,(798),Electronics Manufacturing,Gurugram +44 other locations
1341,Novac Technology Solutions,3.5,(798),Software Product,Chennai +24 other locations
1342,AISIN,4.1,(796),Auto Components,Rohtak +27 other locations
1343,Rallis India,4.0,(796),Agro Chemicals,Ankleshwar +121 other locations
1344,Radical Minds,2.9,(796),BPO,Gurugram +13 other locations
1345,Hitachi,3.9,(795),Industrial Machinery,Bengaluru +89 other locations
1346,Intex Technologies,3.7,(795),Consumer Electronics & Appliances,New Delhi +77 other locations
1347,Somany Ceramics,4.2,(795),Building Material,New Delhi +87 other locations
1348,Engineers India,4.2,(795),Engineering & Construction,New Delhi +84 other locations
1349,Zuventus Healthcare,3.9,(795),Pharma,Mumbai +101 other locations
1350,Wipro Consumer Care & Lighting,3.7,(793),FMCG,Bengaluru +118 other locations
1351,Franklin Templeton Investments,3.8,(793),Financial Services,Hyderabad +33 other locations
1352,Maveric Systems,3.3,(793),IT Services & Consulting,Chennai +11 other locations
1353,Careernet,3.5,(793),Recruitment,Bengaluru +24 other locations
1354,Ask Automotive,4.2,(792),Auto Components,Gurugram +29 other locations
1355,Denave,3.4,(791),Marketing & Advertising,Noida +71 other locations
1356,Action Construction Equipment,3.7,(792),Industrial Machinery,Faridabad +60 other locations
1357,Microtek International,3.7,(791),Consumer Electronics & Appliances,New Delhi +119 other locations
1358,Jai Balaji Group,3.2,(790),Iron & Steel,Durgapur +41 other locations
1359,Indo Autotech,3.9,(790),Auto Components,Faridabad +34 other locations
1360,Indo Autotech,3.9,(790),Auto Components,Faridabad +34 other locations
1361,Petpooja,3.9,(790),Software Product,Ahmedabad +77 other locations
1362,Hilti,3.4,(788),Industrial Machinery,Gurugram +48 other locations
1363,Cigniti Technologies,3.8,(788),IT Services & Consulting,Hyderabad +9 other locations
1364,Travel Food Services Ltd,4.1,(787),Hospitality,Mumbai +36 other locations
1365,NTT,3.9,(785),IT Services & Consulting,Mumbai +43 other locations
1366,Axtria,2.8,(784),Software Product,Gurugram +8 other locations
1367,Progressive Infotech,3.3,(784),IT Services & Consulting,Noida +68 other locations
1368,Edubridge Learning,3.9,(784),EdTech,Mumbai +63 other locations
1369,First Advantage,3.4,(783),Recruitment,Bengaluru +12 other locations
1370,Allied Digital Services,3.1,(783),IT Services & Consulting,Mumbai +58 other locations
1371,Toyo Engineering,4.0,(782),Engineering & Construction,Mumbai +46 other locations
1372,Pratap Technocrats,3.7,(781),Telecom,Pune +121 other locations
1373,Skill Lync,3.1,(780),EdTech,Chennai +17 other locations
1374,Creative Synergies Group,3.9,(780),IT Services & Consulting,Bengaluru +9 other locations
1375,Hitachi Digital Services,3.5,(779),IT Services & Consulting,Hyderabad +16 other locations
1376,People Tech Group,2.3,(779),IT Services & Consulting,Hyderabad +13 other locations
1377,Ksb Pumps,3.7,(778),Industrial Machinery,Pune +39 other locations
1378,JM Financial,3.8,(778),Financial Services,Mumbai +73 other locations
1379,Reliance Smart,4.1,(777),Retail,Hyderabad +251 other locations
1380,Fleetguard Filters Private Limited,4.3,(777),Auto Components,Pune +85 other locations
1381,Lea Associates South Asia,4.3,(777),Engineering & Construction,New Delhi +142 other locations
1382,Forever Living Products,4.3,(776),Fitness & Wellness,Mumbai +95 other locations
1383,Lenovo,4.0,(775),Consumer Electronics & Appliances,Bengaluru +83 other locations
1384,Forvia Hella,3.8,(775),Auto Components,Pune +32 other locations
1385,Wapcos,3.2,(774),Engineering & Construction,New Delhi +150 other locations
1386,Neurealm,3.4,(774),IT Services & Consulting,Chennai +18 other locations
1387,ManipalCigna Health Insurance,3.8,(773),Insurance,Mumbai +135 other locations
1388,Bses Rajdhani Power,3.8,(773),Power,New Delhi +22 other locations
1389,JioStar,3.5,(773),Media & Entertainment,Mumbai +42 other locations
1390,Wabtec,3.9,(773),Auto Components,Bengaluru +32 other locations
1391,Fidelity International,3.6,(772),Financial Services,Gurugram +14 other locations
1392,Amadeus,3.7,(772),Software Product,Bengaluru +14 other locations
1393,Quatrro Business Support Services,3.3,(772),Recruitment,Gurugram +14 other locations
1394,Alivus Life Sciences,3.8,(771),Pharma,Ankleshwar +22 other locations
1395,Bunge India,3.9,(772),Food Processing,Sahibzada Ajit Singh Nagar +71 other locations
1396,Central Industrial Security Force,4.3,(771),Law Enforcement & Security,New Delhi +89 other locations
1397,VA Tech Wabag,3.8,(771),Waste Management,Chennai +54 other locations
1398,Creambell,3.9,(771),Food Processing,New Delhi +105 other locations
1399,BNP Paribas India Solutions,3.6,(768),IT Services & Consulting,Mumbai +10 other locations
1400,Celebal Technologies,3.0,(766),IT Services & Consulting,Jaipur +24 other locations
1401,Assystem,3.3,(766),Engineering & Construction,Chennai +68 other locations
1402,Orion Edutech,3.3,(764),EdTech,Kolkata +115 other locations
1403,Times Internet,3.5,(764),Internet,Noida +24 other locations
1404,Padget Electronics,3.7,(763),Electronics Manufacturing,Noida +17 other locations
1405,Protiviti,3.0,(763),Management Consulting,Gurugram +28 other locations
1406,Zee Entertainment Enterprises,3.4,(762),Media & Entertainment,Mumbai +35 other locations
1407,Wipro Infrastructure Engineering,3.7,(762),Industrial Machinery,Bengaluru +37 other locations
1408,Aurigo Software Technologies,4.6,(762),Software Product,Bengaluru +6 other locations
1409,McDermott International,4.2,(761),Engineering & Construction,Chennai +33 other locations
1410,National Informatics Centre,3.9,(761),Government,New Delhi +77 other locations
1411,TO THE NEW,3.6,(760),IT Services & Consulting,Noida +20 other locations
1412,CMS Computers Limited (INDIA),3.7,(759),IT Services & Consulting,New Delhi +78 other locations
1413,HSBC Software Development,4.1,(759),Software Product,Pune +8 other locations
1414,Better.com,3.0,(758),Financial Services,Gurugram +9 other locations
1415,Brane Enterprises,2.1,(757),Software Product,Hyderabad +12 other locations
1416,Steel Authority Of India,4.1,(757),Iron & Steel,Bokaro +54 other locations
1417,India Japan Lighting,4.1,(757),Auto Components,Chennai +29 other locations
1418,Exicom,4.0,(757),Semiconductors,Gurugram +31 other locations
1419,Ameriprise Financial,3.7,(757),Financial Services,Gurugram +11 other locations
1420,Samsung E&A,4.0,(756),Engineering & Construction,Noida +47 other locations
1421,UnitedLex,2.7,(756),Analytics & KPO,New Delhi +13 other locations
1422,Veradigm,3.7,(757),Software Product,Pune +9 other locations
1423,Vaaman Engineers,3.7,(756),Engineering & Construction,Jharsuguda +46 other locations
1424,Neuland Laboratories,4.0,(755),Pharma,Hyderabad +7 other locations
1425,Sharda Motor Industries,3.7,(756),Auto Components,Chennai +27 other locations
1426,BCD Travel,4.3,(754),Travel & Tourism,Bengaluru +11 other locations
1427,Transrail Lighting,4.0,(754),Engineering & Construction,Mumbai +99 other locations
1428,Mindsprint,3.5,(755),IT Services & Consulting,Chennai +10 other locations
1429,Finolex Cables,3.7,(754),Electrical Equipment,Pune +76 other locations
1430,Dunzo,3.5,(753),Internet,Bengaluru +21 other locations
1431,LifeCell International,3.3,(752),Biotechnology,Chennai +76 other locations
1432,Mott MacDonald,4.0,(751),Management Consulting,Mumbai +49 other locations
1433,1 India Family Mart,4.6,(750),Retail,New Delhi +98 other locations
1434,CADD Centre Training Services,3.9,(751),Education & Training,Chennai +132 other locations
1435,Religare,3.6,(750),Financial Services,New Delhi +98 other locations
1436,RITES,3.9,(750),Engineering & Construction,Gurugram +90 other locations
1437,India Cements,3.8,(749),Building Material,Chennai +93 other locations
1438,Integreon,3.2,(750),BPO,Mumbai +12 other locations
1439,ESL Steel,3.8,(748),Iron & Steel,Bokaro +25 other locations
1440,ESL Steel,3.8,(748),Iron & Steel,Bokaro +25 other locations
1441,Stellantis,3.4,(747),Automobile,Chennai +17 other locations
1442,EMERSON PROCESS MANAGEMENT,4.1,(747),Industrial Automation,Pune +31 other locations
1443,Bitwise Solutions,3.7,(747),IT Services & Consulting,Pune +9 other locations
1444,Hapag-Lloyd,3.8,(747),Ports & Shipping,Chennai +16 other locations
1445,Primus Global Technologies,3.7,(747),IT Services & Consulting,Bengaluru +27 other locations
1446,Sterling Tools,4.5,(747),Auto Components,Faridabad +16 other locations
1447,Writer Information Management Services,3.1,(747),BPO,Mumbai +70 other locations
1448,Google Operations Center,3.5,(746),BPO,Hyderabad +14 other locations
1449,Greenply,3.8,(747),Building Material,Kolkata +97 other locations
1450,Isuzu Motors,4.1,(745),Automobile,Chennai +39 other locations
1451,Smollan Group,3.9,(744),Marketing & Advertising,Mumbai +144 other locations
1452,Boeing,3.8,(743),Aviation,Bengaluru +13 other locations
1453,Volkswagen Group Digital Solutions [India],3.9,(743),IT Services & Consulting,Pune +15 other locations
1454,Care Hospital,4.1,(742),Healthcare,Hyderabad +43 other locations
1455,SLK Global Services,4.0,(740),BPO,Bengaluru +9 other locations
1456,Electrosteel Casting,3.6,(739),Building Material,Kolkata +30 other locations
1457,Deepak Nitrite,3.9,(739),Chemicals,Vadodara +20 other locations
1458,Rackspace,3.7,(739),IT Services & Consulting,Gurugram +15 other locations
1459,Galfar,3.9,(739),Engineering & Construction,Muscat +39 other locations
1460,LG Soft India,2.7,(738),IT Services & Consulting,Bengaluru +15 other locations
1461,ASG Eye Hospital,3.4,(737),Healthcare,Jaipur +76 other locations
1462,OLX India,3.7,(736),Internet,Gurugram +57 other locations
1463,Sun Life Financial,3.8,(737),Financial Services,Gurugram +12 other locations
1464,Mswipe Technologies,3.2,(736),FinTech,Mumbai +97 other locations
1465,Evision Technoserve,4.8,(735),IT Services & Consulting,Pune +44 other locations
1466,Delta Electronics,3.8,(735),Electronics Manufacturing,Bengaluru +45 other locations
1467,Redcliffe Labs,4.0,(738),Healthcare,New Delhi +83 other locations
1468,The Akshaya Patra Foundation,4.4,(734),Non-Profit,Bengaluru +68 other locations
1469,Eugia Pharma Specialities,4.0,(736),Pharma,Hyderabad +18 other locations
1470,GirnarSoft,3.6,(733),IT Services & Consulting,Gurugram +53 other locations
1471,Trianz,3.6,(733),IT Services & Consulting,Hyderabad +9 other locations
1472,BDO India LLP,3.2,(732),Accounting & Auditing,Mumbai +36 other locations
1473,Indusind Marketing & Financial Services,3.7,(731),Financial Services,Chennai +274 other locations
1474,B. G. Shirke Construction Technology,4.2,(734),Engineering & Construction,Pune +26 other locations
1475,V-Trans,3.8,(731),Logistics,Mumbai +94 other locations
1476,Sterlite Power,4.1,(731),Power,New Delhi +84 other locations
1477,McKinsey & Company,3.8,(731),Management Consulting,Gurugram +25 other locations
1478,JSW Energy,4.1,(729),Power,Mumbai +79 other locations
1479,Eastman Auto and Power Limited,3.9,(728),Electronics Manufacturing,Gurugram +72 other locations
1480,Eastman Auto and Power Limited,3.9,(728),Electronics Manufacturing,Gurugram +72 other locations
1481,Home First Finance Company India,3.5,(727),NBFC,Mumbai +105 other locations
1482,JSW Energy,4.1,(727),Power,Mumbai +79 other locations
1483,Adidas,3.9,(726),Fashion & Textile,Gurugram +69 other locations
1484,Koch Business Solutions,3.1,(726),IT Services & Consulting,Bengaluru +11 other locations
1485,R.V.R. PROJECTS,3.9,(726),Engineering & Construction,Hyderabad +68 other locations
1486,Vertex Customer Solutions,3.5,(725),IT Services & Consulting,Chennai +33 other locations
1487,Mitsubishi Electric India,4.2,(725),Electronics Manufacturing,Pune +52 other locations
1488,Expleo Solutions,3.5,(725),IT Services & Consulting,Chennai +15 other locations
1489,Lavender Technology,4.9,(724),IT Services & Consulting,Bengaluru +8 other locations
1490,AI Airport Services,3.3,(724),Aviation,Mumbai +60 other locations
1491,Molex,3.9,(724),Electronics Manufacturing,Bengaluru +17 other locations
1492,TDK India Private Limited,3.9,(722),Semiconductors,Nashik +26 other locations
1493,Nvidia,3.5,(721),Hardware & Networking,Pune +19 other locations
1494,Bristlecone,3.6,(721),IT Services & Consulting,Bengaluru +14 other locations
1495,Tavant Technologies,3.8,(720),IT Services & Consulting,Bengaluru +13 other locations
1496,Bikanervala,3.8,(720),FMCG,New Delhi +70 other locations
1497,DuPont,4.2,(720),Waste Management,Hyderabad +46 other locations
1498,Genus Power Infrastructures,3.9,(720),Electronics Manufacturing,Jaipur +88 other locations
1499,Razorpay,3.4,(718),FinTech,Bengaluru +27 other locations
1500,Shalby Hospitals,4.2,(717),Healthcare,Ahmedabad +23 other locations
1501,BSH Home Appliances Group,3.8,(716),Consumer Electronics & Appliances,Bengaluru +60 other locations
1502,NecLife,3.6,(715),Pharma,Chandigarh +30 other locations
1503,Tredence,3.3,(715),IT Services & Consulting,Bengaluru +9 other locations
1504,bp,3.7,(715),Oil & Gas,Pune +15 other locations
1505,Kissht Finance,3.9,(714),FinTech,Mumbai +96 other locations
1506,URC Construction,3.6,(716),Engineering & Construction,Chennai +51 other locations
1507,Rentokil Pest Control,3.5,(715),Facility Management Services,Mumbai +111 other locations
1508,ffreedom app,3.5,(715),Internet,Bengaluru +25 other locations
1509,ReSource Pro,3.7,(716),BPO,Bengaluru +9 other locations
1510,Biba Apparels,3.5,(714),Fashion & Textile,New Delhi +97 other locations
1511,Medreich,3.8,(713),Pharma,Bengaluru +15 other locations
1512,Bahwan CyberTek,3.4,(713),IT Services & Consulting,Chennai +21 other locations
1513,Thriveni Earthmovers,3.9,(713),Metals & Mining,Jamshedpur +47 other locations
1514,uFaber,2.2,(711),Education & Training,Mumbai +24 other locations
1515,Cotiviti,3.5,(712),Analytics & KPO,Hyderabad +10 other locations
1516,KreditBee,3.5,(710),FinTech,Bengaluru +26 other locations
1517,Apple,4.3,(709),Consumer Electronics & Appliances,Bengaluru +107 other locations
1518,Goodyear,3.4,(709),Auto Components,Chhatrapati Sambhajinagar +66 other locations
1519,XcelServ Solutions,4.4,(708),IT Services & Consulting,New Delhi +33 other locations
1520,Infor Global Solution,3.9,(708),Software Product,Hyderabad +9 other locations
1521,Gartner,3.8,(709),Management Consulting,Gurugram +18 other locations
1522,Diebold Nixdorf,3.6,(708),Software Product,Hyderabad +45 other locations
1523,Raychem RPG,3.7,(706),Electrical Equipment,Mumbai +34 other locations
1524,Lovely Professional University,3.3,(705),Education & Training,Jalandhar +29 other locations
1525,Visteon,3.1,(705),Auto Components,Chennai +21 other locations
1526,Wow Momo Foods,4.1,(704),Hospitality,Kolkata +66 other locations
1527,Amrit Cement,3.9,(704),Building Material,Guwahati +50 other locations
1528,PrimEra Medical Technologies,3.5,(703),IT Services & Consulting,Hyderabad +14 other locations
1529,Ness Digital Engineering,3.2,(703),IT Services & Consulting,Bengaluru +11 other locations
1530,Central Bank of India,3.9,(703),Banking,Mumbai +210 other locations
1531,Moglix,3.3,(703),Internet,Noida +39 other locations
1532,Ramky Infrastructure,4.2,(702),Engineering & Construction,Hyderabad +51 other locations
1533,Wolters Kluwer,3.8,(702),Software Product,Pune +16 other locations
1534,Joyalukkas,4.6,(702),Retail,Bengaluru +76 other locations
1535,Mynd Solutions Private,3.7,(701),BPO,Gurugram +33 other locations
1536,Jubilant Ingrevia,3.8,(700),Chemicals,Bharuch +33 other locations
1537,Patel Engineering,4.1,(701),Engineering & Construction,Mumbai +70 other locations
1538,HRH Next Services,3.0,(700),BPO,Hyderabad +23 other locations
1539,Vindhya Telelinks,4.0,(699),Hardware & Networking,Lucknow +96 other locations
1540,CtrlS,3.7,(697),IT Services & Consulting,Hyderabad +17 other locations
1541,Kaar Tech,4.3,(696),IT Services & Consulting,Chennai +12 other locations
1542,LEAP India Limited,4.6,(696),Packaging,Mumbai +48 other locations
1543,Radico Khaitan,4.0,(696),Beverage,Rampur +81 other locations
1544,TCNS Clothing Company,4.1,(696),Fashion & Textile,New Delhi +110 other locations
1545,Nephroplus,3.8,(696),Healthcare,Hyderabad +113 other locations
1546,IHG,3.5,(695),Hospitality,New Delhi +46 other locations
1547,TTK Prestige,3.8,(696),Consumer Electronics & Appliances,Bengaluru +83 other locations
1548,Csc E Governance Services,3.7,(695),Government,New Delhi +202 other locations
1549,Asb International,3.6,(695),Industrial Machinery,Mumbai +23 other locations
1550,Technotask Business Solutions,3.5,(696),BPO,Bhopal +21 other locations
1551,Sykes Business Services Of India,3.4,(695),BPO,Hyderabad +15 other locations
1552,Transsion,4.0,(695),Consumer Electronics & Appliances,Noida +65 other locations
1553,Progressive Infovision,3.8,(694),Recruitment,New Delhi +79 other locations
1554,Samunnati,4.5,(694),NBFC,Chennai +61 other locations
1555,Writer Corporation,3.4,(693),Logistics,Mumbai +83 other locations
1556,Dodla Dairy,4.2,(693),Food Processing,Hyderabad +73 other locations
1557,North East Small Finance Bank,3.5,(693),Banking,Guwahati +92 other locations
1558,Bharat Serums and Vaccines,4.0,(693),Pharma,Mumbai +66 other locations
1559,HSBC Bank,4.0,(693),Banking,Hyderabad +37 other locations
1560,HSBC Bank,4.0,(693),Banking,Hyderabad +37 other locations
1561,Flash Electronics,3.5,(691),Electronics Manufacturing,Pune +22 other locations
1562,PPG Asian Paints,3.8,(691),Chemicals,Mumbai +60 other locations
1563,Nomura Holdings,3.6,(691),Investment Banking / Venture Capital / Private Equity,Mumbai +11 other locations
1564,BDO RISE Private Limited,3.6,(691),Accounting & Auditing,Bengaluru +9 other locations
1565,Wuerth,3.5,(693),Industrial Machinery,Pune +65 other locations
1566,Lohia Corp,4.0,(692),Industrial Machinery,Kanpur +21 other locations
1567,Vizag Steel,3.9,(690),Iron & Steel,Visakhapatnam +29 other locations
1568,TransUnion,3.6,(691),Financial Services,Chennai +10 other locations
1569,Leverage Edu,4.0,(690),EdTech,Noida +22 other locations
1570,NSB Bpo Solutions,2.8,(689),BPO,Noida +83 other locations
1571,Emami Agrotech,3.9,(689),Food Processing,Kolkata +67 other locations
1572,YOKOGAWA,3.8,(687),Industrial Automation,Bengaluru +26 other locations
1573,Bisk Farm,4.0,(688),Food Processing,Kolkata +139 other locations
1574,Titan Eye Plus,4.1,(687),Other,Kolkata +132 other locations
1575,Elite Elevators,4.2,(686),Industrial Machinery,Chennai +41 other locations
1576,ChannelPlay,3.8,(686),Marketing & Advertising,Gurugram +93 other locations
1577,Neeyamo Enterprise Solutions,3.5,(686),Madurai +10 other locations,N/A
1578,Autoliv,3.9,(686),Auto Components,Bengaluru +23 other locations
1579,Teamlease Digital,3.3,(686),Recruitment,Bengaluru +68 other locations
1580,Capco Technologies,3.8,(687),IT Services & Consulting,Bengaluru +18 other locations
1581,Quislex Legal Services,4.1,(685),Legal,Hyderabad +11 other locations
1582,Blue Yonder,3.6,(686),Software Product,Bengaluru +14 other locations
1583,Caparo Engineering India,3.9,(685),Auto Components,Chennai +34 other locations
1584,Keventer,3.8,(685),FMCG,Kolkata +65 other locations
1585,Cohesity,3.9,(685),Software Product,Pune +47 other locations
1586,Embibe,3.4,(684),EdTech,Bengaluru +19 other locations
1587,Kurlon,4.3,(684),Furniture & Furnishing,Bengaluru +88 other locations
1588,SG Analytics,2.5,(686),Analytics & KPO,Pune +12 other locations
1589,VRL Logistics,3.8,(684),Logistics,Bengaluru +119 other locations
1590,Orient Technologies,3.7,(683),IT Services & Consulting,Mumbai +50 other locations
1591,Orient Cement,4.4,(683),Building Material,Hyderabad +71 other locations
1592,BASF,4.2,(683),Chemicals,Mumbai +96 other locations
1593,Rane NSK Steering Systems,4.0,(683),Auto Components,Chennai +26 other locations
1594,Bayer Crop Science Vegetable Seeds,4.2,(683),Bengaluru +140 other locations,N/A
1595,Toppr,3.4,(682),EdTech,Mumbai +42 other locations
1596,Medtronic,3.9,(682),Medical Equipment,Hyderabad +46 other locations
1597,TVS Electronics,3.7,(682),Electronics Manufacturing,Chennai +72 other locations
1598,Testbook.com,3.3,(682),EdTech,Noida +30 other locations
1599,Doosan Power Systems,4.3,(681),Power,Gurugram +31 other locations
1600,Bridgestone - Global Capability Center,4.0,(681),Auto Components,Pune +61 other locations
1601,Doosan Power Systems,4.3,(681),Power,Gurugram +31 other locations
1602,Livpure,3.8,(681),Consumer Electronics & Appliances,Gurugram +82 other locations
1603,Office Beacon,4.6,(681),BPO,Vadodara +20 other locations
1604,Wissen Infotech,3.5,(680),IT Services & Consulting,Bengaluru +15 other locations
1605,Lionbridge Technologies,3.5,(679),Content Development,Mumbai +14 other locations
1606,CJ Darcl Logistics Limited,4.0,(678),Logistics,Gurugram +84 other locations
1607,Tejas Networks,3.8,(678),Hardware & Networking,Bengaluru +35 other locations
1608,Solv,3.5,(678),Internet,Bengaluru +142 other locations
1609,R.S. Infraprojects,4.0,(677),Engineering & Construction,Noida +99 other locations
1610,MPS Limited,3.5,(678),Content Development,Dehradun +24 other locations
1611,InternEzy,4.9,(676),EdTech,Chennai +6 other locations
1612,Mahindra Integrated Business Solutions,3.4,(676),BPO,Mumbai +87 other locations
1613,Dhanuka Agritech,3.7,(675),Agro Chemicals,Gurugram +110 other locations
1614,Quess IT Staffing Solutions,3.2,(674),Bengaluru +55 other locations,N/A
1615,PCBL Chemical Limited,3.9,(674),Petrochemicals,Vadodara +25 other locations
1616,BrightCHAMPS,4.3,(674),EdTech,Bengaluru +28 other locations
1617,Redington,4.0,(673),Hardware & Networking,Chennai +48 other locations
1618,Vasudha Pharma Chem,4.0,(673),Pharma,Visakhapatnam +9 other locations
1619,Housing.com,3.5,(672),Internet,Gurugram +44 other locations
1620,Housing.com,3.5,(672),Internet,Gurugram +44 other locations
1621,Magic EdTech,3.5,(672),EdTech,Noida +11 other locations
1622,Wissen Technology,3.8,(672),IT Services & Consulting,Bengaluru +9 other locations
1623,Osource Global,3.5,(672),BPO,Mumbai +28 other locations
1624,Triveni Engineering & Industries,4.1,(671),Food Processing,Noida +57 other locations
1625,Welspun World,3.7,(670),Building Material,Anjar +53 other locations
1626,ANAROCK Property Consultants,3.5,(670),Real Estate,Mumbai +31 other locations
1627,HCL Healthcare,4.6,(670),Healthcare,Noida +40 other locations
1628,EPL Limited,3.8,(669),Packaging,Mumbai +34 other locations
1629,NextComm Corporation,4.8,(669),Software Product,Bengaluru +8 other locations
1630,L&T Power,3.9,(669),Power,Vadodara +98 other locations
1631,Snapdeal,3.7,(668),Internet,Gurugram +31 other locations
1632,Magic Bus India Foundation,3.9,(669),Non-Profit,Mumbai +79 other locations
1633,SMC Global Securities,3.5,(668),Financial Services,New Delhi +90 other locations
1634,JoulestoWatts Business Solutions,3.4,(668),IT Services & Consulting,Bengaluru +17 other locations
1635,Government of India,4.2,(667),Government,New Delhi +158 other locations
1636,DAV Public School,4.0,(667),Education & Training,New Delhi +153 other locations
1637,Ingram Micro,3.6,(666),IT Services & Consulting,Mumbai +47 other locations
1638,CSC,3.5,(666),Financial Services,Bengaluru +24 other locations
1639,Saint Gobain Glass,3.9,(667),Building Material,Chennai +57 other locations
1640,Future Supply Chain Solutions,4.4,(665),Logistics,Nagpur +70 other locations
1641,Optimum Infosystem,3.2,(665),IT Services & Consulting,Chennai +16 other locations
1642,Krsnaa Diagnostics,3.6,(664),Healthcare,Pune +98 other locations
1643,Indorama,3.9,(664),Agro Chemicals,Haldia +46 other locations
1644,Revolut,2.6,(664),FinTech,Bengaluru +17 other locations
1645,Narayana e-Techno School,3.6,(662),Education & Training,Bengaluru +104 other locations
1646,Omaxe,4.2,(662),Real Estate,New Delhi +24 other locations
1647,Licious,3.6,(661),Internet,Bengaluru +38 other locations
1648,Kutumbh Care,4.0,(660),Recruitment,Noida +161 other locations
1649,Epicenter Technologies,3.4,(660),BPO,Mumbai +8 other locations
1650,DeHaat,3.5,(661),Internet,Gurugram +117 other locations
1651,TCI Express,3.9,(660),Logistics,Gurugram +77 other locations
1652,Impetus Technologies,3.3,(660),IT Services & Consulting,Indore +14 other locations
1653,My Home Industries,4.1,(659),Building Material,Hyderabad +70 other locations
1654,Quality Austria Central Asia,3.5,(659),Other,New Delhi +75 other locations
1655,Centaur Pharmaceuticals,3.5,(659),Pharma,Pune +67 other locations
1656,Healthians,4.0,(658),Internet,Gurugram +48 other locations
1657,Sintex BAPL,3.6,(658),Petrochemicals,Ahmedabad +71 other locations
1658,PeopleStrong,3.3,(658),Recruitment,Gurugram +20 other locations
1659,BankBazaar,3.2,(657),FinTech,Chennai +16 other locations
1660,Collegedunia,3.3,(657),Internet,Gurugram +29 other locations
1661,Grihum Housing Finance,3.6,(657),NBFC,Pune +151 other locations
1662,Nihilent,3.2,(657),IT Services & Consulting,Pune +8 other locations
1663,Surin Automotive,3.9,(656),Industrial Machinery,Pune +22 other locations
1664,Celebi Aviation Holding,4.0,(655),Aviation,New Delhi +19 other locations
1665,Corporate Infotech,3.7,(655),IT Services & Consulting,New Delhi +54 other locations
1666,Cogoport,3.2,(655),Internet,Mumbai +13 other locations
1667,Carrier,3.7,(654),Industrial Machinery,Hyderabad +52 other locations
1668,TIAA Global Business Services,3.7,(653),Financial Services,Pune +9 other locations
1669,Tata Power Delhi Distribution,3.8,(653),Power,New Delhi +31 other locations
1670,Marlabs,3.5,(653),IT Services & Consulting,Bengaluru +12 other locations
1671,Careon Healthcare Solutions,3.9,(653),Medical Equipment,Bengaluru +14 other locations
1672,Yatra,3.3,(651),Travel & Tourism,Gurugram +20 other locations
1673,Qatar Airways,3.5,(651),Aviation,Ahmedabad +29 other locations
1674,TDS Lithium-Ion Battery,4.2,(651),Auto Components,Ahmedabad +20 other locations
1675,NiCE,3.6,(650),Software Product,Pune +15 other locations
1676,National Stock Exchange of India,3.5,(649),Financial Services,Mumbai +34 other locations
1677,Hetero Healthcare,3.5,(649),Pharma,Hyderabad +83 other locations
1678,Inspirisys Solution,3.7,(649),IT Services & Consulting,Chennai +56 other locations
1679,ICA Edu Skills,3.8,(648),Education & Training,Kolkata +120 other locations
1680,RealPage,3.6,(648),Software Product,Hyderabad +8 other locations
1681,Pennar Industries,3.5,(647),Engineering & Construction,Hyderabad +32 other locations
1682,Sigma Engineered Solutions,3.9,(646),Industrial Machinery,Pune +16 other locations
1683,Forbes Marshall,3.9,(646),Industrial Machinery,Pune +24 other locations
1684,Anudip Foundation,4.1,(646),Non-Profit,Kolkata +64 other locations
1685,Videocon d2h,3.8,(645),Internet,New Delhi +118 other locations
1686,Fiat India Automobiles,3.6,(645),Automobile,Pune +23 other locations
1687,3M,4.0,(645),Electronics Manufacturing,Bengaluru +54 other locations
1688,Times Group,3.8,(645),Printing & Publishing,Mumbai +47 other locations
1689,MAQ Software,3.2,(645),IT Services & Consulting,Noida +10 other locations
1690,Talentpro,3.8,(645),Recruitment,Chennai +127 other locations
1691,Alshaya Group,3.7,(645),Retail,Bengaluru +29 other locations
1692,Ramboll,3.9,(644),Engineering & Construction,Gurugram +32 other locations
1693,Vikram Solar,3.6,(644),Power,Kolkata +42 other locations
1694,FCC Clutch,3.9,(643),Auto Components,Gurugram +26 other locations
1695,Uno Mindarika,4.0,(643),Auto Components,Gurugram +27 other locations
1696,Gainwell Commosales,4.0,(643),Industrial Machinery,Kolkata +84 other locations
1697,Philips Innovation Campus,3.7,(643),Software Product,Bengaluru +20 other locations
1698,Welspun Corp,4.0,(643),Iron & Steel,Anjar +31 other locations
1699,Danfoss Industries,3.8,(641),Industrial Machinery,Chennai +21 other locations
1700,Danfoss Industries,3.8,(641),Industrial Machinery,Chennai +21 other locations
1701,Finova Capital,3.8,(641),NBFC,Jaipur +190 other locations
1702,Suroj Buildcon,4.1,(641),Engineering & Construction,Pune +50 other locations
1703,Belstar Microfinance,3.9,(640),NBFC,Chennai +228 other locations
1704,Shriram Automall,4.1,(639),Internet,New Delhi +109 other locations
1705,TVS Eurogrip,3.7,(639),Auto Components,Madurai +84 other locations
1706,Ebixcash Global Services,3.2,(639),BPO,Mumbai +41 other locations
1707,Kaizen IT Services,3.9,(639),IT Services & Consulting,Kolkata +93 other locations
1708,Varthana,4.0,(639),NBFC,Bengaluru +80 other locations
1709,GKN,3.8,(638),Defence & Aerospace,Pune +30 other locations
1710,Global Healthcare Billing Partners,3.3,(638),BPO,Chennai +15 other locations
1711,Chaitanya India Fin Credit,4.1,(638),NBFC,Bengaluru +178 other locations
1712,ExportersIndia,4.9,(637),Internet,New Delhi +2 other locations
1713,Mount Litera Zee School,3.7,(637),Education & Training,Bengaluru +127 other locations
1714,Ferrero,3.9,(636),Food Processing,Pune +104 other locations
1715,NoBrokerHood,2.8,(636),Software Product,Bengaluru +33 other locations
1716,The Lalit,3.4,(636),Hospitality,New Delhi +32 other locations
1717,NRB Bearings,4.0,(635),Auto Components,Chhatrapati Sambhajinagar +21 other locations
1718,South Indian Bank,3.3,(635),Banking,Kochi +85 other locations
1719,Geojit Financial Services,3.3,(636),Financial Services,Kochi +142 other locations
1720,Monte Carlo,4.2,(635),Fashion & Textile,Ahmedabad +106 other locations
1721,B.L. Kashyap & Sons,3.7,(635),Engineering & Construction,Bengaluru +25 other locations
1722,UKB Electronics Limited,3.5,(635),Electronics Manufacturing,Noida +24 other locations
1723,Airports Authority of India,4.3,(635),Aviation,New Delhi +91 other locations
1724,ACKO,3.4,(634),Insurance,Bengaluru +14 other locations
1725,Continental,3.7,(634),Auto Components,Bengaluru +50 other locations
1726,Khazana Jewellery,3.9,(634),Jewellery,Chennai +50 other locations
1727,Me n Moms,4.2,(633),Retail,Mumbai +66 other locations
1728,Electrotherm,4.2,(633),Iron & Steel,Ahmedabad +41 other locations
1729,SOLAR INDUSTRIES INDIA,3.7,(632),Defence & Aerospace,Nagpur +39 other locations
1730,Avalon Technologies,3.8,(632),Electronics Manufacturing,Chennai +17 other locations
1731,Suraksha Diagnostic,3.7,(631),Healthcare,Kolkata +35 other locations
1732,Data Entry,4.2,(631),BPO,New Delhi +109 other locations
1733,InsuranceDekho,3.5,(631),Internet,Gurugram +86 other locations
1734,Maharashtra Seamless,3.5,(629),Building Material,Mumbai +25 other locations
1735,Turbo Energy,4.1,(629),Auto Components,Chennai +25 other locations
1736,Kiya.ai,3.9,(629),IT Services & Consulting,Mumbai +18 other locations
1737,Varun Motors,3.8,(630),Automobile,Hyderabad +42 other locations
1738,Annalect,3.4,(628),Marketing & Advertising,Bengaluru +15 other locations
1739,Sl Lumax,3.4,(628),Auto Components,Chennai +19 other locations
1740,Manjushree Technopack,3.6,(628),Bengaluru +35 other locations,N/A
1741,Sir H. N. Reliance Foundation Hospital and Research,4.2,(628),Healthcare,Mumbai +10 other locations
1742,Reliance Jewels,3.9,(628),Jewellery,Mumbai +131 other locations
1743,IDBI Intech Limited,3.2,(627),IT Services & Consulting,Mumbai +28 other locations
1744,NetConnectGlobal,3.1,(626),IT Services & Consulting,Bengaluru +44 other locations
1745,Tecnimont,3.8,(626),Engineering & Construction,Mumbai +29 other locations
1746,Sapphire Foods India,3.8,(626),Hospitality,Mumbai +66 other locations
1747,Serum Institute of India,4.1,(625),Biotechnology,Pune +26 other locations
1748,Myk Laticrete,3.8,(625),Building Material,Hyderabad +89 other locations
1749,Motilal Oswal Wealth Management,4.4,(624),Financial Services,Mumbai +26 other locations
1750,Sasken,3.6,(624),IT Services & Consulting,Bengaluru +12 other locations
1751,Suma Soft,3.5,(624),IT Services & Consulting,Pune +11 other locations
1752,Crowne Plaza,4.1,(624),Hospitality,New Delhi +36 other locations
1753,Emids Technologies Limited,3.6,(625),IT Services & Consulting,Bengaluru +9 other locations
1754,Vedanta Limited,3.7,(623),Metals & Mining,Lanjigarh +54 other locations
1755,IRB Infrastructure,3.9,(623),Engineering & Construction,Mumbai +72 other locations
1756,Hamilton Housewares,3.8,(622),Consumer Electronics & Appliances,Mumbai +55 other locations
1757,Blackrock,3.5,(622),Financial Services,Gurugram +18 other locations
1758,Medcode,3.8,(622),IT Services & Consulting,Hyderabad +10 other locations
1759,CSM Technologies,4.0,(622),IT Services & Consulting,Bhubaneswar +22 other locations
1760,Action Tesa,3.8,(621),Building Material,Sitarganj +64 other locations
1761,Avaada Group,4.3,(622),Power,Noida +71 other locations
1762,Aster Dm Healthcare,3.7,(621),Healthcare,Bengaluru +39 other locations
1763,Karvy Stock Broking,3.6,(620),Hyderabad +106 other locations,N/A
1764,AML RightSource,2.6,(619),IT Services & Consulting,New Delhi +9 other locations
1765,Pyramid IT Consulting,3.1,(619),Recruitment,Noida +25 other locations
1766,Central Reserve Police Force,4.6,(620),Government,New Delhi +95 other locations
1767,Trigent Software,3.4,(619),IT Services & Consulting,Bengaluru +29 other locations
1768,Kajaria Ceramics,3.9,(618),Building Material,New Delhi +84 other locations
1769,Okaya Power,3.8,(618),Electronics Manufacturing,New Delhi +87 other locations
1770,Nucleus Software Exports,3.3,(618),Software Product,Noida +12 other locations
1771,HDFC Asset Management Company,4.1,(617),Financial Services,Mumbai +140 other locations
1772,Renovision Automation Services,3.3,(617),IT Services & Consulting,New Delhi +71 other locations
1773,Sapiens,3.1,(617),Software Product,Bengaluru +8 other locations
1774,Super Smelters,3.7,(617),Iron & Steel,Asansol +24 other locations
1775,Dr. Batras' Positive Health Clinic,3.8,(617),Healthcare,Mumbai +88 other locations
1776,Kirloskar Ferrous Industries,3.6,(619),Iron & Steel,Koppal +22 other locations
1777,Royaloak Incorporation,3.6,(617),Furniture & Furnishing,Bengaluru +47 other locations
1778,EaseMyTrip.com,4.1,(617),Internet,New Delhi +10 other locations
1779,Finastra,3.7,(618),Software Product,Bengaluru +13 other locations
1780,Einfochips,3.5,(617),IT Services & Consulting,Ahmedabad +13 other locations
1781,Sudarshan Chemical Industries,3.9,(616),Chemicals,Roha +26 other locations
1782,Schwing Stetter,3.8,(617),Industrial Machinery,Chennai +44 other locations
1783,Shivam Autotech,3.6,(617),Auto Components,Gurugram +21 other locations
1784,Fiem Industries,3.7,(616),Auto Components,Hosur +29 other locations
1785,Sintex Industries,3.9,(615),Industrial Machinery,Ahmedabad +58 other locations
1786,Vyapar,3.6,(616),Software Product,Bengaluru +40 other locations
1787,ThoughtWorks,3.9,(614),IT Services & Consulting,Bengaluru +11 other locations
1788,Godrej Industries,4.0,(614),Real Estate,Mumbai +68 other locations
1789,Agrostar,3.9,(614),Internet,Pune +53 other locations
1790,Mavenir Systems,3.3,(614),IT Services & Consulting,Bengaluru +19 other locations
1791,Infinity Learn,4.2,(614),EdTech,Hyderabad +18 other locations
1792,Finolex Industries,3.6,(613),Building Material,Pune +71 other locations
1793,Family Health Plan,3.7,(613),Insurance,Hyderabad +36 other locations
1794,Becton Dickinson,3.9,(613),Medical Equipment,Bengaluru +38 other locations
1795,Gestamp,3.7,(613),Auto Components,Pune +14 other locations
1796,Hitachi Systems Micro Clinic,4.0,(612),IT Services & Consulting,Mumbai +78 other locations
1797,Nspira Management Services,3.7,(612),Management Consulting,Hyderabad +59 other locations
1798,Mrs Bector's Food Specialities,3.9,(613),Food Processing,Greater Noida +89 other locations
1799,Cashify,3.9,(612),Internet,Gurugram +58 other locations
1800,Cyfuture,3.0,(612),IT Services & Consulting,Noida +38 other locations
1801,Ongc Petro Additions,4.0,(611),Petrochemicals,Bharuch +29 other locations
1802,Hpl Electric & Power,3.7,(610),Electrical Equipment,Gurugram +70 other locations
1803,BMC Software,3.9,(609),Software Product,Pune +10 other locations
1804,HashedIn by Deloitte,3.9,(610),IT Services & Consulting,Bengaluru +16 other locations
1805,Rocket India,4.0,(609),Financial Services,Chennai +11 other locations
1806,Netmeds.com,3.9,(608),Pharma,Chennai +125 other locations
1807,ITC Limited Foods Division,3.9,(608),Food Processing,Bengaluru +74 other locations
1808,Royal Caribbean International,4.1,(607),Sports & Recreation,Mumbai +26 other locations
1809,CSG International,3.4,(607),IT Services & Consulting,Bengaluru +13 other locations
1810,BT E Serv,3.9,(608),BPO,Kolkata +6 other locations
1811,Holiday Inn,3.9,(607),Hospitality,New Delhi +61 other locations
1812,Eli Lilly and Company,3.3,(607),Pharma,Bengaluru +19 other locations
1813,Jubilant Agri and Consumer Products,4.0,(607),Chemicals,Gurugram +116 other locations
1814,Varindera Constructions,4.4,(607),Engineering & Construction,New Delhi +27 other locations
1815,Sterling Oil Exploration & Energy Production,3.6,(607),Oil & Gas,Lagos +24 other locations
1816,Toyoda Gosei Minda,4.2,(605),Auto Components,Neemrana +24 other locations
1817,APL Apollo Tubes,4.1,(605),Iron & Steel,Raipur +48 other locations
1818,Grab A Grub Services,3.9,(605),Logistics,Mumbai +115 other locations
1819,MothersonSumi INfotech & Designs,3.4,(604),IT Services & Consulting,Noida +18 other locations
1820,IKEA,4.0,(604),Retail,Bengaluru +24 other locations
1821,DHL Global Forwarding,3.9,(604),Logistics,Chennai +21 other locations
1822,MothersonSumi INfotech & Designs,3.4,(604),IT Services & Consulting,Noida +18 other locations
1823,Jain Irrigation Systems,3.6,(604),Agriculture,Jalgaon +89 other locations
1824,Bharat Biotech International,3.1,(604),Biotechnology,Hyderabad +29 other locations
1825,Carnival Cruise Lines,4.2,(604),Sports & Recreation,Mumbai +31 other locations
1826,Anmol Industries,3.9,(602),FMCG,Kolkata +89 other locations
1827,Dhani Services,3.6,(602),Mumbai +80 other locations,N/A
1828,Polaris Consulting,4.2,(601),IT Services & Consulting,Hyderabad +18 other locations
1829,EdgeVerve Systems,3.2,(601),Software Product,Bengaluru +16 other locations
1830,Blackberrys,3.7,(601),Fashion & Textile,Gurugram +93 other locations
1831,Consulting Engineers Group,4.1,(601),Engineering & Construction,Jaipur +71 other locations
1832,Heidelberg Cement,4.0,(603),Building Material,Damoh +79 other locations
1833,Jaipur Rugs,4.2,(600),Fashion & Textile,Jaipur +20 other locations
1834,Lulu International Shopping Mall,3.7,(600),Retail,Bengaluru +42 other locations
1835,Ofbusiness,3.0,(600),Internet,Gurugram +42 other locations
1836,VDA Infosolutions,3.9,(601),IT Services & Consulting,Pune +34 other locations
1837,United Colors of Benetton,4.4,(599),Fashion & Textile,Gurugram +74 other locations
1838,C5i,4.2,(602),Analytics & KPO,Bengaluru +16 other locations
1839,The Saraswat Co-operative Bank,3.2,(600),Banking,Mumbai +35 other locations
1840,SIS Prosegur Holdings,3.4,(597),Law Enforcement & Security,New Delhi +95 other locations
1841,Vedang Cellular Services,3.8,(598),Telecom,Mumbai +69 other locations
1842,Medley Pharmaceuticals,3.9,(596),Pharma,Mumbai +77 other locations
1843,IDP Education Limited,3.6,(596),Education & Training,Chennai +50 other locations
1844,Perficient,3.7,(597),IT Services & Consulting,Chennai +11 other locations
1845,Maxicus,3.9,(596),BPO,Vadodara +15 other locations
1846,Pathkind Diagnostics Private Limited,3.9,(596),Healthcare,New Delhi +98 other locations
1847,Excitel Broadband,3.7,(595),Telecom,New Delhi +43 other locations
1848,Columbia Asia,4.6,(594),Healthcare,Bengaluru +18 other locations
1849,Ugam Solution,3.5,(594),IT Services & Consulting,Mumbai +14 other locations
1850,Aurionpro Solutions,3.5,(594),Software Product,Mumbai +49 other locations
1851,DealShare,3.5,(594),Internet,Bengaluru +43 other locations
1852,HLL Lifecare,3.7,(595),Healthcare,Thiruvananthapuram +114 other locations
1853,Sanghi Industries,4.0,(592),Building Material,Ahmedabad +29 other locations
1854,Accion Labs,3.5,(593),IT Services & Consulting,Bengaluru +13 other locations
1855,Vadilal Industries,4.1,(592),FMCG,Ahmedabad +84 other locations
1856,Inspira Enterprise India Limited,3.6,(592),IT Services & Consulting,Mumbai +35 other locations
1857,Bridge & Roof Co,3.4,(592),Engineering & Construction,Kolkata +64 other locations
1858,ShareChat,3.6,(591),Internet,Bengaluru +39 other locations
1859,FNP,3.7,(591),Retail,New Delhi +19 other locations
1860,Ascent HR Technologies Private Limited,3.6,(590),Software Product,Bengaluru +16 other locations
1861,Orra Fine Jewellery,3.5,(590),Jewellery,Mumbai +51 other locations
1862,NLC India Limited,4.4,(589),Metals & Mining,Neyveli +27 other locations
1863,BAXY Limited,4.0,(590),Auto Components,Bhiwadi +37 other locations
1864,Expleo Group,3.5,(589),IT Services & Consulting,Pune +10 other locations
1865,Affinity Express,2.8,(588),Marketing & Advertising,Pune +12 other locations
1866,Cvent,3.2,(589),Software Product,Gurugram +9 other locations
1867,Iron Mountain Inc,3.7,(588),IT Services & Consulting,Bengaluru +49 other locations
1868,Hettich,3.6,(588),Furniture & Furnishing,Mumbai +44 other locations
1869,Kellogg,4.2,(587),FMCG,Mumbai +84 other locations
1870,Saudi Aramco,4.4,(588),Oil & Gas,Mumbai +38 other locations
1871,Apitoria Pharma,4.3,(589),Pharma,Hyderabad +12 other locations
1872,Efs Facilities Services,3.8,(587),Facility Management Services,New Delhi +60 other locations
1873,Jindal Poly Films,3.7,(587),Packaging,Nashik +18 other locations
1874,Kauvery Hospital,4.0,(586),Healthcare,Chennai +20 other locations
1875,Colt Technology Services,4.2,(586),Hardware & Networking,Gurugram +13 other locations
1876,Maharashtra State Electricity Distribution Company,4.2,(585),Power,Pune +91 other locations
1877,AVTEC,3.5,(586),Auto Components,Hosur +27 other locations
1878,Dr. Reddy's Foundation,3.7,(586),Non-Profit,Hyderabad +88 other locations
1879,Coal India,3.9,(585),Metals & Mining,Kolkata +60 other locations
1880,Coal India,3.9,(585),Metals & Mining,Kolkata +60 other locations
1881,Dr. Reddy's Foundation,3.7,(585),Non-Profit,Hyderabad +88 other locations
1882,Alcon,3.8,(584),Medical Equipment,Bengaluru +38 other locations
1883,Allianz Services,4.1,(584),Insurance,Thiruvananthapuram +13 other locations
1884,Pamac Finserve,3.2,(583),BPO,Mumbai +60 other locations
1885,Capital Numbers Infotech,4.1,(583),IT Services & Consulting,Kolkata +9 other locations
1886,HUDL,3.2,(583),Software Product,Mumbai +16 other locations
1887,Jubilant Generics,3.9,(582),Pharma,Roorkee +24 other locations
1888,PTC,4.2,(582),Software Product,Pune +39 other locations
1889,Country Delight,3.9,(582),Food Processing,Gurugram +36 other locations
1890,Prochant,3.8,(581),Analytics & KPO,Chennai +10 other locations
1891,Damco Solutions,3.5,(581),IT Services & Consulting,Noida +22 other locations
1892,Hilton,4.1,(580),Hospitality,Bengaluru +41 other locations
1893,Axiscades,3.1,(580),IT Services & Consulting,Bengaluru +13 other locations
1894,PureSoftware,2.9,(581),Software Product,Noida +10 other locations
1895,PayU Payments,3.3,(580),FinTech,Gurugram +22 other locations
1896,BEML,3.7,(579),Industrial Machinery,Bengaluru +36 other locations
1897,Crystal Crop Protection,3.9,(579),Agro Chemicals,New Delhi +90 other locations
1898,Quest Retail Private Limited,4.0,(579),Retail,Gurugram +64 other locations
1899,QSpiders,3.7,(579),Education & Training,Bengaluru +26 other locations
1900,Fenesta Building Systems,4.0,(580),Building Material,Gurugram +74 other locations
1901,Ambit Finvest,4.0,(581),NBFC,Mumbai +117 other locations
1902,Matrimonialsindia,4.9,(579),Internet,New Delhi +1 other locations
1903,Empower,3.9,(578),Financial Services,Bengaluru +12 other locations
1904,Laxmi Organic Industries,3.7,(577),Chemicals,Mahad +21 other locations
1905,Congruex Asia Pacific,3.7,(577),Engineering & Construction,Sahibzada Ajit Singh Nagar +24 other locations
1906,GAMMON INDIA,3.7,(576),Engineering & Construction,Mumbai +72 other locations
1907,Icl Fincorp,4.7,(577),NBFC,Thrissur +65 other locations
1908,Maxop Engineering Co.,4.1,(575),Auto Components,Gurugram +17 other locations
1909,Genesys International Corporation,3.2,(575),IT Services & Consulting,Mumbai +15 other locations
1910,AVIOM,4.0,(575),NBFC,New Delhi +190 other locations
1911,Voyants Solutions,3.7,(575),Engineering & Construction,Gurugram +96 other locations
1912,ArcelorMittal,4.0,(577),Iron & Steel,Surat +50 other locations
1913,Applied Materials,3.7,(574),Semiconductors,Bengaluru +11 other locations
1914,Wood Group,3.8,(576),Engineering & Construction,Chennai +29 other locations
1915,Toyota Industries Engine India,4.3,(574),Auto Components,Bengaluru +15 other locations
1916,Magma General Insurance Limited,3.8,(574),Insurance,Mumbai +87 other locations
1917,TSYS|Total System Services,4.1,(573),FinTech,Pune +11 other locations
1918,WayCool Foods and Products,3.4,(573),FMCG,Chennai +42 other locations
1919,McCain Foods,4.0,(573),FMCG,Mahesana +73 other locations
1920,SAEL Industries Limited,3.9,(572),Power,New Delhi +65 other locations
1921,J K Fenner,3.9,(572),Engineering & Construction,Chennai +56 other locations
1922,Pinnacle Infotech,3.4,(572),IT Services & Consulting,Durgapur +19 other locations
1923,HBL Power Systems,4.0,(572),Electrical Equipment,Hyderabad +49 other locations
1924,Prestige Group,4.3,(572),Real Estate,Bengaluru +31 other locations
1925,AVEVA,4.0,(571),Software Product,Hyderabad +14 other locations
1926,Vishwa Samudra Engineering,3.6,(571),Engineering & Construction,Hyderabad +45 other locations
1927,Paras Dairy,3.4,(571),Food Processing,New Delhi +60 other locations
1928,Lear Corporation,4.0,(571),Auto Components,Pune +19 other locations
1929,Paramount Health Services Tpa,3.8,(570),Insurance,Mumbai +40 other locations
1930,Dishman Carbogen Amcis,3.5,(570),Pharma,Ahmedabad +15 other locations
1931,Baker Hughes,4.0,(570),Oil & Gas,Bengaluru +38 other locations
1932,Andritz Hydro Location India,3.8,(570),Industrial Machinery,Chennai +28 other locations
1933,Premier Energies,4.0,(569),Electronics Manufacturing,Hyderabad +27 other locations
1934,Transport Corporation Of India,3.8,(569),Logistics,Gurugram +83 other locations
1935,BUSINESSNEXT,3.5,(570),Software Product,Noida +9 other locations
1936,MR.DIY,3.4,(569),Retail,Mumbai +87 other locations
1937,Adani Cement,3.5,(569),Building Material,Ahmedabad +149 other locations
1938,Amway India Enterprises,4.0,(568),Fitness & Wellness,Gurugram +80 other locations
1939,Micromax Informatics,3.9,(567),Consumer Electronics & Appliances,New Delhi +118 other locations
1940,"DATAMARK, Inc.",3.4,(567),BPO,Chennai +13 other locations
1941,UTL Solar,3.6,(568),Electronics Manufacturing,New Delhi +80 other locations
1942,Western Refrigeration,3.8,(568),Industrial Machinery,Vapi +43 other locations
1943,Micromax Informatics,3.9,(567),Consumer Electronics & Appliances,New Delhi +118 other locations
1944,SoftAge Information Technology,3.6,(567),IT Services & Consulting,Gurugram +127 other locations
1945,DB Schenker,4.3,(566),Logistics,Gurugram +40 other locations
1946,Titan Engineering & Automation,3.8,(566),Engineering & Construction,Hosur +18 other locations
1947,Levi Strauss & Co.,4.2,(565),Fashion & Textile,Bengaluru +80 other locations
1948,Marelli,3.5,(562),Auto Components,Gurugram +18 other locations
1949,Navin Fluorine International,3.8,(563),Chemicals,Surat +17 other locations
1950,Datamatics Business Solutions,3.3,(563),Management Consulting,Mumbai +13 other locations
1951,United Spirits,4.0,(562),Beverage,Bengaluru +96 other locations
1952,NAV Backoffice,3.8,(563),Accounting & Auditing,Jaipur +10 other locations
1953,Unified Mentor,4.1,(564),IT Services & Consulting,Bengaluru +46 other locations
1954,Mahendra NextWealth IT,3.4,(562),IT Services & Consulting,Salem +26 other locations
1955,Bajaj Consumer Care,3.8,(562),FMCG,Mumbai +113 other locations
1956,Renault,3.9,(562),Automobile,Chennai +148 other locations
1957,Hitachi Cash Management Services,3.1,(562),Other,Mumbai +105 other locations
1958,LendingKart,3.6,(561),NBFC,Ahmedabad +46 other locations
1959,Solara Active Pharma Sciences,3.7,(562),Pharma,Chennai +19 other locations
1960,Vindhya e-Info Media,3.9,(560),BPO,Bengaluru +19 other locations
1961,Harman Finochem,3.6,(561),Pharma,Chhatrapati Sambhajinagar +14 other locations
1962,MITS Global Consulting,4.5,(560),Recruitment,Mumbai +12 other locations
1963,Toothsi,2.7,(559),Internet,Mumbai +20 other locations
1964,IKF Finance,3.9,(558),NBFC,Hyderabad +133 other locations
1965,The Times of India,3.6,(558),Media & Entertainment,New Delhi +53 other locations
1966,Artemis Hospitals,4.1,(558),Healthcare,Gurugram +20 other locations
1967,WPP Media,3.6,(557),Marketing & Advertising,Gurugram +27 other locations
1968,Carlsberg,4.0,(557),Beverage,Gurugram +68 other locations
1969,FiveS Digital,3.3,(556),BPO,Jamshedpur +27 other locations
1970,Kellogg Brown and Root,4.1,(556),Engineering & Construction,Chennai +36 other locations
1971,Innominds Software,3.2,(556),IT Services & Consulting,Hyderabad +7 other locations
1972,Kirloskar Pneumatic,4.0,(555),Industrial Machinery,Pune +22 other locations
1973,GSPANN Technologies,4.0,(556),IT Services & Consulting,Hyderabad +9 other locations
1974,Bharat Fritz Werner,3.9,(555),Industrial Machinery,Bengaluru +18 other locations
1975,Herbalife International,4.0,(555),Healthcare,Bengaluru +85 other locations
1976,Courtyard by Marriott,4.2,(555),Hospitality,Mumbai +41 other locations
1977,L & W Constructions,3.9,(554),Engineering & Construction,Bengaluru +19 other locations
1978,AM Infoweb,3.8,(554),BPO,Pune +8 other locations
1979,Practo,2.9,(553),Internet,Bengaluru +24 other locations
1980,Equifax,4.0,(553),Analytics & KPO,Pune +12 other locations
1981,Haldiram Snacks,3.9,(553),Food Processing,Noida +69 other locations
1982,Z X Learning,4.3,(553),EdTech,Lucknow +89 other locations
1983,Virtual Employee,3.2,(553),Recruitment,Noida +22 other locations
1984,Enco Engineers Combine,3.7,(552),Auto Components,Gurugram +18 other locations
1985,Craftsman Automation,3.8,(552),Auto Components,Coimbatore +26 other locations
1986,BLK Super Speciality Hospital,3.9,(552),Healthcare,New Delhi +16 other locations
1987,Unimoni,3.8,(551),FinTech,Chennai +136 other locations
1988,My Home Constructions,4.3,(551),Real Estate,Hyderabad +19 other locations
1989,Allianz Partners,3.7,(551),Insurance,Gurugram +19 other locations
1990,Indecomm Global Services,4.1,(550),IT Services & Consulting,Bengaluru +13 other locations
1991,Propertypistol Realty,3.8,(550),Internet,Mumbai +25 other locations
1992,RAK Ceramics,3.7,(550),Building Material,Kakinada +64 other locations
1993,Inox Wind,3.7,(549),Power,Noida +41 other locations
1994,Sulzer,3.8,(549),Industrial Machinery,Pune +26 other locations
1995,Macawber Beekay,4.2,(549),Industrial Machinery,Noida +57 other locations
1996,Vimta Labs,3.4,(549),Clinical Research,Hyderabad +30 other locations
1997,Tracxn,2.6,(547),Internet,Bengaluru +10 other locations
1998,General Motors,4.0,(548),Automobile,Pune +35 other locations
1999,Roop Polymers,3.9,(547),Auto Components,Gurugram +25 other locations
2000,Utility Powertech,3.9,(546),Power,New Delhi +93 other locations
2001,Ralson Tyres Limited,3.7,(547),Auto Components,Ludhiana +54 other locations
2002,Yokohama,3.6,(546),Auto Components,Bahadurgarh +44 other locations
2003,Regalix,2.7,(546),Marketing & Advertising,Hyderabad +7 other locations
2004,Maini Precision Products,3.4,(546),Auto Components,Bengaluru +11 other locations
2005,Sanmina Sci,4.1,(547),Electronics Manufacturing,Chennai +16 other locations
2006,Zolo,3.4,(545),Internet,Bengaluru +26 other locations
2007,Scaler Academy,3.5,(545),EdTech,Bengaluru +8 other locations
2008,Fena,4.0,(545),FMCG,New Delhi +87 other locations
2009,Innovatiview India Ltd,4.2,(545),Emerging Technologies,Noida +15 other locations
2010,RadiSys,3.8,(545),Telecom,Bengaluru +11 other locations
2011,Gayatri Projects,3.9,(545),Engineering & Construction,Hyderabad +71 other locations
2012,Kidzee,4.0,(546),EdTech,Kolkata +122 other locations
2013,Offshore Infrastructures,4.2,(544),Engineering & Construction,Mumbai +52 other locations
2014,Hi Tech Gears,3.9,(544),Auto Components,Bhiwadi +28 other locations
2015,Micron Electricals,4.1,(543),Engineering & Construction,Bengaluru +18 other locations
2016,RuralShores,3.6,(543),BPO,Bengaluru +47 other locations
2017,DFM Foods,4.0,(543),FMCG,New Delhi +81 other locations
2018,NMDC Limited,4.1,(542),Metals & Mining,Jagdalpur +41 other locations
2019,Welspun Enterprises,4.2,(542),Engineering & Construction,Mumbai +48 other locations
2020,Zycus Infotech,2.5,(542),Software Product,Mumbai +9 other locations
2021,Dusters Total Solutions Services,3.9,(541),Facility Management Services,Bengaluru +65 other locations
2022,Hitachi Systems,3.9,(541),IT Services & Consulting,Mumbai +41 other locations
2023,GUS Education India,3.1,(541),Education & Training,Hyderabad +8 other locations
2024,Saksoft,3.4,(541),IT Services & Consulting,Bengaluru +18 other locations
2025,Sterling,4.0,(541),Healthcare,Mumbai +65 other locations
2026,Maxgen Technologies,4.5,(541),IT Services & Consulting,Pune +8 other locations
2027,Brigade Group,4.1,(541),Real Estate,Bengaluru +11 other locations
2028,Eicher Motors,4.0,(541),Automobile,Indore +97 other locations
2029,Dhani Healthcare,3.4,(540),FinTech,Gurugram +81 other locations
2030,RMC Readymix,3.6,(540),Building Material,Mumbai +67 other locations
2031,Legrand,3.8,(540),Electrical Equipment,Mumbai +58 other locations
2032,Pierian Services,3.3,(540),Management Consulting,Bengaluru +19 other locations
2033,Vidal Health Insurance,3.6,(540),Insurance,Bengaluru +38 other locations
2034,S P Singla Constructions,3.5,(539),Engineering & Construction,Patna +65 other locations
2035,BOBCARD Ltd.,4.0,(539),NBFC,Mumbai +111 other locations
2036,MUTHOOT HOMEFIN (I) LTD.,3.8,(539),NBFC,Mumbai +110 other locations
2037,FMC Corporation,3.9,(539),Agro Chemicals,Bharuch +115 other locations
2038,Amara Raja Infra,3.9,(539),Engineering & Construction,Hyderabad +53 other locations
2039,Insuremile,4.7,(538),Internet,Bengaluru +16 other locations
2040,Insuremile,4.7,(538),Internet,Bengaluru +16 other locations
2041,ExxonMobil,3.8,(537),Oil & Gas,Bengaluru +38 other locations
2042,Zaalima Development,4.3,(537),IT Services & Consulting,Bengaluru +19 other locations
2043,Cpf India,4.1,(536),Food Processing,Bengaluru +59 other locations
2044,Indian Bank,3.4,(536),Banking,Chennai +128 other locations
2045,Bharat Gears,4.0,(536),Auto Components,Faridabad +25 other locations
2046,Mecon,3.8,(535),Metals & Mining,Ranchi +50 other locations
2047,Bharti Infratel,4.7,(535),Telecom,Gurugram +68 other locations
2048,Emaar India Limited,3.6,(535),Real Estate,Gurugram +18 other locations
2049,Canon,4.0,(535),Consumer Electronics & Appliances,Gurugram +67 other locations
2050,Infiniti Research,3.4,(534),Analytics & KPO,Bengaluru +8 other locations
2051,Aptus Value Housing Finance India,4.0,(534),NBFC,Chennai +155 other locations
2052,Reliance Life Sciences,3.6,(534),Clinical Research,Mumbai +34 other locations
2053,N.C.L. Industries,3.7,(533),Building Material,Hyderabad +71 other locations
2054,Castrol,4.3,(533),Petrochemicals,Mumbai +122 other locations
2055,Satyam Auto Components,3.9,(533),Auto Components,Gurugram +28 other locations
2056,Chemplast Sanmar,3.4,(533),Chemicals,Salem +20 other locations
2057,Systra Consulting,4.0,(533),Engineering & Construction,New Delhi +39 other locations
2058,Capital Business Systems,3.6,(532),IT Services & Consulting,New Delhi +111 other locations
2059,Insolutions Global,3.4,(532),FinTech,Mumbai +20 other locations
2060,Consero Global Solutions,3.0,(532),Financial Services,Bengaluru +10 other locations
2061,Spectrum Talent Management,3.5,(532),Recruitment,Noida +86 other locations
2062,Vestige,4.3,(531),Fitness & Wellness,New Delhi +112 other locations
2063,DM Immigration Consultant,1.0,(530),Other,Bengaluru +4 other locations
2064,Hafele,3.9,(530),Furniture & Furnishing,Mumbai +44 other locations
2065,Uttar Pradesh Power Corporation,4.0,(530),Power,Lucknow +88 other locations
2066,CompuCom,3.8,(530),IT Services & Consulting,Pune +7 other locations
2067,India Private Driver,3.8,(529),Travel & Tourism,Pune +164 other locations
2068,Pitti Engineering,3.7,(529),Industrial Machinery,Hyderabad +14 other locations
2069,Wellness Forever Medicare,3.8,(529),Retail,Mumbai +42 other locations
2070,CDK Global,3.8,(529),IT Services & Consulting,Hyderabad +7 other locations
2071,House Of Anita Dongre,3.9,(528),Fashion & Textile,Mumbai +48 other locations
2072,Tuaman Engineering,4.3,(528),Engineering & Construction,Kolkata +38 other locations
2073,V.S.T Tillers Tractors,3.5,(528),Industrial Machinery,Bengaluru +56 other locations
2074,Mobikwik,3.4,(527),FinTech,Gurugram +51 other locations
2075,Adda 247,3.5,(527),EdTech,Gurugram +23 other locations
2076,Metro Group of Hospitals,3.8,(527),Healthcare,New Delhi +32 other locations
2077,RSB Transmissions,3.9,(528),Auto Components,Pune +23 other locations
2078,Suprajit Engineering,3.8,(527),Auto Components,Bengaluru +39 other locations
2079,Atomberg Technologies,3.8,(527),Consumer Electronics & Appliances,Pune +68 other locations
2080,SunTec Web Services,3.2,(526),BPO,New Delhi +10 other locations
2081,Innovaccer,3.1,(526),Software Product,Noida +8 other locations
2082,EC-Council,4.0,(526),EdTech,Hyderabad +19 other locations
2083,CTS Consulting & Technical Support,3.7,(526),Engineering & Construction,Chennai +31 other locations
2084,OutworX,3.5,(526),IT Services & Consulting,Pune +40 other locations
2085,Coats,3.6,(526),Fashion & Textile,Bengaluru +56 other locations
2086,Telenor,4.1,(525),Telecom,Gurugram +114 other locations
2087,JK Tech,3.8,(525),IT Services & Consulting,Bengaluru +20 other locations
2088,Hamdard,4.0,(525),FMCG,New Delhi +77 other locations
2089,Stock Holding Corporation of India,3.5,(525),Financial Services,Mumbai +100 other locations
2090,Wockhardt Hospital,3.9,(525),Healthcare,Mumbai +26 other locations
2091,Head Field Solutions,4.3,(524),Recruitment,Noida +6 other locations
2092,Morepen Laboratories,3.8,(524),Pharma,New Delhi +47 other locations
2093,Galaxy Surfactants,3.8,(524),Chemicals,Mumbai +26 other locations
2094,Infotact Solutions,4.4,(524),IT Services & Consulting,Bengaluru +17 other locations
2095,African Industries,4.0,(524),Iron & Steel,Lagos +24 other locations
2096,Chaayos,3.4,(524),Retail,New Delhi +21 other locations
2097,Metalman Auto,3.9,(524),Auto Components,Chhatrapati Sambhajinagar +24 other locations
2098,Voya India,3.7,(524),Financial Services,Bengaluru +13 other locations
2099,Hitech Projects Limited,4.6,(523),Engineering & Construction,Ahmedabad +8 other locations
2100,Hitech Projects Limited,4.6,(523),Engineering & Construction,Ahmedabad +8 other locations
2101,Foray Software,3.5,(522),IT Services & Consulting,Hyderabad +17 other locations
2102,Dr. Agarwal's Eye Hospital,3.8,(522),Healthcare,Chennai +83 other locations
2103,Metriqe Solutions,3.9,(522),BPO,Chennai +6 other locations
2104,Tradeshala,4.5,(521),Education & Training,Bengaluru +8 other locations
2105,Ge India Industrial,4.1,(521),Industrial Machinery,Pune +23 other locations
2106,AT&T,3.7,(521),Telecom,Bengaluru +19 other locations
2107,F1 Info Solutions and Services,3.6,(521),IT Services & Consulting,Noida +47 other locations
2108,Stylebaazar,3.9,(521),Retail,Kolkata +96 other locations
2109,Ramraj Cotton,4.1,(521),Fashion & Textile,Tiruppur +50 other locations
2110,Ziqitza Health Care,3.9,(520),Healthcare,Mumbai +60 other locations
2111,Kokilaben Dhirubhai Ambani Hospital,3.8,(520),Healthcare,Mumbai +20 other locations
2112,Macquarie Group,3.1,(520),Financial Services,Gurugram +17 other locations
2113,ACTE,4.6,(520),Education & Training,Chennai +10 other locations
2114,Paytm Payments Services,3.2,(520),FinTech,Noida +156 other locations
2115,Addverb Technologies,3.5,(520),Industrial Automation,Noida +23 other locations
2116,Amar Ujala,3.8,(519),Printing & Publishing,Noida +54 other locations
2117,Lakme,4.2,(519),Beauty & Personal Care,Mumbai +77 other locations
2118,Alight Solutions,3.3,(518),IT Services & Consulting,Gurugram +14 other locations
2119,BharatPe,3.4,(518),FinTech,Gurugram +84 other locations
2120,Karvy Data Management Services,3.9,(517),Analytics & KPO,Hyderabad +79 other locations
2121,Hero Cycles,3.2,(517),Automobile,Ludhiana +49 other locations
2122,PEGATRON,3.9,(517),Electronics Manufacturing,Chennai +13 other locations
2123,LearningMate Solutions,2.9,(517),EdTech,Mumbai +12 other locations
2124,RSM India,3.3,(517),Accounting & Auditing,Mumbai +36 other locations
2125,National Australia Bank,3.0,(518),Banking,Gurugram +9 other locations
2126,DiGibizz,N/A,N/A,Mumbai +162 other locations,N/A
2127,ATS Infrastructure,4.1,(516),Real Estate,Noida +12 other locations
2128,Vivanta by Taj,4.2,(516),Hospitality,New Delhi +48 other locations
2129,Safari Industries India,4.0,(516),Retail,Mumbai +75 other locations
2130,OMICS International,2.5,(515),Printing & Publishing,Hyderabad +6 other locations
2131,PC Solutions,4.3,(515),IT Services & Consulting,New Delhi +17 other locations
2132,Great Learning,3.4,(515),EdTech,Bengaluru +12 other locations
2133,Dalmia Bharat Group,3.8,(515),Building Material,New Delhi +102 other locations
2134,Micron Technology,3.7,(515),Semiconductors,Hyderabad +16 other locations
2135,Sheela Foam,3.9,(515),Furniture & Furnishing,Noida +93 other locations
2136,Muthoot MCred,3.4,(515),NBFC,Bengaluru +102 other locations
2137,Quikr,3.6,(514),Internet,Bengaluru +24 other locations
2138,FinThrive,3.5,(514),Analytics & KPO,Chennai +9 other locations
2139,TÜV Rheinland,4.1,(514),"Testing, Inspection and Certification (TIC)",Bengaluru +68 other locations
2140,Nivea,4.2,(514),Beauty & Personal Care,Mumbai +68 other locations
2141,Hindusthan National Glass,3.8,(514),Packaging,Bahadurgarh +23 other locations
2142,Webskitters,3.7,(514),IT Services & Consulting,Kolkata +4 other locations
2143,Cuemath,3.4,(513),EdTech,Bengaluru +22 other locations
2144,Cairn Energy,3.6,(513),Oil & Gas,Barmer +31 other locations
2145,Axa XL,3.6,(513),Insurance,Gurugram +6 other locations
2146,Mobile Programming,2.9,(513),IT Services & Consulting,Bengaluru +23 other locations
2147,ThoughtSol Infotech Limited,4.6,(512),IT Services & Consulting,New Delhi +18 other locations
2148,HSBC Global Banking and Markets,3.9,(512),Banking,Bengaluru +15 other locations
2149,Walkaroo International,3.6,(512),Fashion & Textile,Coimbatore +55 other locations
2150,Securitas,3.8,(512),Law Enforcement & Security,Gurugram +44 other locations
2151,Alchemy Techsol India,3.5,(514),IT Services & Consulting,Bengaluru +23 other locations
2152,Kandhari Beverages,3.8,(512),Beverage,Jammu +49 other locations
2153,Sarovar Hotels & Resorts,4.1,(510),Hospitality,New Delhi +72 other locations
2154,Johnson Matthey,3.8,(510),Metals & Mining,Gurugram +23 other locations
2155,RapiPay,3.6,(510),FinTech,Noida +111 other locations
2156,Centum Learning,3.8,(510),Education & Training,New Delhi +82 other locations
2157,CMR Green Technologies,3.5,(509),Metals & Mining,Faridabad +35 other locations
2158,Poorvika Mobiles,3.9,(509),Retail,Chennai +61 other locations
2159,MindGate Solutions,3.1,(508),IT Services & Consulting,Mumbai +10 other locations
2160,Jindal Power Limited,4.2,(508),Power,Raigarh +38 other locations
2161,MindGate Solutions,3.1,(508),IT Services & Consulting,Mumbai +10 other locations
2162,Kalyani Technoforge,3.8,(509),Auto Components,Pune +18 other locations
2163,Voltech,3.5,(508),Electrical Equipment,Chennai +44 other locations
2164,QHTalbros,3.8,(507),Auto Components,Gurugram +26 other locations
2165,Aparna Enterprises,3.9,(507),Building Material,Hyderabad +44 other locations
2166,ServiceNow,3.9,(507),Software Product,Hyderabad +15 other locations
2167,Akal Information Systems,4.4,(508),Software Product,New Delhi +53 other locations
2168,Pace Setters Business Solutions,3.4,(506),BPO,Mumbai +24 other locations
2169,BKT Tyres,4.2,(506),Auto Components,Bhuj +32 other locations
2170,Nelito System,3.2,(507),IT Services & Consulting,Mumbai +43 other locations
2171,BCG,3.6,(507),Management Consulting,Gurugram +8 other locations
2172,Gyan Dairy,4.0,(506),Food Processing,Lucknow +45 other locations
2173,Ascent Business Solutions,3.3,(505),Healthcare,Nagpur +14 other locations
2174,Deloitte Digital,3.8,(505),IT Services & Consulting,Bengaluru +27 other locations
2175,Markets and Markets,2.7,(505),Analytics & KPO,Pune +17 other locations
2176,Rakuten,3.6,(505),IT Services & Consulting,Bengaluru +11 other locations
2177,ZEISS India,3.6,(506),Industrial Machinery,Bengaluru +35 other locations
2178,Yardi Systems,3.6,(504),Software Product,Pune +3 other locations
2179,Rusan Pharma,3.5,(503),Pharma,Dehradun +24 other locations
2180,QBurst Technologies,4.2,(503),Software Product,Kochi +16 other locations
2181,Epiroc,4.0,(503),Industrial Machinery,Bengaluru +29 other locations
2182,CARE,4.3,(502),Non-Profit,Patna +114 other locations
2183,InCred Finance,3.8,(502),NBFC,Mumbai +70 other locations
2184,Signature Global,3.8,(502),Real Estate,Gurugram +14 other locations
2185,BharatMatrimony.com,3.9,(502),Internet,Chennai +30 other locations
2186,LIC Housing Finance,3.9,(503),NBFC,Mumbai +121 other locations
2187,Techwave Consulting,3.6,(502),IT Services & Consulting,Hyderabad +5 other locations
2188,Mars International India,4.1,(502),Food Processing,Hyderabad +87 other locations
2189,Vakrangee,3.6,(501),BPO,Mumbai +91 other locations
2190,Lotus Herbals Private Limited,4.2,(501),Beauty & Personal Care,New Delhi +74 other locations
2191,MathCo,3.1,(502),Analytics & KPO,Bengaluru +7 other locations
2192,TRINAMIX,4.4,(502),IT Services & Consulting,Pune +5 other locations
2193,Emerson Electric Co.,4.0,(500),Software Product,Pune +25 other locations
2194,Communications Test Design,3.7,(500),IT Services & Consulting,Bengaluru +51 other locations
2195,Varuna Integrated Logistics,3.7,(499),Logistics,Gurugram +53 other locations
2196,Hinduja Tech,3.1,(499),IT Services & Consulting,Chennai +17 other locations
2197,Tractebel,4.0,(499),Engineering & Construction,Gurugram +88 other locations
2198,Kirby Building Systems,4.0,(499),Building Material,Hyderabad +38 other locations
2199,Romsons Group Of Industries,3.7,(499),Medical Equipment,Agra +58 other locations
2200,Orcapod Consulting Services,3.1,(498),IT Services & Consulting,Hyderabad +22 other locations
2201,MediBuddy,3.3,(498),Healthcare,Bengaluru +20 other locations
2202,Pepperfry,3.1,(497),Furniture & Furnishing,Mumbai +38 other locations
2203,QUICK HEAL TECHNOLOGIES,3.6,(497),Software Product,Pune +47 other locations
2204,Global Autotech,4.0,(497),Auto Components,Greater Noida +16 other locations
2205,Future Lifestyle Fashion,4.2,(497),Retail,Bengaluru +63 other locations
2206,2COMS,3.1,(497),Recruitment,Kolkata +50 other locations
2207,Value Point Systems,3.5,(497),IT Services & Consulting,Bengaluru +44 other locations
2208,Gilbarco Veeder Root,3.7,(496),Industrial Machinery,Mumbai +63 other locations
2209,Athenahealth Technology,4.0,(496),Software Product,Chennai +10 other locations
2210,Par Health,4.1,(496),Pharma,Indore +11 other locations
2211,India Post,3.7,(495),Government,Bengaluru +189 other locations
2212,Medikabazaar,4.2,(495),Medical Equipment,Mumbai +32 other locations
2213,Think Gas Ludhiana,3.6,(494),Oil & Gas,Chennai +51 other locations
2214,Vishvaraj Environment,4.1,(494),Waste Management,Nagpur +53 other locations
2215,Sri Krishna Pharmaceuticals,3.9,(494),Pharma,Hyderabad +15 other locations
2216,Maersk Line,4.0,(494),Logistics,Pune +27 other locations
2217,ASM Technologies,3.5,(494),Engineering & Construction,Bengaluru +21 other locations
2218,Protium Finance,3.7,(494),NBFC,Mumbai +79 other locations
2219,Invesco,3.6,(493),Financial Services,Hyderabad +7 other locations
2220,HealthifyMe,2.7,(493),Internet,Bengaluru +18 other locations
2221,Texmo Industries,3.8,(493),Industrial Machinery,Coimbatore +35 other locations
2222,Mahanagar Gas,4.2,(493),Oil & Gas,Mumbai +26 other locations
2223,Leighton Contractors,4.1,(491),Engineering & Construction,Mumbai +21 other locations
2224,SUEZ Group,4.1,(491),Waste Management,New Delhi +49 other locations
2225,N+A,3.8,(491),Financial Services,Bengaluru +65 other locations
2226,CollegeDekho,2.7,(491),EdTech,Gurugram +24 other locations
2227,NJ India Invest,3.7,(491),Financial Services,Surat +82 other locations
2228,KRBL Limited,3.8,(490),Food Processing,Noida +60 other locations
2229,GD Goenka Public School,3.4,(491),Education & Training,New Delhi +72 other locations
2230,Welspun Transformation Services Limited,4.1,(491),IT Services & Consulting,Ahmedabad +12 other locations
2231,EID Parry (India),3.9,(490),Food Processing,Chennai +42 other locations
2232,Otsuka Pharmaceutical India Private Limited,4.1,(490),Pharma,Ahmedabad +40 other locations
2233,Everforth Quinnox,3.9,(489),IT Services & Consulting,Bengaluru +8 other locations
2234,Bira 91,3.3,(489),Beverage,New Delhi +56 other locations
2235,Sterling Holiday Resort,3.8,(489),Hospitality,Chennai +64 other locations
2236,LogixHealth,3.4,(489),Analytics & KPO,Bengaluru +10 other locations
2237,Kellton,2.9,(489),IT Services & Consulting,Gurugram +19 other locations
2238,C-Edge Technologies,3.6,(489),IT Services & Consulting,Mumbai +20 other locations
2239,Symbiotec Pharmalab,4.0,(488),Pharma,Indore +15 other locations
2240,Flowserve,3.7,(488),Industrial Machinery,Bengaluru +15 other locations
2241,India Glycols,4.0,(488),Chemicals,Kashipur +26 other locations
2242,Bluestone.com,3.4,(489),Jewellery,Bengaluru +67 other locations
2243,Knowledgeworks Global,2.9,(489),Printing & Publishing,Mumbai +14 other locations
2244,Siemens Healthineers,3.9,(487),Healthcare,Bengaluru +19 other locations
2245,Infovision,3.6,(487),IT Services & Consulting,Pune +12 other locations
2246,Juniper Networks,4.2,(487),Hardware & Networking,Bengaluru +8 other locations
2247,Cosmo Films,3.7,(489),Packaging,Chhatrapati Sambhajinagar +12 other locations
2248,Equiniti,3.6,(487),Financial Services,Chennai +4 other locations
2249,Buzzworks Business Services,3.7,(487),Recruitment,Chennai +69 other locations
2250,Matrix Business Services,3.5,(487),Analytics & KPO,Chennai +25 other locations
2251,Ivrcl Infrastructures & Projects,4.3,(486),Engineering & Construction,Hyderabad +55 other locations
2252,Go First,3.9,(486),Aviation,Mumbai +35 other locations
2253,Visa,3.3,(486),FinTech,Bengaluru +18 other locations
2254,AIG Hospital,4.2,(487),Healthcare,Hyderabad +9 other locations
2255,L. N. Malviya Infra Projects Group,3.1,(486),Engineering & Construction,Bhopal +127 other locations
2256,Trimax IT Infrastructure Services,3.6,(485),IT Services & Consulting,Mumbai +70 other locations
2257,Iol Chemicals & Pharmaceuticals,3.8,(486),Pharma,Barnala +18 other locations
2258,Namaste India Foods,3.9,(485),Food Processing,Kanpur +42 other locations
2259,IDS Infotech,3.7,(487),IT Services & Consulting,Chandigarh +23 other locations
2260,Jumbotail Technologies,3.7,(485),Retail,Bengaluru +29 other locations
2261,Jiva Ayurvedic Pharmacy,3.7,(485),Faridabad +46 other locations,N/A
2262,Lite Bite Foods,4.4,(485),Hospitality,New Delhi +25 other locations
2263,Realty Assistant,3.6,(485),Real Estate,Noida +18 other locations
2264,Sadbhav Engineering,4.2,(484),Engineering & Construction,Ahmedabad +65 other locations
2265,Cadbury,4.3,(484),Food Processing,Mumbai +117 other locations
2266,Bridgestone India Automotive Products,4.2,(484),Auto Components,Gurugram +48 other locations
2267,Alpla,4.0,(484),Packaging,Hyderabad +27 other locations
2268,Encube Ethicals,3.6,(485),Pharma,Mumbai +29 other locations
2269,Saud Bahwan Group,3.7,(483),Automobile,Muscat +26 other locations
2270,Giesecke & Devrient,3.4,(483),IT Services & Consulting,Gurugram +53 other locations
2271,Grindwell Norton,3.5,(483),Industrial Machinery,Bengaluru +44 other locations
2272,Ppap Automotive,3.7,(483),Auto Components,Noida +18 other locations
2273,Plastic Omnium,3.8,(483),Automobile,Pune +17 other locations
2274,Clix Capital Services,4.1,(483),NBFC,Gurugram +38 other locations
2275,Allana Group of Companies,3.8,(483),Food Processing,Mumbai +39 other locations
2276,Saxo Bank,3.7,(482),Banking,Gurugram +5 other locations
2277,Xerox,3.7,(482),Printing & Publishing,Bengaluru +34 other locations
2278,Tetra Pak,4.1,(481),Packaging,Pune +20 other locations
2279,Fynd,3.0,(481),Software Product,Mumbai +10 other locations
2280,National Commodities Management Services,4.0,(481),Agriculture,Gurugram +87 other locations
2281,Paradeep Phosphates,3.9,(480),Agro Chemicals,Paradip +49 other locations
2282,ESDS Software Solutions,3.3,(480),IT Services & Consulting,Nashik +14 other locations
2283,Akamai Technologies,4.3,(480),Software Product,Bengaluru +7 other locations
2284,Moon Beverages,3.9,(480),Beverage,New Delhi +42 other locations
2285,Numeric UPS,4.0,(480),Electrical Equipment,Chennai +80 other locations
2286,Westin,4.1,(480),Hospitality,Mumbai +31 other locations
2287,Mediterranean Shipping Company,4.0,(480),Ports & Shipping,Chennai +38 other locations
2288,Brainvire,2.9,(479),IT Services & Consulting,Ahmedabad +10 other locations
2289,Clove Dental,4.0,(479),Healthcare,New Delhi +18 other locations
2290,Mikuni,4.1,(479),Auto Components,Neemrana +18 other locations
2291,Sany Heavy Industry,3.6,(479),Industrial Machinery,Pune +58 other locations
2292,Gopal Snacks Limited,4.2,(478),FMCG,Rajkot +97 other locations
2293,Common Service Centres,4.4,(478),Government,New Delhi +187 other locations
2294,SBI Mutual Fund,3.8,(478),Financial Services,Mumbai +154 other locations
2295,Thought Focus,3.3,(477),IT Services & Consulting,Bengaluru +11 other locations
2296,Riya Travel,3.6,(477),Travel & Tourism,Mumbai +38 other locations
2297,Suzlon Global Services,3.8,(477),Pune +64 other locations,N/A
2298,Landis+Gyr,2.8,(476),Electrical Equipment,Noida +11 other locations
2299,Aludecor Lamination,3.8,(476),Building Material,Haridwar +51 other locations
2300,Avery Dennison,3.7,(476),Packaging,Bengaluru +33 other locations
2301,Samsung Display,3.8,(476),Electronics Manufacturing,Noida +12 other locations
2302,ZF Friedrichshafen,3.8,(476),Auto Components,Chennai +18 other locations
2303,Meghmani Organics,3.7,(477),Chemicals,Bharuch +27 other locations
2304,Comcast,3.8,(475),Telecom,Chennai +12 other locations
2305,Mediamint,2.8,(475),Marketing & Advertising,Hyderabad +8 other locations
2306,Onshore Construction,3.7,(475),Engineering & Construction,Mumbai +43 other locations
2307,Keysight Technologies,3.8,(475),Electronics Manufacturing,Gurugram +12 other locations
2308,Xanadu,3.7,(475),Real Estate,Mumbai +13 other locations
2309,Thales,3.6,(475),Defence & Aerospace,Noida +18 other locations
2310,Sayaji Hotels,4.1,(474),Hospitality,Indore +38 other locations
2311,Prime Focus Technologies,3.1,(474),Software Product,Bengaluru +17 other locations
2312,WM Universal Solutions Private Limited,3.6,(474),Waste Management,Indore +18 other locations
2313,Technico Industries,3.5,(474),Auto Components,Gurugram +20 other locations
2314,Cloud4C,3.5,(474),IT Services & Consulting,Hyderabad +9 other locations
2315,Jindal Aluminium,3.9,(474),Metals & Mining,Bengaluru +20 other locations
2316,Central Public Works Department,4.2,(474),Government,New Delhi +124 other locations
2317,Honda Logistics,3.6,(474),Logistics,Bhiwadi +27 other locations
2318,RND Softech,3.0,(474),BPO,Coimbatore +12 other locations
2319,Bhilosa Industries,3.7,(474),Fashion & Textile,Dadra & Nagar Haveli +13 other locations
2320,Teradata,3.5,(473),Software Product,Hyderabad +10 other locations
2321,Cera Sanitaryware,4.0,(473),Building Material,Ahmedabad +80 other locations
2322,TAO Digital,3.6,(473),IT Services & Consulting,Hyderabad +9 other locations
2323,MagicPin,2.5,(473),Internet,Gurugram +20 other locations
2324,Aditya Birla Housing Finance,3.8,(473),NBFC,Mumbai +95 other locations
2325,Ramco Industries,4.1,(473),Building Material,Chennai +77 other locations
2326,Titagarh Rail Systems,2.6,(473),Railways,Kolkata +18 other locations
2327,Allied Blenders & Distillers,4.0,(473),Beverage,Mumbai +85 other locations
2328,Bahwan Engineering,4.0,(473),Engineering & Construction,Muscat +24 other locations
2329,Star Bazaar,3.7,(473),Retail,Mumbai +40 other locations
2330,Nash Industries,3.4,(473),Industrial Machinery,Bengaluru +15 other locations
2331,Visaka Industries,3.8,(472),Building Material,Hyderabad +59 other locations
2332,Godrej Interio,3.8,(472),Furniture & Furnishing,Mumbai +68 other locations
2333,Qcon,4.3,(471),Engineering & Construction,Mumbai +28 other locations
2334,iNurture Education Solutions,2.5,(471),EdTech,Bengaluru +39 other locations
2335,Oriental Structural Engineers,4.3,(471),Engineering & Construction,New Delhi +63 other locations
2336,smartData Enterprises,2.8,(471),IT Services & Consulting,Nagpur +12 other locations
2337,Liberty General Insurance,3.7,(471),Insurance,Mumbai +85 other locations
2338,Paharpur Cooling Towers,3.9,(471),Industrial Machinery,Kolkata +51 other locations
2339,Greenpanel Industries,3.9,(472),Furniture & Furnishing,Srikalahasti +73 other locations
2340,Shalimar Paints,3.5,(472),Chemicals,Gurugram +86 other locations
2341,Magneti Marelli Motherson Auto System,3.9,(470),Auto Components,Pune +19 other locations
2342,British Council,3.5,(470),Education & Training,New Delhi +24 other locations
2343,Tata International,3.5,(470),Import & Export,Mumbai +40 other locations
2344,Dana India,4.0,(470),Auto Components,Pune +26 other locations
2345,Statusneo,4.0,(470),IT Services & Consulting,Gurugram +19 other locations
2346,Gulf Oil Lubricants,4.1,(470),Oil & Gas,Mumbai +82 other locations
2347,McNally Bharat Engineering,3.9,(470),Engineering & Construction,Kolkata +57 other locations
2348,Hyundai Glovis,3.6,(470),Logistics,Anantapur +22 other locations
2349,Atyati Technologies,4.0,(470),IT Services & Consulting,Bengaluru +103 other locations
2350,Kaynes Technology,3.2,(468),Electronics Manufacturing,Mysuru +17 other locations
2351,Symphony,4.6,(468),Consumer Electronics & Appliances,Ahmedabad +88 other locations
2352,MKC Infrastructure Ltd.,3.5,(468),Engineering & Construction,Gandhinagar +52 other locations
2353,Dow Chemical International Private Limited,3.6,(468),Chemicals,Mumbai +16 other locations
2354,Anthem Biosciences,3.9,(468),Pharma,Bengaluru +15 other locations
2355,Marble Box,3.7,(468),BPO,Kolkata +6 other locations
2356,Grant Thornton Bharat,3.4,(468),Accounting & Auditing,Gurugram +37 other locations
2357,NBTC GROUP,3.2,(467),Oil & Gas,Chennai +27 other locations
2358,GM Modular,3.8,(467),Electrical Equipment,Mumbai +72 other locations
2359,TresVista,2.3,(466),Analytics & KPO,Pune +11 other locations
2360,Yethi Consulting,3.4,(466),IT Services & Consulting,Bengaluru +11 other locations
2361,Stryker,3.8,(466),Medical Equipment,Gurugram +23 other locations
2362,Jupiter Hospital,3.9,(466),Healthcare,Pune +14 other locations
2363,LuLu Group International,3.4,(466),Retail,Kochi +40 other locations
2364,Avalara Technologies,2.7,(466),Software Product,Pune +6 other locations
2365,NKG Infrastructure,3.2,(465),Engineering & Construction,New Delhi +48 other locations
2366,CommScope,3.8,(465),Telecom,Bengaluru +20 other locations
2367,CS TECH Ai,3.9,(465),IT Services & Consulting,Nagpur +48 other locations
2368,Confidence Petroleum India,3.2,(465),Oil & Gas,Nagpur +52 other locations
2369,In Time Tec Visionsoft,3.2,(465),IT Services & Consulting,Jaipur +10 other locations
2370,Texmaco Rail and Engineering,3.8,(465),Engineering & Construction,Kolkata +50 other locations
2371,Bandhan Life,3.3,(464),Insurance,Mumbai +89 other locations
2372,Revent Group,3.8,(465),Auto Components,Gurugram +30 other locations
2373,Henkel Adhesives Technologies,4.1,(464),Chemicals,Pune +29 other locations
2374,Iksula,3.2,(463),IT Services & Consulting,Mumbai +11 other locations
2375,Aimil Pharmaceuticals,3.6,(463),Pharma,New Delhi +60 other locations
2376,Sulekha.com,3.3,(463),Internet,Chennai +19 other locations
2377,GHCL Limited,3.9,(464),Chemicals,Sutrapada +29 other locations
2378,Subex,3.4,(463),Telecom,Bengaluru +9 other locations
2379,Bharat Seats,3.7,(463),Auto Components,Gurugram +21 other locations
2380,Speridian Technologies,3.4,(463),IT Services & Consulting,Bengaluru +20 other locations
2381,NTPC GE Power Services,4.0,(463),Power,Jharsuguda +27 other locations
2382,Purplle.com,3.5,(463),Retail,Mumbai +39 other locations
2383,Venky's,3.7,(463),Food Processing,Pune +69 other locations
2384,Essjay Ericsson,4.2,(462),Analytics & KPO,New Delhi +79 other locations
2385,Torrent Gas,3.1,(462),Oil & Gas,Ahmedabad +32 other locations
2386,Pocket FM,2.7,(462),Media & Entertainment,Bengaluru +17 other locations
2387,Stovekraft,4.0,(462),Consumer Electronics & Appliances,Bengaluru +57 other locations
2388,Seoyon E-hwa Automotive,3.5,(462),Auto Components,Chennai +19 other locations
2389,Bada Business,4.0,(461),Internet,New Delhi +54 other locations
2390,Eurokids,3.9,(462),Education & Training,Mumbai +75 other locations
2391,Mahle Anand Thermal Systems,4.0,(461),Auto Components,Pune +17 other locations
2392,Synopsys,3.6,(460),Semiconductors,Bengaluru +10 other locations
2393,Kiswok Industries,3.3,(460),Iron & Steel,Kolkata +8 other locations
2394,Pratham Education Foundation,4.1,(460),Education & Training,New Delhi +111 other locations
2395,Novotel Hotels,4.0,(460),Hospitality,Mumbai +31 other locations
2396,St. Xavier's High School,3.7,(460),Pharma,Gurugram +127 other locations
2397,Del Monte Foods,4.0,(460),Food Processing,Gurugram +61 other locations
2398,RPG Life Sciences,3.6,(459),Pharma,Ankleshwar +49 other locations
2399,AIRBUS,3.6,(459),Aviation,Bengaluru +11 other locations
2400,Espire Infolabs,2.4,(459),IT Services & Consulting,Gurugram +10 other locations
2401,Railtel Corporation Of India,3.6,(460),Hardware & Networking,New Delhi +76 other locations
2402,Indofil Industries,4.1,(459),Agro Chemicals,Mumbai +54 other locations
2403,Gaurs Group,4.2,(460),Real Estate,Noida +13 other locations
2404,Sahyadri Hospital,4.2,(459),Healthcare,Pune +12 other locations
2405,Ergode,3.2,(459),IT Services & Consulting,Mumbai +12 other locations
2406,Saudi Binladin Group,4.3,(458),Engineering & Construction,Jeddah +33 other locations
2407,Flamingo Pharmaceuticals,3.1,(458),Pharma,Mumbai +11 other locations
2408,Bhagwati Products,3.6,(458),Consumer Electronics & Appliances,Noida +20 other locations
2409,Kyungshin Industrial Motherson,3.3,(459),Electrical Equipment,Chennai +18 other locations
2410,Loadshare Networks,3.5,(460),Logistics,Bengaluru +75 other locations
2411,Caresoft Global,3.4,(458),Automobile,Coimbatore +17 other locations
2412,Realme,3.6,(458),Consumer Electronics & Appliances,Gurugram +101 other locations
2413,LT Foods,3.9,(458),FMCG,Gurugram +65 other locations
2414,Puravankara,3.5,(458),Real Estate,Bengaluru +13 other locations
2415,Kolte Patil Developers,4.1,(457),Real Estate,Pune +9 other locations
2416,Dharampal Premchand,4.3,(456),FMCG,Noida +69 other locations
2417,ITI,3.7,(457),Hardware & Networking,Bengaluru +84 other locations
2418,Paper Boat(Hector Beverages Pvt. Ltd.),3.9,(456),Beverage,Bengaluru +108 other locations
2419,Ashapura Group Of Industries,4.1,(457),Metals & Mining,Bhuj +34 other locations
2420,Emergys,3.3,(456),Software Product,Pune +11 other locations
2421,Red Hat,4.3,(457),Software Product,Pune +14 other locations
2422,SISL Infotech,3.5,(455),IT Services & Consulting,New Delhi +41 other locations
2423,House of EdTech,4.3,(455),Marketing & Advertising,Kolkata +2 other locations
2424,SMEC,3.6,(455),Real Estate,Bengaluru +68 other locations
2425,Prodair Air Products,3.7,(455),Oil & Gas,Pune +21 other locations
2426,Balmer Lawrie,3.6,(455),Packaging,Kolkata +37 other locations
2427,AQM Technologies,3.1,(455),IT Services & Consulting,Mumbai +13 other locations
2428,Gokaldas Exports,3.9,(454),Fashion & Textile,Bengaluru +26 other locations
2429,Bharat Bijlee,4.2,(455),Electrical Equipment,Mumbai +25 other locations
2430,Miracle Software Systems,3.8,(455),IT Services & Consulting,Visakhapatnam +12 other locations
2431,ByteDance,4.1,(454),Internet,Gurugram +14 other locations
2432,B. Braun Medical,4.1,(453),Healthcare,Mumbai +49 other locations
2433,Almarai,4.3,(453),Food Processing,Riyadh +43 other locations
2434,CodeClouds,3.9,(452),Software Product,Kolkata +6 other locations
2435,Mymd Healthcare,4.2,(452),Internet,Kolkata +23 other locations
2436,OLX Autos,3.9,(452),Internet,Gurugram +35 other locations
2437,Polestar Analytics,4.0,(452),IT Services & Consulting,Noida +10 other locations
2438,Prism Cement,4.0,(452),Building Material,Satna +77 other locations
2439,Khadims,3.7,(452),Fashion & Textile,Kolkata +66 other locations
2440,Anunta Technology Management Services,3.3,(452),IT Services & Consulting,Mumbai +20 other locations
2441,Corona Remedies,4.2,(452),Pharma,Ahmedabad +67 other locations
2442,Orion Innovation,3.5,(452),IT Services & Consulting,Chennai +13 other locations
2443,Portea Medical,3.7,(451),Healthcare,Bengaluru +44 other locations
2444,SBI Capital Markets,3.6,(451),Financial Services,Mumbai +138 other locations
2445,Yusen Logistics,4.0,(451),Logistics,Mumbai +38 other locations
2446,Honour Lab,3.9,(452),Pharma,Hyderabad +19 other locations
2447,JNS Instruments,4.0,(451),Industrial Machinery,Gurugram +23 other locations
2448,Kataria Automobiles,3.6,(451),Automobile,Ahmedabad +27 other locations
2449,Allegis Group,3.5,(450),Recruitment,Bengaluru +13 other locations
2450,NetApp,3.7,(450),IT Services & Consulting,Bengaluru +9 other locations
2451,Reliance Infrastructure,4.1,(450),Engineering & Construction,Mumbai +65 other locations
2452,Birla White,4.1,(450),Building Material,Jodhpur +115 other locations
2453,Kaya Skin Clinic,3.4,(449),Beauty & Personal Care,Mumbai +36 other locations
2454,Vijai Electricals,3.6,(449),Power,Hyderabad +46 other locations
2455,Go Colors,3.9,(449),Fashion & Textile,Chennai +75 other locations
2456,ELGI Equipments,4.0,(449),Industrial Machinery,Coimbatore +32 other locations
2457,Majesco,2.9,(449),IT Services & Consulting,Mumbai +9 other locations
2458,Toyota,4.2,(448),Automobile,Bengaluru +114 other locations
2459,Usha Martin,4.0,(448),Iron & Steel,Ranchi +29 other locations
2460,Rapido,3.5,(448),Internet,Bengaluru +61 other locations
2461,Brembo Brake India,4.1,(448),Auto Components,Pune +16 other locations
2462,Knack RCM,3.0,(448),BPO,Jaipur +11 other locations
2463,Usha Martin,4.0,(448),Iron & Steel,Ranchi +29 other locations
2464,Midland Microfin Limited,3.5,(447),NBFC,Jalandhar +137 other locations
2465,Ciena,4.0,(447),Telecom,Gurugram +12 other locations
2466,Vision India Services,4.0,(447),Recruitment,Noida +101 other locations
2467,Godrej Jersey,4.0,(447),Food Processing,Hyderabad +45 other locations
2468,Neilsoft,3.1,(447),Engineering & Construction,Pune +11 other locations
2469,Orient Craft,3.8,(446),Fashion & Textile,Gurugram +14 other locations
2470,Karvy Data Management,3.3,(446),Hyderabad +41 other locations,N/A
2471,Fuji Electric,3.6,(446),Electronics Manufacturing,Chennai +38 other locations
2472,AVAYA,3.2,(446),Software Product,Pune +17 other locations
2473,Cipla Health,4.2,(446),Pharma,Mumbai +88 other locations
2474,Freecharge,3.8,(446),FinTech,Gurugram +64 other locations
2475,Tata Steel Downstream Products,3.6,(447),Iron & Steel,Jamshedpur +37 other locations
2476,Meyer Organics,3.6,(446),Pharma,Mumbai +71 other locations
2477,TriGeo Technologies,3.2,(445),IT Services & Consulting,Hyderabad +5 other locations
2478,LKQ INDIA,3.4,(445),IT Services & Consulting,Bengaluru +5 other locations
2479,Zscaler Softech,3.3,(447),Software Product,Bengaluru +15 other locations
2480,Flatworld Solutions,3.3,(445),IT Services & Consulting,Bengaluru +10 other locations
2481,FabHotels,3.2,(445),Hospitality,Gurugram +33 other locations
2482,Nuvama Wealth and Investment,3.3,(445),Financial Services,Mumbai +56 other locations
2483,TruBridge Healthcare Private Limited,3.9,(445),Analytics & KPO,Mumbai +6 other locations
2484,DB Power Limited,4.7,(444),Power,Raigarh +13 other locations
2485,Mjunction Services,3.8,(444),IT Services & Consulting,Kolkata +30 other locations
2486,SPAR Hypermarkets,4.0,(443),Retail,Bengaluru +30 other locations
2487,SirionLabs,3.9,(444),Software Product,Gurugram +6 other locations
2488,Mashreq Global Services,3.1,(443),Banking,Bengaluru +10 other locations
2489,Fossil Group,3.9,(443),Fashion & Textile,Bengaluru +41 other locations
2490,Dun & Bradstreet,3.0,(443),Analytics & KPO,Mumbai +16 other locations
2491,GS Lab,3.7,(443),IT Services & Consulting,Pune +8 other locations
2492,T.v. Sundram Iyengar & Sons,3.9,(443),Automobile,Chennai +78 other locations
2493,Konexions Back Office Services,2.6,(443),BPO,New Delhi +21 other locations
2494,Clean Harbors,3.4,(444),Waste Management,Hyderabad +3 other locations
2495,Ozone Overseas,3.9,(442),Building Material,New Delhi +59 other locations
2496,Transasia Bio-Medicals,3.3,(442),Biotechnology,Mumbai +55 other locations
2497,Bengal Beverages,3.1,(442),Beverage,Kolkata +15 other locations
2498,H & R Johnson,3.5,(442),Building Material,Mumbai +75 other locations
2499,Thrillophilia,3.7,(441),Travel & Tourism,Jaipur +7 other locations
2500,Sunwoda Electronic India Pvt Ltd,4.0,(441),Electronics Manufacturing,Noida +8 other locations
2501,Tata Steel Colors,3.7,(441),Iron & Steel,Jamshedpur +39 other locations
2502,NR Switch N Radio Services,3.8,(441),Telecom,Kota +74 other locations
2503,Deluxe Entertainment,3.5,(441),Media & Entertainment,Bengaluru +12 other locations
2504,Rieter,3.4,(441),Industrial Machinery,Pune +15 other locations
2505,DesignTech Systems,3.3,(440),IT Services & Consulting,Pune +33 other locations
2506,Indian Immunologicals,4.1,(441),Biotechnology,Hyderabad +31 other locations
2507,Cimpress,3.8,(440),Printing & Publishing,Mumbai +8 other locations
2508,SABIC,4.1,(440),Chemicals,Bengaluru +21 other locations
2509,Willis Towers Watson,3.7,(440),Financial Services,Mumbai +12 other locations
2510,The Indian Hotels Company,4.0,(440),Hospitality,Mumbai +57 other locations
2511,Tutopia,4.5,(440),EdTech,Kolkata +4 other locations
2512,Infosys Consulting,3.4,(439),IT Services & Consulting,Bengaluru +27 other locations
2513,Zypp Electric,4.0,(439),Internet,Gurugram +12 other locations
2514,K D Hospital,4.5,(439),Healthcare,Ahmedabad +8 other locations
2515,Premium Transmission,3.4,(439),Industrial Machinery,Pune +17 other locations
2516,Dee Piping System,4.1,(439),Engineering & Construction,Faridabad +21 other locations
2517,Falcon Autotech,3.8,(439),Industrial Automation,Noida +18 other locations
2518,Montecarlo Construction,4.2,(438),Engineering & Construction,Ahmedabad +82 other locations
2519,Regency Hospital Ltd,4.0,(438),Healthcare,Kanpur +17 other locations
2520,Regency Hospital Ltd,4.0,(438),Healthcare,Kanpur +17 other locations
2521,Montecarlo Construction,4.2,(438),Engineering & Construction,Ahmedabad +82 other locations
2522,Flipkart Health+,3.5,(439),Internet,Kolkata +38 other locations
2523,Haleon,3.5,(439),Healthcare,Bengaluru +81 other locations
2524,PULSUS HealthTech Group,3.2,(438),Printing & Publishing,Visakhapatnam +8 other locations
2525,Mungi Group,4.0,(437),Auto Components,Pune +14 other locations
2526,NIFTEL COMMUNICATIONS,3.7,(437),BPO,Lucknow +14 other locations
2527,Nexteer Automotive,3.8,(436),Auto Components,Bengaluru +11 other locations
2528,Tata Steel Utilities and Infrastructure Services,3.6,(436),Engineering & Construction,Jamshedpur +19 other locations
2529,Lambda Therapeutic Research,3.8,(436),Clinical Research,Ahmedabad +8 other locations
2530,Aker Solutions,4.0,(435),Engineering & Construction,Mumbai +10 other locations
2531,Tyger Capital,4.0,(435),Financial Services,Mumbai +124 other locations
2532,Talbros,3.8,(435),Auto Components,Faridabad +26 other locations
2533,Asian Granito India,3.6,(435),Building Material,Ahmedabad +66 other locations
2534,IL&FS Engineering and Construction,4.4,(436),Engineering & Construction,Hyderabad +52 other locations
2535,KLAY Preschool and Daycare,3.6,(435),Education & Training,Bengaluru +18 other locations
2536,Honeywell International India,4.0,(435),Defence & Aerospace,Pune +23 other locations
2537,Kothari Agritech,4.2,(434),Building Material,Solapur +123 other locations
2538,Intercontinental Exchange,3.1,(434),Financial Services,Hyderabad +7 other locations
2539,InfoBeans,3.3,(434),IT Services & Consulting,Indore +7 other locations
2540,Rakuten Symphony,3.5,(435),Telecom,Indore +9 other locations
2541,Nagarjuna Fertilizers and Chemicals,4.1,(433),Agro Chemicals,Kakinada +69 other locations
2542,Adani Logistics,3.7,(433),Logistics,Ahmedabad +74 other locations
2543,Chettinad Cements,3.8,(433),Building Material,Chennai +62 other locations
2544,ZTE Corporation,4.0,(433),Telecom,Gurugram +46 other locations
2545,Alankit,3.1,(434),Financial Services,New Delhi +40 other locations
2546,Impact Guru,3.5,(433),Internet,Mumbai +22 other locations
2547,Self Practice,4.4,(432),Analytics & KPO,New Delhi +124 other locations
2548,FM LOGISTIC,4.0,(432),Logistics,Pune +37 other locations
2549,360 Realtors,3.5,(433),Real Estate,Pune +25 other locations
2550,NOON.COM,3.2,(434),Internet,Gurugram +23 other locations
2551,IIMI Image Management Private Limited,4.1,(432),BPO,Kolkata +5 other locations
2552,TotalEnergies,3.8,(432),Oil & Gas,Mumbai +66 other locations
2553,Ind-Swift Laboratories,3.9,(433),Pharma,Chandigarh +26 other locations
2554,Mazagon Dock,4.2,(432),Ports & Shipping,Mumbai +10 other locations
2555,IndusInd Capital,3.9,(432),Financial Services,Mumbai +87 other locations
2556,Western Union,2.8,(432),FinTech,Pune +16 other locations
2557,Nous Infosystems,3.5,(432),IT Services & Consulting,Bengaluru +8 other locations
2558,Calsoft,2.7,(433),IT Services & Consulting,Pune +7 other locations
2559,ZUCOL Services,3.8,(433),IT Services & Consulting,Jaipur +10 other locations
2560,ZUCOL Services,3.8,(433),IT Services & Consulting,Jaipur +10 other locations
2561,State Street Bank,3.5,(431),Banking,Bengaluru +18 other locations
2562,Entrata,3.8,(431),Software Product,Pune +5 other locations
2563,Freyr Solutions,3.6,(431),IT Services & Consulting,Hyderabad +8 other locations
2564,GTL Infrastructure,4.2,(431),Hardware & Networking,Mumbai +47 other locations
2565,AppInventiv Technologies,3.9,(431),IT Services & Consulting,Noida +12 other locations
2566,Siyaram Silk Mills,3.9,(431),Fashion & Textile,Mumbai +39 other locations
2567,Skillmine Technology Consulting,3.9,(431),Software Product,Bengaluru +14 other locations
2568,Ami Lifesciences,3.8,(431),Pharma,Vadodara +10 other locations
2569,NeoGrowth Credit,3.0,(431),NBFC,Mumbai +34 other locations
2570,Reshamandi,3.5,(430),Fashion & Textile,Bengaluru +32 other locations
2571,Arvind Fashions,3.8,(430),Fashion & Textile,Bengaluru +62 other locations
2572,Mahindra Lifespace Developers,4.2,(430),Real Estate,Mumbai +23 other locations
2573,Paynearby Technologies,4.0,(430),FinTech,Mumbai +123 other locations
2574,ARMSOFTECH.AIR,3.3,(430),IT Services & Consulting,Chennai +16 other locations
2575,UNIVO Education,3.4,(430),EdTech,Noida +10 other locations
2576,e2open,3.5,(430),Software Product,Bengaluru +17 other locations
2577,Vcare Trichology,3.6,(430),Healthcare,Chennai +61 other locations
2578,Citykart Retail,3.7,(430),Retail,New Delhi +72 other locations
2579,A. O. Smith India Water Products Private Limited,3.5,(431),Consumer Electronics & Appliances,Bengaluru +49 other locations
2580,Axis Finance,3.8,(430),NBFC,Mumbai +86 other locations
2581,Yutika Natural,3.4,(431),Beauty & Personal Care,Indore +70 other locations
2582,Theobroma Foods,3.9,(430),Food Processing,Mumbai +34 other locations
2583,Powerweave,3.3,(429),BPO,Mumbai +8 other locations
2584,CWT,3.4,(429),Travel & Tourism,New Delhi +13 other locations
2585,Le Méridien,4.0,(429),Hospitality,New Delhi +27 other locations
2586,Bonfiglioli Transmissions Limited,3.6,(429),Industrial Machinery,Chennai +23 other locations
2587,Indian Institute of Technology Gandhinagar,4.2,(429),Education & Training,New Delhi +44 other locations
2588,OnePlus,3.7,(429),Consumer Electronics & Appliances,Bengaluru +59 other locations
2589,Echobooom Management & Entrepreneurial Solutions,3.8,(429),Marketing & Advertising,Mumbai +19 other locations
2590,Capital Foods,4.2,(428),Food Processing,Mumbai +74 other locations
2591,YKK,3.7,(428),Fashion & Textile,Rewari +26 other locations
2592,Indian Political Action Committee,2.9,(428),Other,Kolkata +20 other locations
2593,Group Bayport,4.2,(428),Printing & Publishing,Ahmedabad +7 other locations
2594,Kutchina,3.5,(427),Consumer Electronics & Appliances,Kolkata +65 other locations
2595,Ramada,3.9,(427),Hospitality,Mumbai +59 other locations
2596,International Automotive Components,3.9,(427),Auto Components,Pune +17 other locations
2597,Baramati Agro,3.8,(427),Food Processing,Pune +48 other locations
2598,Webkul Software,3.9,(427),Software Product,Noida +8 other locations
2599,Tessolve,3.3,(426),Semiconductors,Bengaluru +11 other locations
2600,Lotte India Corporation,4.0,(426),FMCG,Chennai +88 other locations
2601,Tessolve,3.3,(426),Semiconductors,Bengaluru +11 other locations
2602,National Organic Chemical Industries,3.8,(426),Chemicals,Bharuch +14 other locations
2603,Mann And Hummel Filter,3.8,(426),Industrial Machinery,Bengaluru +20 other locations
2604,FCm Travel Solutions,3.3,(425),Travel & Tourism,New Delhi +23 other locations
2605,Groupon,3.1,(426),Internet,Chennai +9 other locations
2606,Haldia Petrochemicals,3.8,(425),Petrochemicals,Haldia +15 other locations
2607,Fitelo,3.3,(425),Fitness & Wellness,Sahibzada Ajit Singh Nagar +14 other locations
2608,B.C. Jindal Group of Companies,3.9,(425),Iron & Steel,New Delhi +32 other locations
2609,Eurofins It Solutions,2.9,(426),IT Services & Consulting,Bengaluru +6 other locations
2610,IMS People,3.6,(424),Recruitment,Ahmedabad +27 other locations
2611,India Nippon Electricals,3.7,(424),Electrical Equipment,Hosur +27 other locations
2612,Orient Bell,3.3,(424),Building Material,New Delhi +73 other locations
2613,Systems Plus,4.2,(424),IT Services & Consulting,Pune +11 other locations
2614,RSWM Limited,4.1,(424),Fashion & Textile,Bhilwara +31 other locations
2615,Marksans Pharma,3.4,(424),Pharma,South Goa +26 other locations
2616,Tally Solutions,4.0,(423),Software Product,Bengaluru +66 other locations
2617,Carrier Midea,3.5,(423),Consumer Electronics & Appliances,Pune +52 other locations
2618,ABCI Infrastructures,3.4,(423),Engineering & Construction,Bengaluru +51 other locations
2619,Chambal Fertilisers And Chemicals,3.8,(424),Agro Chemicals,Kota +53 other locations
2620,Silver Touch Technologies,3.0,(423),IT Services & Consulting,New Delhi +40 other locations
2621,Novartis Healthcare,4.1,(422),Pharma,Hyderabad +25 other locations
2622,Prolifics Corporation,3.6,(422),IT Services & Consulting,Hyderabad +6 other locations
2623,Uniparts Group,3.6,(422),Industrial Machinery,Noida +14 other locations
2624,Imarticus Learning,4.0,(422),EdTech,Mumbai +24 other locations
2625,Bmm Ispat,3.9,(422),Iron & Steel,Hosapete +14 other locations
2626,Flipkart Wholesale,3.8,(422),Internet,Bengaluru +58 other locations
2627,Educomp Solutions,3.4,(421),EdTech,Gurugram +111 other locations
2628,Shiprocket Private Limited,3.4,(422),Internet,Gurugram +15 other locations
2629,Aculife Healthcare,2.9,(421),Pharma,Ahmedabad +36 other locations
2630,Samsung C&T,4.2,(421),Engineering & Construction,Mumbai +27 other locations
2631,Hero Housing Finance,3.8,(421),NBFC,New Delhi +92 other locations
2632,Astra Microwave Products,3.9,(421),Defence & Aerospace,Hyderabad +16 other locations
2633,Spice Money,4.1,(421),FinTech,Noida +109 other locations
2634,Bajaj Auto Credit,3.9,(420),NBFC,Pune +182 other locations
2635,Nowfloats Technologies,3.6,(420),Software Product,Hyderabad +40 other locations
2636,Pole To Win,3.2,(420),Gaming,Bengaluru +9 other locations
2637,Nettur Technical Training Foundation,3.6,(420),Education & Training,Bengaluru +44 other locations
2638,Ensono,4.1,(420),IT Services & Consulting,Pune +10 other locations
2639,Secure Value,3.4,(420),IT Services & Consulting,Mumbai +83 other locations
2640,Desun Hospital & Heart Institute,3.8,(420),Healthcare,Kolkata +11 other locations
2641,Nidec Corporation,3.6,(419),Electronics Manufacturing,Neemrana +27 other locations
2642,Pon Pure Chemical,3.5,(419),Chemicals,Chennai +42 other locations
2643,Metrochem Api,3.1,(419),Pharma,Hyderabad +13 other locations
2644,TTK Healthcare,4.1,(419),Medical Equipment,Chennai +78 other locations
2645,Capital Trust,3.3,(418),NBFC,New Delhi +124 other locations
2646,National Bulk Handling Corporation,4.1,(418),Agriculture,Mumbai +76 other locations
2647,Franchise India Brands,2.9,(418),Marketing & Advertising,New Delhi +30 other locations
2648,CogentHubCX.AI,3.2,(418),BPO,Kolkata +9 other locations
2649,SMFG India Home Finance Co,3.6,(418),NBFC,Mumbai +113 other locations
2650,Medica Superspecialty Hospital,3.8,(418),Healthcare,Kolkata +18 other locations
2651,MyMoneyMantra,3.1,(418),Internet,New Delhi +28 other locations
2652,Samsonite,4.0,(417),Retail,Nashik +61 other locations
2653,Aizant Drug Research Solutions,3.9,(417),Clinical Research,Hyderabad +4 other locations
2654,Zealous Services,2.7,(417),Design,Chennai +9 other locations
2655,Tagros Chemicals,3.6,(417),Agro Chemicals,Cuddalore +12 other locations
2656,myGate,2.9,(417),Law Enforcement & Security,Bengaluru +21 other locations
2657,Samsung SDS,3.0,(417),IT Services & Consulting,Gurugram +22 other locations
2658,Shyam Sel & Power,3.7,(417),Electronics Manufacturing,Kolkata +24 other locations
2659,Universal Corporation,3.7,(417),Consumer Electronics & Appliances,Kolkata +64 other locations
2660,Oberoi Realty,4.3,(417),Real Estate,Mumbai +11 other locations
2661,ArisGlobal,2.8,(417),IT Services & Consulting,Bengaluru +9 other locations
2662,Qwik Supply Chain,3.8,(417),Mumbai +142 other locations,N/A
2663,Aka Logistics,3.1,(416),Logistics,Kolkata +39 other locations
2664,Sagar Cements,4.3,(416),Building Material,Hyderabad +44 other locations
2665,HealthKart,3.7,(417),Internet,Gurugram +39 other locations
2666,TCL,4.1,(415),Consumer Electronics & Appliances,Tirupati +52 other locations
2667,Indiafilings,4.0,(415),Internet,Chennai +11 other locations
2668,DataMetica,3.1,(415),IT Services & Consulting,Pune +7 other locations
2669,Venus Remedies,4.2,(415),Pharma,Baddi +39 other locations
2670,Ashiana Housing,4.0,(415),Real Estate,Jaipur +19 other locations
2671,Odessa,3.6,(415),Software Product,Bengaluru +3 other locations
2672,Buhler,3.8,(416),Industrial Machinery,Bengaluru +28 other locations
2673,Global Indian International School,4.2,(415),Education & Training,Noida +23 other locations
2674,Saama Technologies,3.6,(415),IT Services & Consulting,Pune +6 other locations
2675,Rama Medical College Hospital & Research Centre,3.7,(415),Healthcare,Kanpur +20 other locations
2676,Dodsal Engineering & Construction,4.5,(414),Engineering & Construction,Mumbai +35 other locations
2677,Roca Bathroom Products,3.7,(414),Building Material,Chennai +58 other locations
2678,Bangalore International Airport,4.3,(414),Aviation,Bengaluru +15 other locations
2679,PC Jewellers,3.7,(414),Metals & Mining,New Delhi +74 other locations
2680,CES,3.3,(415),IT Services & Consulting,Hyderabad +15 other locations
2681,Magus Customer Dialog,3.7,(414),BPO,Hyderabad +18 other locations
2682,Apex Laboratories,3.9,(414),Pharma,Chennai +61 other locations
2683,The Belgian Waffle co,4.5,(414),Hospitality,Mumbai +29 other locations
2684,Havmor Ice Cream,4.1,(414),Food Processing,Ahmedabad +71 other locations
2685,ANR Software Private Limited,4.0,(413),IT Services & Consulting,Noida +5 other locations
2686,Owens Corning,3.6,(413),Building Material,Mumbai +13 other locations
2687,Aramex,3.3,(413),Logistics,Mumbai +52 other locations
2688,Essar Group,3.7,(413),Engineering & Construction,Mumbai +45 other locations
2689,Spoton Logistics,4.4,(412),Logistics,Bengaluru +71 other locations
2690,CMA CGM Global Business Services,4.0,(412),Ports & Shipping,Chennai +10 other locations
2691,Agro Tech Foods,4.0,(412),FMCG,Hyderabad +77 other locations
2692,Aliens Group,3.9,(412),Real Estate,Hyderabad +6 other locations
2693,Viva Composite Panel,4.5,(412),Building Material,Mumbai +61 other locations
2694,Bonace Engineers,4.0,(412),Recruitment,Mumbai +58 other locations
2695,Accelya Solutions India Limited,3.4,(412),IT Services & Consulting,Mumbai +12 other locations
2696,Motilal Oswal Private Wealth Management,4.5,(411),Financial Services,Mumbai +26 other locations
2697,Himatsingka Seide,3.5,(411),Fashion & Textile,Bengaluru +16 other locations
2698,Virchow Biotech,3.3,(411),Pharma,Hyderabad +12 other locations
2699,P.D. Hinduja National Hospital and Medical Research Centre,3.9,(411),Healthcare,Mumbai +13 other locations
2700,HYT Engineering Company Pvt Ltd,3.1,(411),Industrial Machinery,Pune +27 other locations
2701,Recpdcl.ltd,4.0,(410),Facility Management Services,New Delhi +68 other locations
2702,Win Medicare,4.1,(410),Pharma,New Delhi +63 other locations
2703,Mahindra Last Mile Mobility,3.7,(410),Automobile,Bengaluru +31 other locations
2704,Black Knight,3.5,(409),IT Services & Consulting,Hyderabad +4 other locations
2705,Indus Net Technologies,3.1,(409),IT Services & Consulting,Kolkata +7 other locations
2706,Gtpl Hathway,4.0,(409),Broadcasting,Ahmedabad +51 other locations
2707,Gujarat Ambuja Exports,3.4,(409),Agro Chemicals,Ahmedabad +32 other locations
2708,Indigo Paints,3.8,(410),Chemicals,Jodhpur +103 other locations
2709,V-Xpress,3.9,(409),Logistics,Mumbai +63 other locations
2710,ITC Limited - Paperboards Specialty Papers Division,3.9,(410),Packaging,Bhadrachalam +18 other locations
2711,Motherhood Hospital,3.6,(409),Healthcare,Bengaluru +26 other locations
2712,Indian Space Research Organisation,4.6,(409),Defence & Aerospace,Bengaluru +36 other locations
2713,NCSI Technologies Pvt Ltd,3.7,(409),IT Services & Consulting,Pune +5 other locations
2714,Core Integra Consulting Services,3.4,(408),Recruitment,Mumbai +86 other locations
2715,Onsitego,3.7,(409),Internet,Mumbai +31 other locations
2716,Fortis Escorts Hospital,4.3,(408),Healthcare,New Delhi +17 other locations
2717,BPTP,4.2,(408),Real Estate,New Delhi +6 other locations
2718,Enphase Energy,2.6,(409),Power,Bengaluru +11 other locations
2719,Schoolnet India,3.9,(408),EdTech,Mumbai +91 other locations
2720,Eversendai,3.5,(407),Engineering & Construction,Chennai +19 other locations
2721,SHARE Microfin,4.1,(407),Financial Services,Hyderabad +140 other locations
2722,PowerSchool India,3.3,(407),Software Product,Bengaluru +8 other locations
2723,GRT Jewellers,4.1,(407),Jewellery,Chennai +37 other locations
2724,Invensis Technologies,3.5,(407),BPO,Bengaluru +13 other locations
2725,Raptakos Brett and Company,3.4,(407),Pharma,Mumbai +64 other locations
2726,Daimler Truck,3.6,(407),Automobile,Bengaluru +8 other locations
2727,ICFAI University,3.6,(406),Education & Training,Hyderabad +59 other locations
2728,STUDDS Accessories Limited,4.0,(406),Auto Components,Faridabad +14 other locations
2729,Piramal Swasthya,4.1,(406),Hyderabad +63 other locations,N/A
2730,L&T Heavy Engineering,3.8,(406),Surat +27 other locations,N/A
2731,Acadecraft,3.7,(406),EdTech,Noida +9 other locations
2732,V-bazaar Retail,4.0,(406),Retail,Gurugram +76 other locations
2733,Al Turki Enterprises,3.5,(405),Oil & Gas,Muscat +15 other locations
2734,Jubilant Biosys,3.5,(405),Biotechnology,Bengaluru +14 other locations
2735,Hexagon Nutrition,4.1,(405),Food Processing,Mumbai +32 other locations
2736,Starbucks,4.0,(406),Hospitality,Mumbai +59 other locations
2737,Copeland,3.9,(405),Electronics Manufacturing,Pune +25 other locations
2738,Merck,4.0,(405),Pharma,Bengaluru +53 other locations
2739,Ipsos,3.1,(405),Analytics & KPO,Mumbai +26 other locations
2740,Merck,4.0,(405),Pharma,Bengaluru +53 other locations
2741,Jubilant Biosys,3.5,(405),Biotechnology,Bengaluru +14 other locations
2742,Indian Overseas Bank,3.2,(405),Banking,Chennai +84 other locations
2743,Hexagon Nutrition,4.1,(405),Food Processing,Mumbai +32 other locations
2744,Mintifi,3.4,(406),Financial Services,Mumbai +99 other locations
2745,Gravita,4.4,(405),Metals & Mining,Jaipur +21 other locations
2746,Munjal Showa,3.1,(405),Auto Components,Gurugram +13 other locations
2747,RDC Concrete (India),4.0,(405),Real Estate,Mumbai +51 other locations
2748,Workcell Solutions,3.6,(404),Pharma,Mumbai +17 other locations
2749,Bses Yamuna Power,3.8,(404),Power,New Delhi +6 other locations
2750,Roop Automotives,4.2,(404),Auto Components,Gurugram +14 other locations
2751,Gold Plus Glass,3.4,(405),Other,Roorkee +37 other locations
2752,Stanley Black & Decker,3.7,(403),Industrial Machinery,Pune +28 other locations
2753,RCM,4.2,(403),Retail,Bhilwara +45 other locations
2754,Uplers,3.6,(403),Internet,Ahmedabad +13 other locations
2755,Kailash Hospital,3.9,(403),Healthcare,Noida +28 other locations
2756,VRB Consumer Products Private Limited,4.1,(403),FMCG,New Delhi +54 other locations
2757,American Axle & Manufacturing,4.3,(402),Auto Components,Pune +11 other locations
2758,Penna Cement Industries,4.1,(402),Building Material,Hyderabad +47 other locations
2759,Kanpur Fertilizers & Chemicals,3.6,(402),Agro Chemicals,Kanpur +34 other locations
2760,SKH Y-TEC,3.9,(403),Auto Components,Ahmedabad +22 other locations
2761,Adani Infra,3.8,(404),Engineering & Construction,Ahmedabad +53 other locations
2762,ABC Consultants,4.0,(402),Recruitment,Bengaluru +27 other locations
2763,Tekion,3.0,(403),Software Product,Bengaluru +4 other locations
2764,Larsen & Toubro Group,4.1,(401),Engineering & Construction,Chennai +75 other locations
2765,Greet Technologies,2.6,(402),BPO,Bengaluru +7 other locations
2766,Welspun Flooring,3.8,(401),Building Material,Hyderabad +26 other locations
2767,Pearson Education India,3.9,(401),Education & Training,Bengaluru +57 other locations
2768,PGP Glass,4.0,(401),Packaging,Vadodara +15 other locations
2769,Bank of Maharashtra,3.3,(403),Banking,Pune +77 other locations
2770,Flyjac Logistics,4.0,(401),Logistics,Chennai +55 other locations
2771,Cheil India,2.8,(401),Marketing & Advertising,Gurugram +21 other locations
2772,Manhattan Associates,3.4,(401),IT Services & Consulting,Bengaluru +5 other locations
2773,MAYORA,3.9,(401),FMCG,Hyderabad +86 other locations
2774,Broadcom,3.3,(401),Semiconductors,Bengaluru +13 other locations
2775,Hanon Systems,4.0,(401),Auto Components,Chennai +21 other locations
2776,ClearTax,3.0,(400),IT Services & Consulting,Bengaluru +10 other locations
2777,Etech Global Services,3.6,(400),BPO,Gandhinagar +11 other locations
2778,Connectwise India,3.3,(400),IT Services & Consulting,Pune +9 other locations
2779,Sunstone,3.7,(400),Education & Training,Gurugram +25 other locations
2780,Balaji Wafers,4.4,(400),FMCG,Indore +68 other locations
2781,Unilever Global,3.6,(400),FMCG,Bengaluru +66 other locations
2782,Connectwise India,3.3,(400),IT Services & Consulting,Pune +9 other locations
2783,Aeries Technology,3.2,(400),IT Services & Consulting,Bengaluru +7 other locations
2784,Hindustan Foods,3.5,(401),FMCG,Hyderabad +38 other locations
2785,Azentio,3.1,(400),Software Product,Chennai +16 other locations
2786,Hike Education Private Limited,4.2,(402),EdTech,Gurugram +6 other locations
2787,eNoah iSolution,3.8,(400),IT Services & Consulting,Chennai +9 other locations
2788,Dixit Infotech Services,3.5,(400),IT Services & Consulting,Mumbai +43 other locations
2789,MRF Vapocure Paints,4.0,(400),Chemicals,Chennai +103 other locations
2790,Nyati Group,4.1,(398),Real Estate,Pune +17 other locations
2791,Christian Medical College,4.1,(398),Education & Training,Vellore +30 other locations
2792,National Fertilizers,4.4,(398),Agro Chemicals,Bathinda +36 other locations
2793,Karvy DigiKonnect,3.2,(397),Financial Services,Hyderabad +20 other locations
2794,Sarvodaya Hospital,3.8,(397),Healthcare,Faridabad +20 other locations
2795,UCAL Fuel Systems,3.8,(397),Auto Components,Chennai +19 other locations
2796,Mettler-Toledo,3.6,(397),Electrical Equipment,Mumbai +23 other locations
2797,Mindlance,3.6,(397),Recruitment,Noida +12 other locations
2798,SML Isuzu,4.2,(397),Automobile,Chandigarh +52 other locations
2799,The Phoenix Mills,3.9,(397),Real Estate,Mumbai +17 other locations
2800,Bharat Aluminium Company (BALCO),4.0,(396),Metals & Mining,Korba +16 other locations
2801,TVS Mobility,4.0,(396),Automobile,Chennai +71 other locations
2802,Scientific Publishing Services,3.8,(395),Analytics & KPO,Chennai +7 other locations
2803,The Hans Foundation,4.2,(397),Non-Profit,New Delhi +84 other locations
2804,S. M. Auto Engineering,3.4,(395),Auto Components,Pune +7 other locations
2805,Wonderla Holidays,4.4,(395),Media & Entertainment,Bengaluru +16 other locations
2806,Air Liquide,3.5,(395),Chemicals,New Delhi +36 other locations
2807,Supertech,3.9,(394),Real Estate,Noida +20 other locations
2808,Indian Metals & Ferro Alloys,3.7,(394),Iron & Steel,Bhubaneswar +24 other locations
2809,GMR Hyderabad International Airport,4.0,(395),Aviation,Hyderabad +15 other locations
2810,CEVA Logistics,3.8,(394),Logistics,Mumbai +48 other locations
2811,Accel Frontline,4.3,(394),IT Services & Consulting,Chennai +54 other locations
2812,Icertis,3.3,(394),Software Product,Pune +12 other locations
2813,Burns & McDonnell,4.1,(394),Engineering & Construction,Mumbai +10 other locations
2814,Ess Kay Fincorp,4.2,(394),NBFC,Jaipur +108 other locations
2815,Evoke Technologies,3.7,(394),IT Services & Consulting,Hyderabad +4 other locations
2816,Mantra Properties,4.3,(394),Real Estate,Pune +1 other locations
2817,Tirumala Milk Products,4.2,(394),Food Processing,Chennai +55 other locations
2818,Adroit Synergies,3.2,(394),BPO,Noida +8 other locations
2819,AccorHotels,4.3,(393),Hospitality,New Delhi +42 other locations
2820,AccorHotels,4.3,(393),Hospitality,New Delhi +42 other locations
2821,Hajee A P Bava Construction,3.8,(393),Engineering & Construction,Hyderabad +62 other locations
2822,Auro Realty Private Limited,4.4,(393),Real Estate,Hyderabad +26 other locations
2823,Parksons Packaging,4.1,(393),Packaging,Mumbai +26 other locations
2824,Triumphant Institute of Management Education,3.7,(393),Education & Training,Hyderabad +72 other locations
2825,Amri Hospital,4.0,(393),Healthcare,Kolkata +11 other locations
2826,D.p. Jain & Co. Infrastructure Pvt .,3.1,(393),Engineering & Construction,Nagpur +42 other locations
2827,Federal Mogul Goetze,4.0,(393),Auto Components,Bengaluru +32 other locations
2828,Huron,3.6,(393),Management Consulting,Bengaluru +13 other locations
2829,Bosch Rexroth India,3.9,(392),Industrial Machinery,Ahmedabad +19 other locations
2830,ABM Knowledgeware,3.7,(392),IT Services & Consulting,Mumbai +41 other locations
2831,Euler Motors,3.6,(392),Automobile,New Delhi +31 other locations
2832,Publicis,3.5,(392),Marketing & Advertising,Gurugram +16 other locations
2833,Examity,3.3,(393),EdTech,Hyderabad +6 other locations
2834,Kuehne + Nagel,3.6,(392),Logistics,Gurugram +33 other locations
2835,Thyssenkrupp Industrial Solutions,4.1,(392),Industrial Machinery,Mumbai +28 other locations
2836,NR Consulting,4.7,(393),Recruitment,Noida +17 other locations
2837,Agilent Technologies,3.9,(391),Pharma,Gurugram +20 other locations
2838,SPRINKLR,2.8,(391),Software Product,Bengaluru +8 other locations
2839,Arjas Steel,3.9,(391),Iron & Steel,Anantapur +22 other locations
2840,Netlink Software,3.2,(391),IT Services & Consulting,Bhopal +30 other locations
2841,CANTABIL RETAIL INDIA,4.0,(391),Fashion & Textile,New Delhi +105 other locations
2842,Nuziveedu Seeds,3.8,(391),Agriculture,Hyderabad +67 other locations
2843,SMS India Private Limited,4.1,(392),Engineering & Construction,Gurugram +22 other locations
2844,Call 2 Connect,2.5,(390),BPO,Mumbai +20 other locations
2845,Dorset Industries,4.4,(390),Building Material,Gurugram +50 other locations
2846,Park Hospital,3.7,(390),Healthcare,Gurugram +22 other locations
2847,Merck Life Science,3.9,(390),Pharma,Bengaluru +14 other locations
2848,Kcc Buildcon,4.0,(390),Engineering & Construction,Gurugram +59 other locations
2849,JBS Enterprises,3.2,(390),Electronics Manufacturing,Mumbai +69 other locations
2850,Dorf Ketal Chemicals,4.0,(391),Oil & Gas,Mumbai +39 other locations
2851,GSP Crop Science,4.0,(390),Agro Chemicals,Vadodara +45 other locations
2852,Karamtara Engineering Limited,3.6,(389),Engineering & Construction,Mumbai +16 other locations
2853,LeadSquared,2.7,(389),Software Product,Bengaluru +14 other locations
2854,Learning Routes,4.5,(389),EdTech,Gurugram +15 other locations
2855,Hexagon Capability Center,4.0,(389),IT Services & Consulting,Hyderabad +8 other locations
2856,Slice,3.2,(389),Banking,Bengaluru +45 other locations
2857,Repco Home Finance,3.5,(389),NBFC,Chennai +91 other locations
2858,BCH Electric,4.0,(388),Electrical Equipment,Faridabad +38 other locations
2859,Transact Global,4.6,(388),BPO,Bengaluru +2 other locations
2860,Thermax Babcock Wilcox Energy Solutions,4.1,(388),Industrial Machinery,Pune +40 other locations
2861,BCH Electric,4.0,(388),Electrical Equipment,Faridabad +38 other locations
2862,Transact Global,4.6,(388),BPO,Bengaluru +2 other locations
2863,Fosroc India,4.3,(389),Chemicals,Bengaluru +46 other locations
2864,CapeStart,4.5,(388),IT Services & Consulting,Nagercoil +4 other locations
2865,Hurix Digital,3.1,(388),IT Services & Consulting,Chennai +6 other locations
2866,Wellness Forever Lifestyle Chemist,3.9,(388),Retail,Mumbai +45 other locations
2867,Vidal Health Tpa,3.4,(387),Insurance,Bengaluru +41 other locations
2868,XL Health,4.2,(387),Healthcare,Bengaluru +6 other locations
2869,VTP Realty,3.5,(387),Real Estate,Pune +3 other locations
2870,VIT University,4.0,(387),Education & Training,Vellore +15 other locations
2871,Konecranes,3.8,(387),Industrial Machinery,Pune +13 other locations
2872,Jeeves Consumer Services,3.5,(387),Consumer Electronics & Appliances,Bengaluru +61 other locations
2873,AIMLAY,4.7,(387),EdTech,New Delhi +3 other locations
2874,Kennametal,3.5,(386),Industrial Machinery,Bengaluru +13 other locations
2875,Coronis Health,3.3,(386),Analytics & KPO,Sahibzada Ajit Singh Nagar +10 other locations
2876,Sumitomo Chemical,4.1,(386),Chemicals,Bhavnagar +82 other locations
2877,Alfa Laval,3.9,(387),Industrial Machinery,Pune +18 other locations
2878,Healthcare At Home,3.7,(386),Healthcare,Mumbai +34 other locations
2879,Moolchand Hospital,4.1,(386),Healthcare,New Delhi +10 other locations
2880,Nissan,3.5,(387),Automobile,Chennai +73 other locations
2881,Bharat Rasayan,4.0,(385),Agro Chemicals,Bharuch +20 other locations
2882,Ryan,4.0,(385),Accounting & Auditing,Hyderabad +6 other locations
2883,Elentec Power India (EPI) Pvt. Ltd.,3.9,(385),IT Services & Consulting,Noida +19 other locations
2884,Dynacons Systems & Solutions,3.7,(386),IT Services & Consulting,Mumbai +74 other locations
2885,Duroshox,4.1,(385),Auto Components,Pune +3 other locations
2886,Europa Locks,3.6,(386),Building Material,Pune +43 other locations
2887,US Tech Solutions,3.6,(385),Recruitment,Noida +13 other locations
2888,Medline Industries India Private Limited,3.7,(385),Medical Equipment,Pune +8 other locations
2889,AgreeYa Solutions,3.2,(384),IT Services & Consulting,Noida +10 other locations
2890,SRM University,3.6,(384),Education & Training,Chennai +27 other locations
2891,Everest Spices,3.8,(384),FMCG,Mumbai +76 other locations
2892,Diverse Lynx,3.5,(384),IT Services & Consulting,Noida +19 other locations
2893,Mobileum,3.2,(384),Software Product,Bengaluru +10 other locations
2894,Acme Generics LLP,3.4,(385),Pharma,Baddi +24 other locations
2895,Cooper Corporation,4.0,(384),Auto Components,Satara +14 other locations
2896,Sleek International,3.5,(384),Furniture & Furnishing,Mumbai +83 other locations
2897,Sangeetha Mobile,3.5,(384),Retail,Bengaluru +83 other locations
2898,Kaddacon Systems,4.6,(383),IT Services & Consulting,Pune +8 other locations
2899,Xdbs,2.7,(383),Marketing & Advertising,Pune +4 other locations
2900,Glaze Trading India,4.3,(383),Retail,New Delhi +88 other locations
2901,Indraprastha Gas,3.8,(383),Oil & Gas,New Delhi +29 other locations
2902,TrueBlue,3.5,(383),Recruitment,Gurugram +7 other locations
2903,Intelliswift - An LTTS Company,3.3,(383),IT Services & Consulting,Bengaluru +9 other locations
2904,Marelli Motherson Automotive Lighting,3.7,(385),Auto Components,Pune +15 other locations
2905,World Vision,4.3,(383),Non-Profit,Chennai +99 other locations
2906,Grey Orange,3.1,(383),Software Product,Gurugram +10 other locations
2907,Vectus Industries,4.1,(382),Petrochemicals,Noida +62 other locations
2908,Methodex,3.8,(382),Law Enforcement & Security,New Delhi +48 other locations
2909,JUSTO Realfintech,4.4,(383),Real Estate,Pune +11 other locations
2910,Berkadia,3.8,(383),Real Estate,Hyderabad +6 other locations
2911,Rosmerta Technologies,3.4,(384),Automobile,Gurugram +55 other locations
2912,Watertec India,3.7,(383),Building Material,Coimbatore +76 other locations
2913,Srei Equipment Finance,4.2,(382),Financial Services,Kolkata +79 other locations
2914,Expedia Group,3.6,(382),Internet,Gurugram +14 other locations
2915,Grand Hyatt,4.2,(382),Hospitality,Mumbai +29 other locations
2916,AQuity Solutions India,3.7,(382),IT Services & Consulting,Hyderabad +21 other locations
2917,Teamspace Financial Services,3.9,(381),Recruitment,Mumbai +123 other locations
2918,NTT Global Data Centers and Cloud Infrastructure,4.0,(381),IT Services & Consulting,Mumbai +17 other locations
2919,OodlesTechnologies,3.2,(381),IT Services & Consulting,Gurugram +11 other locations
2920,Helloverify,2.8,(381),Law Enforcement & Security,Noida +9 other locations
2921,Jade Global,3.4,(383),IT Services & Consulting,Pune +8 other locations
2922,Runwal Group,3.9,(381),Real Estate,Mumbai +9 other locations
2923,Polybond India,3.7,(381),Auto Components,Pune +14 other locations
2924,Neuberg Diagnostics,3.4,(381),Healthcare,Chennai +53 other locations
2925,Alfanar,4.1,(381),Electronics Manufacturing,Chennai +33 other locations
2926,Shakti Pumps,3.7,(382),Industrial Machinery,Indore +44 other locations
2927,Gps Renewables,4.1,(382),Oil & Gas,Bengaluru +40 other locations
2928,Dimension Data,4.5,(380),IT Services & Consulting,Bengaluru +54 other locations
2929,Kirloskar Toyota Textile Machinery,4.5,(380),Industrial Machinery,Bengaluru +11 other locations
2930,Servion Global Solutions,3.0,(380),IT Services & Consulting,Chennai +14 other locations
2931,Eisai Pharmaceuticals,4.0,(380),Healthcare,Visakhapatnam +26 other locations
2932,ANTOLIN,3.7,(381),Auto Components,Pune +19 other locations
2933,Sedemac Mechatronics,4.0,(381),Emerging Technologies,Pune +7 other locations
2934,Milkbasket,3.8,(381),Internet,Gurugram +23 other locations
2935,G. D. Foods MFG (TOPS),3.8,(380),Food Processing,New Delhi +52 other locations
2936,S2 Infotech,3.5,(380),Recruitment,Mumbai +70 other locations
2937,Imarque Solutions,3.0,(380),BPO,Chennai +16 other locations
2938,Intercontinental Consultants & Technocrats,4.1,(380),Engineering & Construction,New Delhi +60 other locations
2939,Sandvik Mining and Rock Technology,4.1,(381),Industrial Machinery,Udaipur +31 other locations
2940,IPE Global,3.8,(379),Management Consulting,New Delhi +96 other locations
2941,Elecon Engineering,4.2,(379),Electrical Equipment,Anand +23 other locations
2942,MSCI,3.7,(380),Financial Services,Mumbai +11 other locations
2943,Intelizign Lifecycle Services,3.8,(386),IT Services & Consulting,Pune +7 other locations
2944,Richa Global Export,4.0,(378),Fashion & Textile,Gurugram +12 other locations
2945,Krishna Group,4.0,(379),Auto Components,Gurugram +33 other locations
2946,Foundit,3.2,(378),Hyderabad +15 other locations,N/A
2947,PropTiger.com,3.8,(378),Internet,Gurugram +14 other locations
2948,Siemens Healthcare,4.0,(378),Healthcare,Bengaluru +26 other locations
2949,Rail Vikas Nigam,3.5,(378),FMCG,New Delhi +78 other locations
2950,Kores,3.6,(378),FMCG,Mumbai +40 other locations
2951,Navi Technologies,3.0,(378),FinTech,Bengaluru +18 other locations
2952,Smartworks,3.3,(378),Real Estate,Bengaluru +18 other locations
2953,Labournet Services,4.0,(378),Non-Profit,Bengaluru +59 other locations
2954,Ambuja Neotia,3.8,(378),Real Estate,Kolkata +15 other locations
2955,Paragon Footwear,3.9,(377),Fashion & Textile,Bengaluru +63 other locations
2956,Arcesium,3.3,(378),IT Services & Consulting,Hyderabad +8 other locations
2957,Nobel Hygiene,3.7,(377),Healthcare,Mumbai +86 other locations
2958,KaaShiv InfoTech Company,4.8,(376),EdTech,Chennai +5 other locations
2959,Rubicon Research,3.4,(376),Pharma,Mumbai +14 other locations
2960,Andromeda Sales ans Distribution PVT LTD,3.2,(376),Internet,Mumbai +70 other locations
2961,Técnicas Reunidas,3.9,(376),Engineering & Construction,Bengaluru +21 other locations
2962,Epsilon Carbon,3.8,(376),Chemicals,Ballari +19 other locations
2963,Hilex,3.8,(375),Automobile,Chennai +17 other locations
2964,Agarwal Packers and Movers Limited,3.4,(375),Logistics,New Delhi +46 other locations
2965,MCM Telecom Equipment,3.8,(375),Electronics Manufacturing,Noida +6 other locations
2966,Hathi Cement,4.0,(375),Building Material,Porbandar +41 other locations
2967,The Hershey Company,4.0,(375),Food Processing,Mumbai +63 other locations
2968,SYSTRA,4.0,(376),Engineering & Construction,New Delhi +40 other locations
2969,Bliss Gvs Pharma,4.1,(376),Pharma,Mumbai +15 other locations
2970,Synokem Pharmaceuticals,3.9,(375),Pharma,Haridwar +18 other locations
2971,Sharda University,3.7,(374),Education & Training,Greater Noida +14 other locations
2972,GE Aerospace,4.1,(374),Defence & Aerospace,Pune +11 other locations
2973,Veeda Clinical Research,3.5,(374),Clinical Research,Ahmedabad +7 other locations
2974,SRMB SRIJAN,3.5,(375),Iron & Steel,Kolkata +48 other locations
2975,Eclat Health Solutions,3.7,(373),Analytics & KPO,Hyderabad +11 other locations
2976,Karvy Innotech,2.9,(373),IT Services & Consulting,New Delhi +43 other locations
2977,Pharmarack Technologies,3.5,(373),Pharma,Pune +70 other locations
2978,Heavy Engineering Industries & Shipbuilding,3.9,(373),Engineering & Construction,Kuwait City +27 other locations
2979,Moser Baer,3.9,(372),Consumer Electronics & Appliances,Noida +12 other locations
2980,RSM US in India,3.4,(372),Management Consulting,Bengaluru +15 other locations
2981,Brick&Bolt,3.4,(372),Engineering & Construction,Bengaluru +9 other locations
2982,Aquasub Engineering,3.7,(373),Industrial Machinery,Coimbatore +17 other locations
2983,Cashpor Micro Credit,3.6,(372),NBFC,Varanasi +63 other locations
2984,Johnson Controls Hitachi Air Conditioning,3.7,(371),Consumer Electronics & Appliances,Ahmedabad +37 other locations
2985,Mahendra’s Institute,3.2,(371),Education & Training,Lucknow +93 other locations
2986,Tega Industries,3.7,(371),Industrial Machinery,Kolkata +20 other locations
2987,Sunflag Iron and Steel,3.7,(371),Iron & Steel,Bhandara +16 other locations
2988,Capri Global Housing Finance,3.4,(371),NBFC,Mumbai +100 other locations
2989,Toshiba JSW Power Systems,4.2,(371),Industrial Machinery,Chennai +14 other locations
2990,Data-Core Systems,2.9,(371),IT Services & Consulting,Kolkata +6 other locations
2991,Satyam Venture Engineering Services,3.4,(371),Auto Components,Hyderabad +12 other locations
2992,Enterprise Growth Accelerator,3.5,(370),Analytics & KPO,Faridabad +9 other locations
2993,Royal Orchid Hotels,4.0,(370),Hospitality,Bengaluru +51 other locations
2994,Concord Biotech,3.7,(370),Pharma,Ahmedabad +23 other locations
2995,Capital Small Finance Bank,3.6,(370),Banking,Jalandhar +69 other locations
2996,RedBus,4.0,(370),Internet,Bengaluru +21 other locations
2997,RNFI Services,3.2,(370),FinTech,New Delhi +102 other locations
2998,Ultra Corpotech,3.9,(371),Industrial Machinery,Pune +5 other locations
2999,Bss Microfinance,3.8,(370),Financial Services,Bengaluru +133 other locations
3000,Descon Engineering,4.0,(369),Engineering & Construction,Mumbai +28 other locations
3001,SiliconIndia,2.7,(369),Printing & Publishing,Bengaluru +9 other locations
3002,Wildcraft,3.6,(369),Fashion & Textile,Bengaluru +49 other locations
3003,Phenom,3.6,(369),Software Product,Hyderabad +5 other locations
3004,Berar Finance,3.6,(369),NBFC,Nagpur +97 other locations
3005,Civica India,3.1,(369),IT Services & Consulting,Vadodara +12 other locations
3006,Centre For Sight,3.9,(369),Healthcare,New Delhi +37 other locations
3007,Priya Cement,4.1,(370),Building Material,Kurnool +54 other locations
3008,TCG Lifesciences,4.1,(369),Pharma,Kolkata +8 other locations
3009,Maxxis Rubber,3.5,(369),Auto Components,Ahmedabad +18 other locations
3010,Yellow Diamond,4.0,(370),FMCG,Indore +88 other locations
3011,Bellsonica Auto Component,4.0,(369),Auto Components,Gurugram +14 other locations
3012,K L University,3.8,(369),Education & Training,Vijayawada +19 other locations
3013,Apcer Life Sciences,3.4,(369),Pharma,Ahmedabad +9 other locations
3014,T&M Services consulting,3.7,(368),Recruitment,Mumbai +95 other locations
3015,Zara,3.5,(368),Fashion & Textile,New Delhi +22 other locations
3016,HL Mando,4.0,(368),Auto Components,Chennai +23 other locations
3017,Lauritz Knudsen Electrical & Automation,4.2,(368),Electronics Manufacturing,Mumbai +71 other locations
3018,Sri Aurobindo Society,4.0,(368),Non-Profit,New Delhi +23 other locations
3019,Teachnook,2.8,(368),EdTech,Bengaluru +19 other locations
3020,Caparo Maruti,4.2,(367),Auto Components,Gurugram +20 other locations
3021,Trident Hotels,4.0,(367),Hospitality,Mumbai +18 other locations
3022,Associated Road Carriers,4.1,(367),Logistics,Hyderabad +71 other locations
3023,Rainbow Hospital,3.7,(369),Healthcare,Hyderabad +20 other locations
3024,Rahee Group,3.9,(367),Railways,Kolkata +48 other locations
3025,Offshoot Agency,3.4,(367),IT Services & Consulting,New Delhi +22 other locations
3026,EXEDY,3.8,(367),Auto Components,Bengaluru +19 other locations
3027,Lloyds Metals And Energy,3.8,(368),Metals & Mining,Chandrapur +14 other locations
3028,Jawahar Navodaya Vidyalaya,4.4,(367),Education & Training,New Delhi +151 other locations
3029,Planetcast,3.7,(367),Media & Entertainment,Noida +14 other locations
3030,Tata Toyo Radiator,N/A,N/A,Auto Components,Pune +11 other locations
3031,SATTVA,4.3,(367),Real Estate,Bengaluru +15 other locations
3032,Hyundai Engineering and Construction,4.3,(366),Engineering & Construction,Chennai +31 other locations
3033,Indifi Technologies,3.6,(366),FinTech,Gurugram +14 other locations
3034,People Prime Worldwide,4.1,(366),Recruitment,Hyderabad +9 other locations
3035,Evolent Health International,3.9,(366),Software Product,Pune +4 other locations
3036,Lumino Industries,3.7,(366),Electrical Equipment,Kolkata +51 other locations
3037,Birla Cement,4.1,(367),Building Material,Satna +75 other locations
3038,Sj Contracts,4.2,(366),Engineering & Construction,Pune +9 other locations
3039,ITSource Technologies,2.8,(366),IT Services & Consulting,Mumbai +28 other locations
3040,VXI Global Solutions,3.3,(367),BPO,Hyderabad +5 other locations
3041,Captain Steel India Limited,3.8,(366),Iron & Steel,Kolkata +77 other locations
3042,Hollister Medical,4.0,(366),Medical Equipment,Rewari +11 other locations
3043,Tata Digital,2.3,(366),IT Services & Consulting,Mumbai +10 other locations
3044,Pranav Vikas India Private Limited,3.8,(366),Automobile,Faridabad +16 other locations
3045,Vedant Fashions,4.1,(365),Fashion & Textile,Kolkata +50 other locations
3046,Awign Enterprises,3.6,(365),Internet,Bengaluru +51 other locations
3047,Mobiloitte Technologies,3.1,(366),IT Services & Consulting,New Delhi +9 other locations
3048,Hays Business Solutions,3.3,(365),Recruitment,Noida +12 other locations
3049,Amoli Organics,3.7,(366),Pharma,Vadodara +15 other locations
3050,Endava,3.5,(365),IT Services & Consulting,Bengaluru +13 other locations
3051,Utkarsh India,3.6,(365),Iron & Steel,Kolkata +21 other locations
3052,Kokuyo Camlin,3.7,(365),FMCG,Mumbai +65 other locations
3053,Hitachi Vantara,3.5,(365),IT Services & Consulting,Hyderabad +14 other locations
3054,Actalent Services,3.6,(365),Engineering & Construction,Bengaluru +9 other locations
3055,N Ranga Rao And Sons,3.8,(364),FMCG,Mysuru +78 other locations
3056,Subway,4.2,(364),Hospitality,New Delhi +66 other locations
3057,Adani Electricity,3.4,(364),Power,Mumbai +39 other locations
3058,Time Technoplast,3.7,(364),Petrochemicals,Mumbai +34 other locations
3059,Computacenter,3.9,(366),IT Services & Consulting,Bengaluru +11 other locations
3060,Department of Agriculture,4.3,(364),Agriculture,Bengaluru +142 other locations
3061,Toshiba Transmission & Distribution Systems,4.0,(364),Electrical Equipment,Hyderabad +23 other locations
3062,Wagh Bakri Tea Group,4.2,(364),Beverage,Ahmedabad +58 other locations
3063,Apmosys Technologies,3.1,(366),IT Services & Consulting,Mumbai +9 other locations
3064,Watchyourhealth.com,4.6,(363),Emerging Technologies,Thane +3 other locations
3065,HBL Global,4.3,(363),NBFC,New Delhi +76 other locations
3066,TRL Krosaki Refractories,3.9,(363),Metals & Mining,Jharsuguda +22 other locations
3067,Health India Tpa Services,3.2,(363),Insurance,Mumbai +33 other locations
3068,Treebo Hotels,3.2,(363),Internet,Bengaluru +39 other locations
3069,VST Industries,3.7,(363),FMCG,Hyderabad +88 other locations
3070,Avineon India,4.0,(363),IT Services & Consulting,Hyderabad +9 other locations
3071,People Group,3.4,(362),Internet,Mumbai +30 other locations
3072,Ryan International School,3.1,(362),Education & Training,Mumbai +45 other locations
3073,Tribhovandas Bhimji Zaveri,4.0,(362),Metals & Mining,Mumbai +34 other locations
3074,Mitra SK,3.9,(362),Other,Kolkata +49 other locations
3075,Pegasystems,3.5,(362),Software Product,Hyderabad +5 other locations
3076,Uneecops Technologies,3.7,(362),IT Services & Consulting,Noida +25 other locations
3077,GGS Information Services,3.9,(362),IT Services & Consulting,Chennai +10 other locations
3078,Motherson Technology Services,3.3,(362),IT Services & Consulting,Noida +12 other locations
3079,Ben Franklin Opticians,3.9,(362),Retail,Hyderabad +110 other locations
3080,Suzuki,3.8,(361),Automobile,Ahmedabad +60 other locations
3081,Syncfusion,3.4,(361),Software Product,Chennai +5 other locations
3082,QUADRANT TECHNOLOGIES INDIA PRIVATE LIMITED,3.8,(361),Recruitment,Hyderabad +12 other locations
3083,Cedcoss Technologies,3.0,(361),IT Services & Consulting,Lucknow +3 other locations
3084,Audi,3.7,(362),Automobile,New Delhi +55 other locations
3085,SEIL Energy India,4.0,(361),Power,Nellore +35 other locations
3086,Zoomcar,3.7,(360),Internet,Bengaluru +29 other locations
3087,Gujarat Alkalies & Chemicals,4.6,(360),Chemicals,Bharuch +15 other locations
3088,New Opportunity Consultancy,4.2,(361),Recruitment,Coimbatore +142 other locations
3089,OneSource Specialty Pharma Limited,3.8,(360),Pharma,Bengaluru +7 other locations
3090,Hitachi Hi-Rel Power Electronics,3.8,(360),Electronics Manufacturing,Ahmedabad +31 other locations
3091,Qentelli,3.6,(360),IT Services & Consulting,Hyderabad +4 other locations
3092,Campus Activewear,4.0,(360),Fashion & Textile,New Delhi +49 other locations
3093,NCCCL,3.5,(359),Engineering & Construction,Bengaluru +24 other locations
3094,Ample Technologies,3.7,(359),IT Services & Consulting,Bengaluru +29 other locations
3095,Lido Learning,2.1,(359),EdTech,Mumbai +18 other locations
3096,Ssipl Lifestyle,4.0,(359),Retail,New Delhi +49 other locations
3097,Emami Paper Mills,4.1,(359),Pulp & Paper,Balasore +8 other locations
3098,INOX Air Products,4.0,(359),Oil & Gas,Pune +58 other locations
3099,TMF Group,3.7,(359),Financial Services,Pune +11 other locations
3100,Lalitha Jewellery,4.0,(358),Jewellery,Chennai +45 other locations
3101,Vini Cosmetics,3.9,(358),Beauty & Personal Care,Mumbai +97 other locations
3102,RWS Group,3.5,(358),IT Services & Consulting,Indore +22 other locations
3103,Wipro GE Health Care,4.0,(358),IT Services & Consulting,Bengaluru +34 other locations
3104,Duroflex,3.9,(358),Furniture & Furnishing,Bengaluru +49 other locations
3105,Adarsh Credit Co-Operative Society,4.3,(357),Investment Banking / Venture Capital / Private Equity,Ahmedabad +138 other locations
3106,Udaan India - The Original Visa Company,4.3,(357),Bengaluru +77 other locations,N/A
3107,Godrej Infotech,3.7,(358),IT Services & Consulting,Mumbai +18 other locations
3108,Choice Consultancy Services,3.7,(358),Management Consulting,Mumbai +68 other locations
3109,The Park Hotels,4.0,(357),Hospitality,Kolkata +25 other locations
3110,GTPL-KCBPL,4.0,(357),Telecom,Kolkata +36 other locations
3111,DotPe,3.1,(357),IT Services & Consulting,Gurugram +23 other locations
3112,METRO Global Solutions Center,3.4,(357),IT Services & Consulting,Pune +9 other locations
3113,Vaibhav Global,3.1,(357),Jewellery,Jaipur +11 other locations
3114,R.K.M Powergen,3.9,(357),Power,Raigarh +17 other locations
3115,Harjai Computers,3.2,(356),Recruitment,Mumbai +14 other locations
3116,Transguard Group,3.8,(356),Law Enforcement & Security,Dubai +25 other locations
3117,Light Microfinance,3.8,(356),NBFC,Ahmedabad +119 other locations
3118,Carraro,4.0,(356),Industrial Machinery,Pune +5 other locations
3119,Holcim,3.5,(356),Building Material,Mumbai +36 other locations
3120,Eaton India Innovation Center,3.7,(357),Engineering & Construction,Pune +2 other locations
3121,Ven Consulting,3.2,(357),Recruitment,Bengaluru +62 other locations
3122,Swiss Re,3.7,(356),Insurance,Bengaluru +6 other locations
3123,Protiviti India Member,2.7,(356),Management Consulting,Mumbai +28 other locations
3124,Jumio,3.9,(356),Emerging Technologies,Jaipur +12 other locations
3125,Schaeffer & Sam,3.3,(355),Accounting & Auditing,Mumbai +24 other locations
3126,Lam Research,3.8,(355),Semiconductors,Bengaluru +3 other locations
3127,Windlas Biotech,4.0,(355),Pharma,Dehradun +15 other locations
3128,Mitsubishi Electric Automotive India,4.4,(356),Automobile,Gurugram +16 other locations
3129,Aarti Drugs,3.5,(355),Pharma,Mumbai +12 other locations
3130,Technocon Services,3.3,(356),Engineering & Construction,Kolkata +39 other locations
3131,Woodenstreet.com,3.4,(355),Furniture & Furnishing,Udaipur +28 other locations
3132,McNROE,3.9,(357),FMCG,Kolkata +65 other locations
3133,Hygienic Research Institute,3.8,(356),Beauty & Personal Care,Mumbai +60 other locations
3134,SBI Payment Services,4.0,(356),Financial Services,Mumbai +122 other locations
3135,Ventura Securities,4.0,(354),Financial Services,Mumbai +42 other locations
3136,Autocomp Corporation Panse,3.4,(354),Auto Components,Pune +12 other locations
3137,B S R & Co Llp,3.1,(354),Accounting & Auditing,Mumbai +22 other locations
3138,Vatika Group,4.2,(355),Hospitality,Gurugram +18 other locations
3139,Deenanath Mangeshkar Hospital,3.8,(354),Healthcare,Pune +11 other locations
3140,Borosil Glass Works,3.7,(354),Packaging,Jaipur +37 other locations
3141,WPP,2.9,(354),Marketing & Advertising,Mumbai +11 other locations
3142,Seth M R Jaipuria School,3.6,(354),Education & Training,Lucknow +50 other locations
3143,Debtcare Enterprises,4.3,(353),Investment Banking / Venture Capital / Private Equity,Hyderabad +17 other locations
3144,Medall Healthcare,3.7,(353),Healthcare,Chennai +52 other locations
3145,Al Tasnim Enterprises,3.5,(353),Engineering & Construction,Muscat +18 other locations
3146,Worldline,3.6,(355),FinTech,Mumbai +15 other locations
3147,Parul University,3.4,(353),Education & Training,Vadodara +37 other locations
3148,TCI Supply Chain Solutions,4.0,(353),Logistics,Gurugram +58 other locations
3149,Roquette Riddhi Siddhi,3.9,(353),Pharma,Rudrapur +20 other locations
3150,Halonix Technologies,3.7,(354),Electrical Equipment,Noida +53 other locations
3151,Netcore Pvt. Ltd.,4.1,(353),Marketing & Advertising,Mumbai +12 other locations
3152,JSW One Platforms,2.9,(353),Internet,Mumbai +39 other locations
3153,Shaadi.com,3.4,(353),Internet,Mumbai +26 other locations
3154,Prem Motors,3.6,(352),Automobile,Gwalior +22 other locations
3155,MAHLE Behr India,3.6,(352),Auto Components,Pune +11 other locations
3156,Yalamanchili Software Exports,3.1,(352),Software Product,Chennai +12 other locations
3157,Balrampur Chini Mills Limited,4.1,(352),Food Processing,Lucknow +24 other locations
3158,MSP Steel & Power,3.8,(352),Iron & Steel,Raigarh +19 other locations
3159,Zydex Industries,3.8,(352),Chemicals,Vadodara +72 other locations
3160,DEN Networks,3.8,(352),Broadcasting,New Delhi +48 other locations
3161,Vijay Nirman Company,3.6,(352),Engineering & Construction,Hyderabad +33 other locations
3162,e-Zest,3.9,(351),IT Services & Consulting,Pune +6 other locations
3163,Yamaha Motor India Sales,4.1,(351),Automobile,Chennai +58 other locations
3164,Adient,4.0,(351),Auto Components,Pune +13 other locations
3165,Sekisui Dljm Molding,3.9,(351),Auto Components,Chennai +19 other locations
3166,Gupta Power Infrastructure,3.0,(351),Power,Bhubaneswar +42 other locations
3167,Orchid Pharma,3.7,(351),Pharma,Chennai +16 other locations
3168,Omnicom Global Solutions,3.3,(352),Marketing & Advertising,Bengaluru +12 other locations
3169,Cotmac Electronics,3.6,(351),Industrial Automation,Pune +24 other locations
3170,Akumentis Healthcare,3.4,(351),Healthcare,Mumbai +52 other locations
3171,DCM Shriram Industries,4.1,(351),Chemicals,Meerut +36 other locations
3172,Rithwik Projects,3.9,(351),Engineering & Construction,Hyderabad +57 other locations
3173,Groww,3.6,(351),FinTech,Bengaluru +18 other locations
3174,Bain & Company,3.7,(350),Management Consulting,Gurugram +7 other locations
3175,Gufic Biosciences,3.2,(350),Pharma,Mumbai +36 other locations
3176,Sequel Logistics,4.0,(350),Logistics,Bengaluru +48 other locations
3177,Oil India,4.1,(350),Oil & Gas,Duliajan +48 other locations
3178,Adama,4.1,(350),Agro Chemicals,Hyderabad +72 other locations
3179,Rashtriya Chemicals and Fertilizers,4.4,(350),Agro Chemicals,Mumbai +32 other locations
3180,Stefanini,2.7,(351),IT Services & Consulting,Noida +12 other locations
3181,ACB (India),3.7,(350),Oil & Gas,Korba +29 other locations
3182,EPIQ Systems,3.4,(350),Legal,Hyderabad +9 other locations
3183,Jaguar Security Services,4.5,(350),Law Enforcement & Security,Bengaluru +22 other locations
3184,Council of Scientific and Industrial Research,4.1,(352),Government,New Delhi +43 other locations
3185,Columbia Petro Chem,4.1,(351),Oil & Gas,Mumbai +12 other locations
3186,RV Solutions,3.7,(350),IT Services & Consulting,Noida +37 other locations
3187,L&T Defence,3.8,(349),Defence & Aerospace,Pune +21 other locations
3188,Jay Chemical Industries,4.0,(349),Chemicals,Ahmedabad +28 other locations
3189,NU Vista,4.2,(349),Building Material,Kolkata +65 other locations
3190,Asti Electronics India,4.1,(349),Auto Components,Gurugram +11 other locations
3191,6D Technologies,2.8,(349),Telecom,Bengaluru +14 other locations
3192,Nabard Financial Services,4.1,(350),NBFC,Bengaluru +131 other locations
3193,Hical Technologies,3.6,(350),Auto Components,Bengaluru +5 other locations
3194,Lobo Staffing Solutions,4.1,(349),Recruitment,Mumbai +70 other locations
3195,Compunnel,3.7,(348),IT Services & Consulting,Noida +15 other locations
3196,UNext,3.0,(348),EdTech,Bengaluru +13 other locations
3197,Synergies Castings,3.8,(348),Auto Components,Visakhapatnam +6 other locations
3198,AVL,3.4,(348),Automobile,Gurugram +24 other locations
3199,Motilal Oswal Asset Management Company,4.4,(348),Financial Services,Mumbai +44 other locations
3200,NXP Semiconductors,3.6,(348),Semiconductors,Bengaluru +12 other locations
3201,Multiplier Brand Solutions,3.6,(348),Marketing & Advertising,New Delhi +78 other locations
3202,Yara Fertilisers,3.8,(348),Agro Chemicals,Gurugram +62 other locations
3203,Vascon Engineers,3.8,(348),Real Estate,Pune +21 other locations
3204,SMC Corporation,3.8,(348),Medical Equipment,Noida +47 other locations
3205,Shiash Info Solutions,3.0,(348),IT Services & Consulting,Chennai +9 other locations
3206,Coditas Technologies,3.9,(348),Emerging Technologies,Pune +7 other locations
3207,Control Print,4.1,(347),Industrial Machinery,Mumbai +43 other locations
3208,Mahindra Insurance Brokers,3.3,(347),Insurance,Mumbai +92 other locations
3209,Muthoot Capital Services,3.5,(347),Financial Services,Kochi +101 other locations
3210,CityMall,3.3,(347),Internet,Gurugram +25 other locations
3211,Fluper,4.0,(347),IT Services & Consulting,Noida +4 other locations
3212,National Highways Authority of India,3.9,(347),Engineering & Construction,New Delhi +156 other locations
3213,Aegis Logistics,3.6,(347),Oil & Gas,Mumbai +41 other locations
3214,Advanced Micro Devices,3.7,(347),Semiconductors,Hyderabad +15 other locations
3215,Infocepts Technologies,3.5,(348),IT Services & Consulting,Nagpur +7 other locations
3216,Oceaneering International,4.1,(346),Engineering & Construction,Chandigarh +10 other locations
3217,Trane Technologies,3.9,(346),Industrial Machinery,Bengaluru +15 other locations
3218,Park Plus,2.7,(346),Internet,Gurugram +36 other locations
3219,Hindustan Syringes & Medical Devices,4.0,(346),Medical Equipment,Faridabad +16 other locations
3220,Padmini VNA Mechatronics,3.9,(347),Auto Components,Gurugram +6 other locations
3221,L&T Valves,3.7,(346),Industrial Machinery,Coimbatore +15 other locations
3222,Park Plus,2.7,(346),Internet,Gurugram +36 other locations
3223,A-1 Fence Products,3.9,(346),Building Material,Mumbai +20 other locations
3224,VGM Consultants,3.3,(346),BPO,Kolkata +53 other locations
3225,Clariant Chemicals,4.1,(346),Chemicals,Mumbai +18 other locations
3226,MapmyIndia,3.5,(346),Software Product,New Delhi +12 other locations
3227,Ircon International,3.9,(345),Engineering & Construction,New Delhi +55 other locations
3228,MYCPE ONE,3.9,(345),Ahmedabad +23 other locations,N/A
3229,Shah Technical Consultants,3.6,(345),Telecom,Mumbai +68 other locations
3230,BLS International Services,3.4,(345),Travel & Tourism,New Delhi +55 other locations
3231,Savista Global Solutions,4.1,(345),Analytics & KPO,Chennai +8 other locations
3232,Theme Engineering Services,3.7,(345),Engineering & Construction,Jaipur +110 other locations
3233,Kushal's Fashion Jewellery,4.4,(345),Jewellery,Bengaluru +31 other locations
3234,Jaypee Cement,4.0,(345),Building Material,Rewa +69 other locations
3235,Red Health,3.5,(345),Healthcare,Hyderabad +30 other locations
3236,Red Tape,3.2,(345),Fashion & Textile,New Delhi +71 other locations
3237,Stellar Innovations,3.4,(345),IT Services & Consulting,Bengaluru +12 other locations
3238,Network 18,3.5,(344),Media & Entertainment,Mumbai +29 other locations
3239,TMEIC,3.8,(345),Bengaluru +10 other locations,N/A
3240,eMudhra,3.4,(344),Software Product,Bengaluru +15 other locations
3241,Mars,3.6,(344),Food Processing,Gurugram +67 other locations
3242,Ceat Specialty Tyres,3.9,(344),Auto Components,Mumbai +37 other locations
3243,Kyndal India,3.6,(344),Beverage,Bengaluru +11 other locations
3244,International Game Technology,3.1,(345),Gaming,Gurugram +10 other locations
3245,ShopKirana,3.9,(344),Software Product,Indore +25 other locations
3246,63 Moons Technologies,3.6,(344),IT Services & Consulting,Mumbai +14 other locations
3247,Yubi,4.2,(344),FinTech,Chennai +12 other locations
3248,Country Holidays Inn & Suites,4.2,(343),Travel & Tourism,Noida +16 other locations
3249,Cygnet Infotech,3.3,(343),IT Services & Consulting,Ahmedabad +13 other locations
3250,Urban Ladder,3.7,(343),Furniture & Furnishing,Bengaluru +32 other locations
3251,Escon Elevators,3.8,(343),Industrial Machinery,Mumbai +15 other locations
3252,Gyproc,3.9,(343),Mumbai +40 other locations,N/A
3253,Sri Sri Tattva,3.5,(343),FMCG,Bengaluru +57 other locations
3254,Sata Vikas India,3.5,(344),Auto Components,Palwal +16 other locations
3255,Kimberly-Clark,3.9,(343),Beauty & Personal Care,Bengaluru +57 other locations
3256,Teleysia Networks,3.4,(343),Telecom,Ahmedabad +34 other locations
3257,Toyota Financial Services,3.6,(344),Financial Services,Bengaluru +64 other locations
3258,Zuari Cement,4.3,(343),Building Material,Hyderabad +44 other locations
3259,Recipharm Pharmaservices,3.8,(343),Pharma,Bengaluru +6 other locations
3260,Gtpl Broadband,3.8,(343),Telecom,Ahmedabad +47 other locations
3261,Telstra,3.9,(343),Telecom,Bengaluru +8 other locations
3262,Festo,3.7,(344),Industrial Automation,Bengaluru +23 other locations
3263,Bal Pharma,3.3,(343),Pharma,Bengaluru +23 other locations
3264,Globtier Infotech Limited,3.3,(344),IT Services & Consulting,Noida +38 other locations
3265,VIKRAN Engineering & Exim,4.1,(343),Engineering & Construction,Mumbai +69 other locations
3266,Pitaara,4.1,(343),Food Processing,Pune +67 other locations
3267,Avantor,3.7,(343),Pharma,Coimbatore +26 other locations
3268,MUFG Bank,3.5,(343),Banking,Bengaluru +13 other locations
3269,ADNOC,4.3,(342),Oil & Gas,Abu Dhabi +16 other locations
3270,InfodriveIndia,4.1,(342),Other,New Delhi +4 other locations
3271,Sakthi Auto Components,3.1,(343),Auto Components,Erode +20 other locations
3272,Aloha Technology,2.7,(343),IT Services & Consulting,Pune +10 other locations
3273,CESC,3.7,(342),Power,Kolkata +15 other locations
3274,Kerala State Electricity Board,4.2,(342),Power,Palakkad +30 other locations
3275,DISYS,3.1,(342),IT Services & Consulting,Chennai +10 other locations
3276,Khimji Ramdas,3.8,(343),Retail,Ahmedabad +33 other locations
3277,Zebronics,3.7,(343),Consumer Electronics & Appliances,Chennai +43 other locations
3278,Satin Finserv,3.9,(342),NBFC,Gurugram +94 other locations
3279,SOPAN,4.0,(342),Industrial Machinery,Pune +44 other locations
3280,Coding Ninjas,3.7,(342),EdTech,Gurugram +11 other locations
3281,Paperchase Accountancy,2.9,(342),Accounting & Auditing,Ahmedabad +9 other locations
3282,Arabian Industries,3.8,(341),Oil & Gas,Muscat +22 other locations
3283,doodleblue innovation,4.1,(341),IT Services & Consulting,Chennai +5 other locations
3284,AceMicromatic Group,4.2,(341),Industrial Machinery,Bengaluru +35 other locations
3285,Indchemie Health Specialities,3.7,(342),Pharma,Mumbai +63 other locations
3286,Bluechip Corporate Investment Centre,3.7,(341),Accounting & Auditing,Mumbai +102 other locations
3287,Clarus Rcm Infotech,2.7,(341),BPO,Hyderabad +17 other locations
3288,Allegis Global Solutions,3.3,(341),Recruitment,Bengaluru +11 other locations
3289,DSV - Global Transport and Logistics,3.7,(341),Logistics,Mumbai +37 other locations
3290,Versuni India Home Solutions,3.3,(340),Consumer Electronics & Appliances,Chennai +42 other locations
3291,Evelyn Learning Systems,3.9,(340),EdTech,New Delhi +10 other locations
3292,CKA Birla Group,4.0,(340),Building Material,Hyderabad +57 other locations
3293,Somic ZF Components,4.2,(340),Auto Components,Gurugram +19 other locations
3294,Taco Bell,4.1,(340),Hospitality,New Delhi +39 other locations
3295,Kraft Heinz,3.0,(340),FMCG,Ahmedabad +32 other locations
3296,Hyperpure,3.7,(340),Internet,Gurugram +43 other locations
3297,ESAF CO-OPERATIVE,3.5,(339),Financial Services,Thrissur +133 other locations
3298,Halliburton,3.6,(341),Engineering & Construction,Bengaluru +27 other locations
3299,Praxis Services,3.4,(340),Management Consulting,Gurugram +8 other locations
3300,Praxis Services,3.4,(339),Management Consulting,Gurugram +8 other locations
3301,Dentsu Aegis Network,3.2,(339),Marketing & Advertising,Bengaluru +14 other locations
3302,R&R Limousine And Bus,4.0,(339),Chennai +11 other locations,N/A
3303,Technicolor,3.5,(338),Animation & VFX,Bengaluru +10 other locations
3304,Satguru Travels and Tour Services,2.8,(338),Travel & Tourism,Pune +37 other locations
3305,Silverlink Technologies,3.8,(338),IT Services & Consulting,Mumbai +17 other locations
3306,Zopper,3.1,(338),FinTech,Noida +44 other locations
3307,ICRA Analytics,3.0,(338),Analytics & KPO,Kolkata +5 other locations
3308,Essilor,4.0,(338),Medical Equipment,Bengaluru +43 other locations
3309,TestingXperts,3.8,(338),IT Services & Consulting,Chandigarh +11 other locations
3310,IIT Bombay,4.4,(338),Education & Training,Mumbai +13 other locations
3311,Springer Nature in India,4.0,(338),Printing & Publishing,Pune +4 other locations
3312,Valvoline Cummins,4.0,(338),Auto Components,Gurugram +58 other locations
3313,Zf Wind Power,4.1,(338),Coimbatore +8 other locations,N/A
3314,Adglobal360,3.2,(338),Gurugram +11 other locations,N/A
3315,Leixir Dental Group,4.5,(342),Healthcare,Gurugram +2 other locations
3316,Kpmg Resource Centre,3.4,(338),Accounting & Auditing,Gurugram +12 other locations
3317,Merit Data and Technology,3.7,(337),Analytics & KPO,Chennai +6 other locations
3318,Unique Identification Authority of India,3.7,(337),IT Services & Consulting,New Delhi +95 other locations
3319,Integrated Wireless Solutions,3.8,(337),Telecom,Bengaluru +42 other locations
3320,Ace Designers,4.1,(337),Industrial Machinery,Bengaluru +15 other locations
3321,Hindustan Urvarak & Rasayan,3.4,(337),Agro Chemicals,Gorakhpur +23 other locations
3322,Zet Town,3.4,(337),Electronics Manufacturing,Noida +9 other locations
3323,Volvo Trucks,4.0,(336),Automobile,Bengaluru +35 other locations
3324,Rio Tinto,3.6,(336),Metals & Mining,Gurugram +12 other locations
3325,MJ Biopharm,3.5,(336),Pharma,Pune +9 other locations
3326,Kalyani Motors,3.2,(336),Automobile,Bengaluru +11 other locations
3327,Polyhose,3.7,(336),Industrial Machinery,Chennai +18 other locations
3328,Jtekt Sona Automotive India,4.2,(336),Auto Components,Gurugram +16 other locations
3329,IIC Technologies,3.5,(337),IT Services & Consulting,Hyderabad +19 other locations
3330,Aptean,3.1,(336),Software Product,Bengaluru +6 other locations
3331,Rushil Decor,4.1,(336),Building Material,Ahmedabad +34 other locations
3332,Vem Technologies,3.6,(336),Defence & Aerospace,Hyderabad +4 other locations
3333,Sub-K IMPACT Solutions,4.1,(335),Financial Services,Hyderabad +112 other locations
3334,Aeronautical Development Agency,4.3,(335),Defence & Aerospace,Bengaluru +9 other locations
3335,Furukawa Minda Electric,4.1,(335),Auto Components,Bawal +14 other locations
3336,SNVA Group,3.4,(335),IT Services & Consulting,Noida +6 other locations
3337,Lion Engineering Consultants,3.4,(335),Engineering & Construction,Bhopal +77 other locations
3338,IndusInd Securities,3.8,(335),Financial Services,Mumbai +53 other locations
3339,ESAB,3.9,(335),Industrial Machinery,Chennai +28 other locations
3340,Furukawa Minda Electric,4.1,(335),Auto Components,Bawal +14 other locations
3341,Modern V.R. Security Force,4.0,(335),Law Enforcement & Security,Mumbai +74 other locations
3342,"Ministry Of Health, New Delhi",4.0,(334),Healthcare,New Delhi +47 other locations
3343,Delhi Metro Rail Corporation,4.1,(334),Logistics,New Delhi +22 other locations
3344,Inventys Research,4.3,(334),Chemicals,Nagpur +5 other locations
3345,Signode,3.7,(334),Industrial Machinery,Hyderabad +39 other locations
3346,Patil Group,3.5,(334),Railways,Hyderabad +46 other locations
3347,Nutricia,3.4,(334),Fitness & Wellness,Mumbai +66 other locations
3348,Global Aluminium,3.7,(334),Metals & Mining,Hyderabad +17 other locations
3349,KLJ GROUP,3.3,(334),Petrochemicals,Bharuch +19 other locations
3350,Entab Infotech,3.2,(334),EdTech,New Delhi +14 other locations
3351,Can Fin Homes,2.8,(334),NBFC,Bengaluru +83 other locations
3352,Biz 2 Credit Info Services,3.4,(334),Financial Services,Noida +5 other locations
3353,Nava Limited,3.8,(334),Metals & Mining,Hyderabad +29 other locations
3354,Labcorp,4.0,(333),Clinical Research,Bengaluru +11 other locations
3355,Pricol Precision Products,4.0,(333),Auto Components,Hosur +18 other locations
3356,Path Infotech,3.4,(333),IT Services & Consulting,Noida +9 other locations
3357,o9 Solutions,3.4,(333),Software Product,Bengaluru +6 other locations
3358,Lloyd Insulations,3.5,(333),Industrial Machinery,New Delhi +43 other locations
3359,Lucas Indian Service,4.1,(333),Auto Components,Chennai +52 other locations
3360,Gi Group,3.7,(333),Recruitment,Mumbai +57 other locations
3361,Walplast Products,3.9,(333),Building Material,Mumbai +61 other locations
3362,Corizo,3.7,(333),Education & Training,Bengaluru +17 other locations
3363,Sarvagram Fincare,3.9,(333),NBFC,Pune +115 other locations
3364,Rao IIT Academy,3.5,(332),Education & Training,Mumbai +21 other locations
3365,Cox & Kings,3.4,(332),Travel & Tourism,Mumbai +48 other locations
3366,MNC Group,4.1,(332),Investment Banking / Venture Capital / Private Equity,Bengaluru +52 other locations
3367,MTR Foods,4.0,(332),FMCG,Bengaluru +46 other locations
3368,GIVA Jewellery,3.0,(333),Jewellery,Bengaluru +29 other locations
3369,EXO Edge,3.5,(332),BPO,Sahibzada Ajit Singh Nagar +6 other locations
3370,Plasser India,4.0,(332),Industrial Machinery,Vadodara +12 other locations
3371,Selec Controls,3.5,(332),Electronics Manufacturing,Mumbai +21 other locations
3372,NIKE,4.0,(332),Retail,Bengaluru +45 other locations
3373,Minda Kosei Aluminum Wheel,4.1,(332),Auto Components,Ahmedabad +16 other locations
3374,AVASOFT,2.6,(332),Software Product,Chennai +7 other locations
3375,L&T–MHI Power Boilers,4.0,(332),Industrial Machinery,Surat +22 other locations
3376,Maharashtra Hybrid Seed Company,4.0,(332),Agriculture,Chhatrapati Sambhajinagar +74 other locations
3377,EqualizeRCM Services,3.7,(332),Analytics & KPO,Mysuru +9 other locations
3378,Cadence Design Systems,3.9,(332),Semiconductors,Noida +17 other locations
3379,Vasan Eye Care Hospitals,3.8,(331),Healthcare,Bengaluru +73 other locations
3380,Agility,4.1,(331),Logistics,Chennai +37 other locations
3381,Aabasoft,4.1,(331),IT Services & Consulting,Kochi +13 other locations
3382,Futurense Technologies,4.1,(331),EdTech,Bengaluru +9 other locations
3383,Senvion,4.0,(330),Power,Bengaluru +33 other locations
3384,SOTC Travel Limited,4.0,(331),Travel & Tourism,Mumbai +34 other locations
3385,Machino Plastics,3.6,(331),Auto Components,Gurugram +17 other locations
3386,Scaleneworks,3.6,(331),Recruitment,Bengaluru +31 other locations
3387,Dinshaws,3.9,(332),Food Processing,Nagpur +56 other locations
3388,Kalkine Solutions,4.2,(331),Financial Services,Noida +2 other locations
3389,Sureti Insurance Marketing,3.2,(331),Insurance,Coimbatore +8 other locations
3390,Aarti Steels,3.7,(331),Iron & Steel,Cuttack +11 other locations
3391,Himadri Speciality Chemical Limited,3.5,(331),Chemicals,Kolkata +15 other locations
3392,Hyundai Construction Equipment,4.3,(330),Industrial Machinery,Pune +39 other locations
3393,Techno Electric & Engineering Company,4.0,(330),Engineering & Construction,Kolkata +56 other locations
3394,Mahindra Teqo,4.1,(330),Software Product,Mumbai +80 other locations
3395,Pfizer Products India,3.9,(330),Pharma,Visakhapatnam +15 other locations
3396,Banco Products,3.5,(330),Auto Components,Vadodara +19 other locations
3397,Polyplastics Industries (I),3.8,(330),Auto Components,Pune +16 other locations
3398,Hitech Digital Solutions,3.7,(330),IT Services & Consulting,Ahmedabad +18 other locations
3399,Boehringer-Ingelheim,4.0,(330),Pharma,Mumbai +56 other locations
3400,BIC Cello,4.0,(330),Other,Mumbai +55 other locations
3401,Rajsriya Automotive Industries,3.2,(329),Auto Components,Hosur +13 other locations
3402,Harsha Engineers,3.8,(329),Auto Components,Ahmedabad +12 other locations
3403,CareEdge Ratings,3.0,(329),Financial Services,Mumbai +21 other locations
3404,Nitco,3.9,(329),Building Material,Mumbai +59 other locations
3405,Han Digital,2.7,(329),Recruitment,Bengaluru +21 other locations
3406,Aurigene Pharmaceutical Services,4.1,(329),Pharma,Hyderabad +4 other locations
3407,Sundaram Motors,3.9,(328),Automobile,Chennai +43 other locations
3408,Accel IT Services,3.5,(328),IT Services & Consulting,Chennai +60 other locations
3409,Dvara KGFS,3.7,(328),NBFC,Chennai +66 other locations
3410,Mahindra Truck and Bus,3.6,(328),Automobile,Pune +63 other locations
3411,Groz Engineering Tools,4.1,(328),Industrial Machinery,Gurugram +24 other locations
3412,Tudip Technologies,2.8,(328),IT Services & Consulting,Pune +7 other locations
3413,Brawn Group,3.6,(328),Pharma,Faridabad +14 other locations
3414,Greentech Industries,3.6,(328),Industrial Machinery,Nellore +18 other locations
3415,You Broadband,3.7,(327),Telecom,Pune +31 other locations
3416,Glorious Insight,3.6,(327),IT Services & Consulting,Noida +6 other locations
3417,Abbott Nutrition International,3.9,(327),Pharma,Mumbai +63 other locations
3418,Pps Motors,4.0,(327),Automobile,Hyderabad +56 other locations
3419,Irclass Systems And Solutions,4.2,(327),Ports & Shipping,Mumbai +45 other locations
3420,Fluentgrid,3.5,(328),IT Services & Consulting,Visakhapatnam +42 other locations
3421,Pps Motors,4.0,(327),Automobile,Hyderabad +56 other locations
3422,Irclass Systems And Solutions,4.2,(327),Ports & Shipping,Mumbai +45 other locations
3423,Louis Philippe,4.3,(327),Fashion & Textile,Bengaluru +77 other locations
3424,Kubota Agricultural Machinery India,4.3,(327),Agriculture,Chennai +47 other locations
3425,Rainbow Childrens Hospital,3.6,(327),Healthcare,Hyderabad +14 other locations
3426,Listenlights,3.8,(327),Engineering & Construction,Mumbai +11 other locations
3427,E-Solutions,3.5,(328),Recruitment,Noida +23 other locations
3428,VKC Group,3.8,(326),Fashion & Textile,Kozhikode +45 other locations
3429,MSM Unify,3.8,(327),EdTech,Ahmedabad +24 other locations
3430,Global Calcium,3.3,(326),Pharma,Hosur +7 other locations
3431,Arzooo.com,2.6,(326),Internet,Bengaluru +45 other locations
3432,Pharmed,4.7,(326),Pharma,Bengaluru +47 other locations
3433,KJS Cement,3.5,(326),Building Material,Maihar +43 other locations
3434,Shree Renuka Sugars,4.0,(327),Food Processing,Belagavi +43 other locations
3435,Technosoft Engineering Projects Limited,3.9,(326),Industrial Automation,Mumbai +6 other locations
3436,Darwinbox,3.6,(326),Software Product,Hyderabad +11 other locations
3437,Luxor Writing Instruments,3.5,(327),Other,Noida +41 other locations
3438,MobileComm Technologies India,3.8,(326),Telecom,Gurugram +33 other locations
3439,Veolia Water Technologies,4.2,(325),Waste Management,Bengaluru +53 other locations
3440,Robosoft Technologies,3.4,(325),IT Services & Consulting,Bengaluru +12 other locations
3441,IQ BackOffice,3.6,(325),Financial Services,Chennai +7 other locations
3442,Inventia Healthcare,4.0,(325),Pharma,Mumbai +11 other locations
3443,Jms Mining Services,4.0,(325),Metals & Mining,Kolkata +31 other locations
3444,Savex Technologies,4.1,(325),Other,Mumbai +52 other locations
3445,Siti Networks,3.9,(325),Media & Entertainment,Noida +53 other locations
3446,DCDC Kidney Care,4.1,(325),Healthcare,New Delhi +76 other locations
3447,TIBCO Software,3.7,(325),Software Product,Pune +7 other locations
3448,Hindustan Wellness,3.2,(324),Healthcare,Gurugram +25 other locations
3449,Genisys Group,3.5,(324),IT Services & Consulting,Bengaluru +13 other locations
3450,Telecom Network Solutions,3.9,(324),Telecom,Noida +53 other locations
3451,MIOT INTERNATIONAL,3.3,(325),Healthcare,Chennai +9 other locations
3452,TP Central Odisha Distribution,3.7,(324),Power,Bhubaneswar +27 other locations
3453,Mirza International,3.5,(323),Fashion & Textile,New Delhi +34 other locations
3454,Holisol Logistics,3.8,(323),Logistics,New Delhi +59 other locations
3455,Stellar Value Chain Solutions,3.7,(323),Logistics,Mumbai +41 other locations
3456,Swastika Investmart,3.7,(323),Investment Banking / Venture Capital / Private Equity,Indore +47 other locations
3457,Kuwait National Petroleum Company,4.3,(323),Oil & Gas,Kuwait City +19 other locations
3458,VSoft Technologies,3.2,(323),FinTech,Hyderabad +20 other locations
3459,AAJ Supply Chain Management,4.0,(323),Logistics,Sonipat +22 other locations
3460,AAJ Supply Chain Management,4.0,(323),Logistics,Sonipat +22 other locations
3461,Highway Industries,4.0,(323),Engineering & Construction,Ludhiana +18 other locations
3462,Sheraton Hotels and Resorts,3.8,(323),Hospitality,Bengaluru +23 other locations
3463,Peel-works,3.5,(322),Software Product,Bengaluru +24 other locations
3464,ITM Group of Institutions,3.3,(322),Education & Training,Mumbai +34 other locations
3465,Kusum Healthcare,4.0,(322),Pharma,Bhiwadi +8 other locations
3466,Aristocrat,3.6,(322),Gaming,Noida +10 other locations
3467,Olectra Greentech,3.4,(322),Automobile,Hyderabad +27 other locations
3468,GITAM University,3.6,(323),Education & Training,Visakhapatnam +11 other locations
3469,Novel Office,4.0,(323),Real Estate,Bengaluru +14 other locations
3470,Peregrine Guarding,3.9,(322),Law Enforcement & Security,Gurugram +50 other locations
3471,Arya Omnitalk,3.6,(322),Electronics Manufacturing,Pune +72 other locations
3472,Cactus Communications,3.4,(321),Software Product,Mumbai +13 other locations
3473,RHI Magnesita,3.8,(321),Building Material,Gurugram +42 other locations
3474,"Nitor Infotech, an Ascendion company",4.0,(321),Software Product,Pune +7 other locations
3475,BOLD Technology Systems,3.0,(321),Software Product,Noida +8 other locations
3476,Adani Gas,3.0,(321),Oil & Gas,Ahmedabad +53 other locations
3477,Lincoln Pharmaceuticals,3.4,(321),Pharma,Ahmedabad +28 other locations
3478,IFFCO Kisan Sanchar,3.7,(321),Agro Chemicals,New Delhi +71 other locations
3479,Kent plc,4.1,(321),Oil & Gas,Mumbai +28 other locations
3480,convergys india services,3.5,(320),Gurugram +11 other locations,N/A
3481,Laser Power & Infra,3.6,(320),Electrical Equipment,Kolkata +43 other locations
3482,JUNIPER GREEN ENERGY,4.6,(321),Power,Gurugram +37 other locations
3483,Ubisoft Entertainment,3.6,(320),Gaming,Pune +7 other locations
3484,Cohizon Life Sciences Limited,3.4,(320),Chemicals,Ankleshwar +13 other locations
3485,SAR Group,3.9,(320),Consumer Electronics & Appliances,Gurugram +39 other locations
3486,CG Foods,3.5,(320),Food Processing,Guwahati +53 other locations
3487,Alkyl Amines,4.0,(320),Chemicals,Pune +14 other locations
3488,Mit World Peace University,3.9,(320),Education & Training,Pune +5 other locations
3489,Jasper Colin,3.8,(320),Analytics & KPO,Noida +10 other locations
3490,Zee Laboratories,3.5,(321),Pharma,Karnal +34 other locations
3491,Radiant Cash Management Services,3.3,(320),Financial Services,Chennai +60 other locations
3492,ETA Engineering,3.2,(320),Engineering & Construction,New Delhi +24 other locations
3493,Ratnamani Metals and Tubes,4.2,(320),Iron & Steel,Ahmedabad +17 other locations
3494,UCO Bank,3.8,(320),Banking,Kolkata +101 other locations
3495,Manba Finance Limited,4.0,(319),NBFC,Mumbai +35 other locations
3496,ESIC HOSPITAL,4.0,(319),Healthcare,New Delhi +61 other locations
3497,Tenon Facility Management,3.5,(319),Facility Management Services,Gurugram +47 other locations
3498,Softcell Technologies,3.9,(319),IT Services & Consulting,Mumbai +16 other locations
3499,Apisero,4.3,(319),IT Services & Consulting,Bengaluru +11 other locations
3500,Tata Play Fiber,3.9,(319),Telecom,Mumbai +32 other locations
3501,Tenon Facility Management,3.5,(319),Facility Management Services,Gurugram +47 other locations
3502,ESIC HOSPITAL,4.0,(319),Healthcare,New Delhi +61 other locations
3503,CR3 Group,3.8,(319),Facility Management Services,Jamnagar +28 other locations
3504,Awfis,4.3,(319),Real Estate,New Delhi +17 other locations
3505,Jorie Healthcare,3.9,(318),Healthcare,Sahibzada Ajit Singh Nagar +7 other locations
3506,MDC Group of Companies,4.8,(318),Pharma,Mumbai +5 other locations
3507,VML,3.5,(318),Marketing & Advertising,Noida +14 other locations
3508,Avanse Financial Services,3.9,(318),Financial Services,Mumbai +26 other locations
3509,Tamilnad Mercantile Bank,2.5,(318),Banking,Chennai +78 other locations
3510,ClaySys,3.7,(318),IT Services & Consulting,Kochi +9 other locations
3511,MARK EXHAUST SYSTEMS,4.2,(319),Auto Components,Gurugram +11 other locations
3512,Moody's Analytics,4.0,(318),Analytics & KPO,Bengaluru +5 other locations
3513,Vashi Integrated Solutions Limited,3.8,(318),Industrial Machinery,Mumbai +27 other locations
3514,Jaiprakash Power Ventures,4.0,(318),Power,Singrauli +22 other locations
3515,ZIM Laboratories,3.0,(318),Pharma,Nagpur +10 other locations
3516,ILJIN ELECTRONICS,3.8,(318),Semiconductors,Noida +16 other locations
3517,Fidelis Technology Services,3.2,(318),IT Services & Consulting,Bengaluru +35 other locations
3518,SVC Co-Operative Bank,3.8,(317),Banking,Mumbai +41 other locations
3519,Renom Energy Services,4.2,(317),Engineering & Construction,Pune +48 other locations
3520,Laxmi Civil Engineering Services,4.1,(317),Engineering & Construction,Kolhapur +58 other locations
3521,Iconic,4.0,(317),Retail,Gurugram +26 other locations
3522,Moder Solutions,3.3,(317),IT Services & Consulting,Bengaluru +10 other locations
3523,ARDEM Incorporated,3.9,(317),BPO,Lucknow +6 other locations
3524,AI Variant,4.2,(317),IT Services & Consulting,Bengaluru +12 other locations
3525,Narula Infrastructure,3.5,(316),Engineering & Construction,Kolkata +60 other locations
3526,Ms Agarwal Foundries,4.2,(316),Iron & Steel,Hyderabad +14 other locations
3527,Omax Autos,3.7,(316),Auto Components,Gurugram +18 other locations
3528,Indus Valley Partners,2.8,(316),IT Services & Consulting,Noida +9 other locations
3529,Taal Tech India,4.0,(316),IT Services & Consulting,Bengaluru +9 other locations
3530,Sphinx Worldbiz,3.4,(316),Engineering & Construction,Pune +18 other locations
3531,Deepak Phenolics,4.4,(316),Chemicals,Bharuch +12 other locations
3532,Walsons Facility Solutions,3.9,(316),Recruitment,Gurugram +41 other locations
3533,ProConnect Integrated Logistics,3.7,(316),Logistics,Chennai +47 other locations
3534,DEC Infra,3.7,(316),Real Estate,Hyderabad +22 other locations
3535,Lernx,3.8,(316),Jaipur +18 other locations,N/A
3536,Bnp Paribas Securities,3.8,(316),Financial Services,Chennai +8 other locations
3537,Aksentt Tech Services,4.5,(316),IT Services & Consulting,Mumbai +20 other locations
3538,Danske IT,3.6,(315),IT Services & Consulting,Bengaluru +2 other locations
3539,Resurgent India,3.9,(315),Investment Banking / Venture Capital / Private Equity,Gurugram +11 other locations
3540,Resurgent India,3.9,(315),Investment Banking / Venture Capital / Private Equity,Gurugram +11 other locations
3541,Telesonic Networks,3.8,(315),Telecom,Chennai +46 other locations
3542,Zydus Hospital,4.3,(315),Healthcare,Ahmedabad +12 other locations
3543,Miles Education,3.2,(315),Education & Training,Bengaluru +12 other locations
3544,Zeta,3.2,(315),Emerging Technologies,Bengaluru +12 other locations
3545,Elico Healthcare Services,3.3,(315),Analytics & KPO,Hyderabad +4 other locations
3546,Ozone Pharmaceuticals,3.6,(315),Pharma,New Delhi +46 other locations
3547,Annexmed,3.2,(315),Chennai +6 other locations,N/A
3548,InsanelyGood,4.0,(314),Internet,Bengaluru +25 other locations
3549,Competent Software,3.2,(314),IT Services & Consulting,New Delhi +9 other locations
3550,Paragon Digital Services,3.2,(314),Marketing & Advertising,Chennai +7 other locations
3551,Indo Farm Equipment,3.1,(314),Industrial Machinery,Baddi +45 other locations
3552,Western Digital,3.4,(314),Consumer Electronics & Appliances,Bengaluru +10 other locations
3553,Angelique International,4.6,(314),Engineering & Construction,Noida +21 other locations
3554,Signutra (Health & Nutrition Division of Win - Medicare Pvt Ltd),4.3,(314),Pharma,New Delhi +57 other locations
3555,Xpheno,3.4,(314),Recruitment,Bengaluru +41 other locations
3556,Himedia Laboratories,4.1,(314),Biotechnology,Mumbai +20 other locations
3557,Silverskills,3.4,(314),BPO,Gurugram +11 other locations
3558,Jodas Expoim,3.3,(314),Pharma,Hyderabad +6 other locations
3559,ATMECS Global,3.2,(314),IT Services & Consulting,Hyderabad +7 other locations
3560,Markelytics Solutions,4.5,(313),Analytics & KPO,Bengaluru +5 other locations
3561,Fino Paytech,3.2,(313),FinTech,Mumbai +81 other locations
3562,HungerBox,3.7,(313),Internet,Bengaluru +15 other locations
3563,TCPL Packaging,4.0,(313),Packaging,Dadra & Nagar Haveli +50 other locations
3564,Smaaash Entertainment,4.1,(313),Sports & Recreation,Mumbai +28 other locations
3565,Alicon Castalloy,3.3,(313),Auto Components,Pune +12 other locations
3566,ZF India Technology Center,3.7,(313),Auto Components,Hyderabad +6 other locations
3567,Gammon Engineers And Contractors,4.0,(312),Engineering & Construction,Mumbai +40 other locations
3568,ITC ABD,3.7,(312),Agriculture,Guntur +78 other locations
3569,Infiniti Software Solutions,4.5,(312),Software Product,Chennai +6 other locations
3570,Dainik Jagran,3.4,(312),Printing & Publishing,New Delhi +56 other locations
3571,Sakon,2.9,(312),Software Product,Pune +2 other locations
3572,TAJSATS AIR CATERING,4.1,(312),Hospitality,Mumbai +18 other locations
3573,Embee Software,3.7,(312),Software Product,Kolkata +23 other locations
3574,Manipal Technologies,4.0,(313),Printing & Publishing,Bengaluru +32 other locations
3575,Ck Birla Hospitals,4.0,(312),Healthcare,Kolkata +7 other locations
3576,Opkey,4.6,(312),Software Product,Noida +8 other locations
3577,ABI Showatech,3.5,(312),Auto Components,Chennai +12 other locations
3578,Bharat IT Services,3.3,(312),IT Services & Consulting,New Delhi +50 other locations
3579,Frigorifico Allana,3.9,(312),Food Processing,Chhatrapati Sambhajinagar +33 other locations
3580,NACL Industries,4.0,(312),Agro Chemicals,Hyderabad +53 other locations
3581,Princess Cruises,3.9,(312),Travel & Tourism,Mumbai +20 other locations
3582,Airtel DTH Services,4.1,(311),Telecom,Gurugram +109 other locations
3583,SGT University,3.5,(311),Education & Training,Gurugram +8 other locations
3584,Sigmoid,3.8,(311),Analytics & KPO,Bengaluru +7 other locations
3585,Edureka,3.7,(311),EdTech,Bengaluru +20 other locations
3586,MSD Pharmaceuticals,3.7,(311),Pharma,Mumbai +50 other locations
3587,UNITILE,4.6,(311),Building Material,Mumbai +15 other locations
3588,Danone Foods Beverages,3.5,(311),Food Processing,Mumbai +59 other locations
3589,Essar Projects India,3.8,(310),Engineering & Construction,Surat +42 other locations
3590,Pulse Pharmaceuticals,3.3,(310),Pharma,Hyderabad +37 other locations
3591,Sabre,3.9,(310),Software Product,Bengaluru +10 other locations
3592,Ninestars Information Technologies Pvt. Ltd,3.2,(310),Software Product,Bengaluru +14 other locations
3593,Azure Power,3.9,(310),Power,New Delhi +25 other locations
3594,Cameo Corporate Services,3.3,(310),BPO,Chennai +16 other locations
3595,Cliantha Research,3.9,(310),Clinical Research,Ahmedabad +12 other locations
3596,Equinox Labs,3.9,(313),Clinical Research,Mumbai +17 other locations
3597,Military Engineer Services,4.6,(311),Engineering & Construction,New Delhi +77 other locations
3598,Jaguar Land Rover,3.9,(311),Automobile,Pune +31 other locations
3599,Karvy Financial Services,3.9,(310),Financial Services,Hyderabad +41 other locations
3600,Karvy Financial Services,3.9,(310),Financial Services,Hyderabad +41 other locations
3601,Jaguar Land Rover,3.9,(311),Automobile,Pune +31 other locations
3602,Military Engineer Services,4.6,(311),Engineering & Construction,New Delhi +77 other locations
3603,KEPCO Plant Service & Engineering,3.7,(310),Engineering & Construction,Bhavnagar +22 other locations
3604,Inlead Electronics,3.9,(309),Consumer Electronics & Appliances,Mumbai +45 other locations
3605,LetsTransport,3.6,(309),Logistics,Bengaluru +32 other locations
3606,Bombay Intelligence Security,4.1,(314),Law Enforcement & Security,Mumbai +56 other locations
3607,Hinduja Finance,3.9,(309),NBFC,Chennai +137 other locations
3608,Hindustan Times,3.2,(310),Media & Entertainment,New Delhi +38 other locations
3609,H&R Block,4.1,(309),Accounting & Auditing,Thiruvananthapuram +13 other locations
3610,Newt Global,4.3,(309),IT Services & Consulting,Chennai +9 other locations
3611,LatentView Analytics,3.4,(309),IT Services & Consulting,Chennai +11 other locations
3612,The Indian Hume Pipe Co.,3.8,(309),Building Material,Mumbai +53 other locations
3613,Hartek Group,4.1,(309),Engineering & Construction,Sahibzada Ajit Singh Nagar +32 other locations
3614,Renewsys India,3.9,(309),Power,Hyderabad +19 other locations
3615,Adani Energy Solutions,3.6,(310),Power,Ahmedabad +80 other locations
3616,Girmiti Software,4.2,(309),IT Services & Consulting,Bengaluru +4 other locations
3617,ISMT,3.8,(308),Iron & Steel,Pune +7 other locations
3618,Futwork,3.7,(308),Internet,Mumbai +20 other locations
3619,TIDC India,3.8,(308),Industrial Machinery,Chennai +30 other locations
3620,Molecular Connections,3.2,(309),IT Services & Consulting,Bengaluru +11 other locations
3621,ArcGate,2.8,(308),IT Services & Consulting,Udaipur +3 other locations
3622,Bristol-Myers Squibb,3.5,(308),Pharma,Hyderabad +16 other locations
3623,Automotive Robotics (India),3.4,(308),Industrial Automation,Chennai +7 other locations
3624,BYJU'S Exam Prep,3.7,(308),EdTech,Noida +26 other locations
3625,Meitra Hospital,4.5,(308),Healthcare,Kozhikode +5 other locations
3626,Quintessence Business Solutions & Services,3.8,(308),Analytics & KPO,Coimbatore +2 other locations
3627,Micro Plastics Private Limited,3.7,(308),Bengaluru +12 other locations,N/A
3628,Guiltfree Industries,3.5,(308),FMCG,Kolkata +64 other locations
3629,Tata Marcopolo Motors,3.8,(308),Auto Components,Dharwad +12 other locations
3630,Van Heusen,3.9,(308),Fashion & Textile,New Delhi +79 other locations
3631,Chubb,3.4,(308),Insurance,Hyderabad +7 other locations
3632,Amrutanjan Health Care,3.9,(308),Pharma,Chennai +53 other locations
3633,DynPro,3.7,(308),IT Services & Consulting,Bengaluru +16 other locations
3634,Themis Medicare,3.7,(308),Pharma,Mumbai +51 other locations
3635,CQRA,4.3,(308),Engineering & Construction,Hyderabad +29 other locations
3636,Myk Schomburg,3.9,(308),Chemicals,Hyderabad +49 other locations
3637,AGI Glaspac,3.8,(309),Packaging,Hyderabad +10 other locations
3638,Outpace Consulting Services,4.6,(308),Lucknow +17 other locations,N/A
3639,Cavisson Systems,2.3,(307),IT Services & Consulting,Noida +5 other locations
3640,Gawar Construction,4.1,(307),Engineering & Construction,New Delhi +39 other locations
3641,Madina Group,4.5,(307),Oil & Gas,Doha +20 other locations
3642,Ahresty India,3.8,(307),Auto Components,Rewari +11 other locations
3643,Internshala,3.7,(307),EdTech,Gurugram +26 other locations
3644,SBS,2.6,(307),IT Services & Consulting,Noida +8 other locations
3645,Yum!,4.1,(307),Hospitality,Gurugram +28 other locations
3646,Piramal Foundation,4.2,(307),Non-Profit,New Delhi +84 other locations
3647,Amcor Flexibles India,3.8,(307),Packaging,Bharuch +20 other locations
3648,KnowledgeHut,4.4,(307),EdTech,Bengaluru +19 other locations
3649,Koenig Solutions,3.4,(307),Education & Training,New Delhi +15 other locations
3650,Ruby Hall Clinic,4.0,(307),Healthcare,Pune +9 other locations
3651,FCI CCM,4.4,(307),Software Product,Noida +8 other locations
3652,Bharat Wire Ropes,3.7,(307),Iron & Steel,Mumbai +12 other locations
3653,Arabian Construction Company,3.1,(306),Engineering & Construction,Kolkata +28 other locations
3654,Checkmate Services,4.0,(306),Facility Management Services,Vadodara +68 other locations
3655,GSH Group,4.2,(306),Facility Management Services,Chennai +36 other locations
3656,AltezzaSys,3.8,(306),IT Services & Consulting,Noida +14 other locations
3657,Pitney Bowes,3.7,(306),IT Services & Consulting,Pune +15 other locations
3658,NatWest Markets,3.9,(307),Banking,Gurugram +10 other locations
3659,Netsmartz Infotech,3.8,(306),IT Services & Consulting,Chandigarh +8 other locations
3660,Dyninno India,4.0,(306),IT Services & Consulting,Gurugram +5 other locations
3661,Nissin Brake,4.3,(305),Auto Components,Neemrana +13 other locations
3662,Diya Systems,3.2,(305),BPO,Mangaluru +8 other locations
3663,Katerra,3.5,(305),Engineering & Construction,Bengaluru +18 other locations
3664,TATWA Technologies,3.3,(305),IT Services & Consulting,Bhubaneswar +14 other locations
3665,Airbnb,3.5,(305),Internet,Gurugram +12 other locations
3666,Sahayog Multistate Credit Co-operative Society,3.6,(307),Banking,Nagpur +79 other locations
3667,Mindteck,2.9,(305),IT Services & Consulting,Bengaluru +9 other locations
3668,Cognizant Solutions Corp,3.8,(305),IT Services & Consulting,Hyderabad +15 other locations
3669,Mirafra Technologies,3.7,(305),Semiconductors,Bengaluru +9 other locations
3670,SS Supply Chain Solutions,3.6,(305),IT Services & Consulting,Gurugram +35 other locations
3671,Doha Petroleum Construction Company,3.8,(305),Oil & Gas,Doha +14 other locations
3672,Kshema General Insurance,4.3,(305),Insurance,Hyderabad +23 other locations
3673,OneBanc Technologies,4.9,(311),FinTech,Gurugram +2 other locations
3674,Money View,4.1,(306),FinTech,Bengaluru +24 other locations
3675,Cyber Infrastructure,3.5,(305),IT Services & Consulting,Indore +12 other locations
3676,Aspiro Pharma,3.7,(305),Pharma,Hyderabad +5 other locations
3677,Rooman Technologies,3.7,(304),Education & Training,Bengaluru +42 other locations
3678,Anaptyss,4.0,(306),IT Services & Consulting,Noida +6 other locations
3679,Orix Auto Infrastructure Services,4.0,(304),Logistics,Mumbai +19 other locations
3680,HostBooks,3.0,(304),Software Product,Gurugram +8 other locations
3681,KHY ELECTRONIC,3.9,(304),Noida +12 other locations,N/A
3682,SSF PLASTICS,3.5,(304),Petrochemicals,Hosur +18 other locations
3683,AXIS MY INDIA,3.1,(305),Analytics & KPO,Mumbai +22 other locations
3684,Domino Printech India LLP,4.3,(304),Industrial Automation,Gurugram +31 other locations
3685,RNF Technologies,2.9,(304),IT Services & Consulting,Noida +5 other locations
3686,Gaja Engineering,4.2,(304),Engineering & Construction,Hyderabad +34 other locations
3687,Nimbus Harbor Facilities Management,4.0,(305),Facility Management Services,Gurugram +18 other locations
3688,Xylem Water Solutions,3.7,(304),Waste Management,Vadodara +19 other locations
3689,Unibic Foods,3.6,(304),Food Processing,Bengaluru +46 other locations
3690,DRA Homes,4.5,(304),Real Estate,Chennai +4 other locations
3691,Hindustan Latex Family Planning Promotion Trust,4.0,(306),Healthcare,Noida +73 other locations
3692,Munjal Kiriu Industries,3.8,(303),Auto Components,Gurugram +9 other locations
3693,Ordnance Factory,4.3,(303),Government,Hyderabad +37 other locations
3694,Vee Healthtek,3.8,(303),BPO,Chennai +12 other locations
3695,Vinati Organics,3.9,(303),Chemicals,Chiplun +12 other locations
3696,Smart Value Products And Services,4.2,(303),FMCG,Gurugram +74 other locations
3697,TJSB Sahakari Bank,3.6,(303),Banking,Mumbai +28 other locations
3698,Segula Technologies,3.4,(303),Engineering & Construction,Chennai +7 other locations
3699,Rucha Engineers,3.8,(303),Industrial Machinery,Chhatrapati Sambhajinagar +13 other locations
3700,Soma Enterprises,4.6,(302),Engineering & Construction,Hyderabad +49 other locations
3701,Rheinmetall Automotive,3.9,(302),Auto Components,Pune +12 other locations
3702,Murugappa Group,4.0,(302),Agro Chemicals,Chennai +84 other locations
3703,VVF,3.8,(302),Chemicals,Mumbai +18 other locations
3704,BMW,4.2,(302),Automobile,Chennai +36 other locations
3705,Hudson's Bay Company,3.9,(302),Retail,Bengaluru +8 other locations
3706,T R Chadha & Co Llp,3.3,(302),Accounting & Auditing,Mumbai +15 other locations
3707,SquadStack,3.4,(302),IT Services & Consulting,Noida +24 other locations
3708,MN Dastur & Company,4.0,(302),Metals & Mining,Kolkata +14 other locations
3709,NVH India Auto Parts,3.3,(302),Auto Components,Chennai +14 other locations
3710,IM Gears,3.6,(302),Auto Components,Chennai +6 other locations
3711,Zenex Animal Health,4.6,(304),Pharma,Ahmedabad +62 other locations
3712,Titan Laboratories,3.4,(302),Pharma,Mumbai +12 other locations
3713,Citrix,3.2,(301),Software Product,Bengaluru +6 other locations
3714,Hardcastle Restaurants,3.7,(301),Hospitality,Mumbai +33 other locations
3715,Metric Stream Infotech,3.2,(301),Internet,Bengaluru +5 other locations
3716,GlobalStep,2.3,(302),IT Services & Consulting,Pune +6 other locations
3717,Bird Worldwide Flight Services,3.4,(301),Aviation,New Delhi +13 other locations
3718,Spm Autocomp,3.6,(301),Auto Components,Pune +16 other locations
3719,Dahua Technology India Pvt.Ltd.,3.5,(301),IT Services & Consulting,New Delhi +50 other locations
3720,Aditya Birla Memorial Hospital,4.4,(301),Healthcare,Pune +11 other locations
3721,Asort Company,3.9,(301),Internet,Gurugram +59 other locations
3722,1K Networks,3.2,(301),Retail,Gurugram +21 other locations
3723,GlobalStep,2.3,(302),IT Services & Consulting,Pune +6 other locations
3724,Bird Worldwide Flight Services,3.4,(301),Aviation,New Delhi +13 other locations
3725,Spm Autocomp,3.6,(301),Auto Components,Pune +16 other locations
3726,Metric Stream Infotech,3.2,(301),Internet,Bengaluru +5 other locations
3727,Tata ClassEdge,3.6,(301),EdTech,Mumbai +48 other locations
3728,ICRA,3.3,(301),Financial Services,Mumbai +17 other locations
3729,Innoviti Technologies Private Limited,2.9,(301),FinTech,Bengaluru +50 other locations
3730,Dahua Technology India Pvt.Ltd.,3.5,(301),IT Services & Consulting,New Delhi +50 other locations
3731,THE GUARDIANS Real Estate Advisory,3.6,(301),Real Estate,Mumbai +10 other locations
3732,Tata Green Batteries,N/A,N/A,Auto Components,Pune +39 other locations
3733,Lanco Infratech,4.5,(300),Engineering & Construction,Gurugram +31 other locations
3734,Business Integrity Services,4.3,(300),BPO,Chennai +2 other locations
3735,Cure foods,3.4,(300),Fitness & Wellness,Bengaluru +23 other locations
3736,ScoreMe Solutions,3.3,(300),Software Product,Gurugram +5 other locations
3737,Roki Minda Co,4.5,(300),Auto Components,Chennai +19 other locations
3738,Shreya Life Sciences,4.0,(300),Pharma,Chhatrapati Sambhajinagar +64 other locations
3739,Turing,3.0,(300),Analytics & KPO,Bengaluru +6 other locations
3740,Integra Global Solutions,3.5,(300),Financial Services,Coimbatore +3 other locations
3741,Wirtgen India,4.1,(300),Industrial Machinery,Pune +28 other locations
3742,Global Opportunities,4.1,(300),EdTech,New Delhi +19 other locations
3743,Junglee Games,4.1,(300),Gaming,Gurugram +7 other locations
3744,FUJIFILM,4.0,(300),Animation & VFX,Gurugram +32 other locations
3745,ATLBattery Technology (India) Private Limited,3.7,(301),Electrical Equipment,Bawal +14 other locations
3746,Altera Digital Health,3.0,(300),Software Product,Pune +4 other locations
3747,GMR Energy,4.0,(299),Power,New Delhi +38 other locations
3748,Thomson Digital,3.9,(299),Printing & Publishing,Noida +8 other locations
3749,British Biologicals,2.9,(299),Fitness & Wellness,Bengaluru +55 other locations
3750,Arena Animation,3.5,(299),Education & Training,New Delhi +63 other locations
3751,Incture Technologies,2.7,(299),IT Services & Consulting,Bengaluru +11 other locations
3752,Ratnadeep Retail,4.1,(299),Retail,Hyderabad +14 other locations
3753,LCC Projects,4.3,(300),Engineering & Construction,Ahmedabad +46 other locations
3754,Suburban Diagnostics,3.9,(299),Healthcare,Mumbai +14 other locations
3755,NAFFCO,3.2,(299),Law Enforcement & Security,Chennai +23 other locations
3756,Namdev Finvest,3.8,(299),Financial Services,Jaipur +67 other locations
3757,Can-Pack,4.3,(299),Packaging,Chhatrapati Sambhajinagar +11 other locations
3758,Alf Engineering,4.0,(299),Auto Components,Nashik +14 other locations
3759,Blenheim Chalcot,2.7,(299),IT Services & Consulting,Mumbai +9 other locations
3760,Suburban Diagnostics,3.9,(299),Healthcare,Mumbai +14 other locations
3761,Bhandari Automobiles,3.6,(299),Automobile,Kolkata +29 other locations
3762,Nuclear Power Corporation of India,4.2,(299),Power,Mumbai +33 other locations
3763,LCC Projects,4.3,(300),Engineering & Construction,Ahmedabad +46 other locations
3764,ARCADIS,4.1,(299),IT Services & Consulting,Bengaluru +27 other locations
3765,Namdev Finvest,3.8,(299),Financial Services,Jaipur +67 other locations
3766,Goldmedal Electricals,3.7,(299),Electrical Equipment,Mumbai +75 other locations
3767,Merino Laminates,3.9,(298),Consumer Electronics & Appliances,New Delhi +54 other locations
3768,Saregama India,4.0,(298),Media & Entertainment,Mumbai +40 other locations
3769,Garware Technical Fibres,3.7,(298),Fashion & Textile,Pune +27 other locations
3770,Allanasons,4.0,(298),Food Processing,Mumbai +32 other locations
3771,Efftronics Systems,3.1,(298),Electronics Manufacturing,Vijayawada +34 other locations
3772,LANXESS India Private Limited,4.2,(298),Chemicals,Mumbai +18 other locations
3773,Busibud,3.6,(298),Emerging Technologies,Chandigarh +21 other locations
3774,Hamleys,3.9,(298),Retail,Mumbai +45 other locations
3775,Creative Hands HR Consultancy,4.2,(298),Recruitment,Chennai +40 other locations
3776,V2Solutions,2.9,(298),IT Services & Consulting,Mumbai +10 other locations
3777,Ang India,3.6,(298),Consumer Electronics & Appliances,Noida +42 other locations
3778,Woodland,3.3,(298),Fashion & Textile,New Delhi +66 other locations
3779,Slr Metaliks,4.1,(298),Iron & Steel,Hosapete +10 other locations
3780,AIS Glass Solutions,3.6,(298),Building Material,Chennai +31 other locations
3781,Stelmec,3.2,(298),Electronics Manufacturing,Mumbai +31 other locations
3782,Crescent Foundry,3.8,(298),Industrial Machinery,Kolkata +14 other locations
3783,Fexprime Finance,4.5,(298),Financial Services,New Delhi +47 other locations
3784,Altruist Customer Management India,4.0,(297),BPO,Chennai +14 other locations
3785,McAfee,3.7,(297),Software Product,Bengaluru +10 other locations
3786,The Sleep Company,4.2,(297),Furniture & Furnishing,Mumbai +27 other locations
3787,IndianOil Adani Ventures,3.9,(298),Oil & Gas,Paradip +28 other locations
3788,SHV Energy,3.8,(297),Power,Hyderabad +30 other locations
3789,Highbar Technocrat,4.0,(297),IT Services & Consulting,Mumbai +16 other locations
3790,Prepca Eduserv,4.0,(296),EdTech,Pune +2 other locations
3791,Solartis Technology Services,3.5,(296),IT Services & Consulting,Madurai +3 other locations
3792,IT By Design,3.1,(297),IT Services & Consulting,Noida +12 other locations
3793,Peter England,4.1,(296),Fashion & Textile,Bengaluru +120 other locations
3794,Danfoss Power Solutions,3.9,(296),Power,Pune +8 other locations
3795,JMR Infotech,4.1,(296),IT Services & Consulting,Bengaluru +11 other locations
3796,Tradebulls,3.1,(296),Financial Services,Ahmedabad +18 other locations
3797,Bajaj Energy,4.3,(296),Power,Lalitpur +16 other locations
3798,Knowledge Splice Services pvt ltd.,2.9,(296),BPO,Bengaluru +15 other locations
3799,Gemini Solutions,3.3,(296),IT Services & Consulting,Gurugram +11 other locations
3800,Gemini Solutions,3.3,(296),IT Services & Consulting,Gurugram +11 other locations
3801,Onida,3.5,(296),Consumer Electronics & Appliances,Mumbai +67 other locations
3802,Fleetx.io,3.4,(296),Logistics,Gurugram +30 other locations
3803,BCT Consulting Private Limited,3.9,(296),IT Services & Consulting,Chennai +10 other locations
3804,INDIABULLS PHARMACEUTICALS,2.7,(295),Pharma,Mumbai +56 other locations
3805,Karuna Management Services,3.7,(295),Retail,Kolkata +28 other locations
3806,HyScaler,4.3,(295),IT Services & Consulting,Bhubaneswar +3 other locations
3807,ABP Group,3.3,(295),Printing & Publishing,Kolkata +20 other locations
3808,Wartsila,4.1,(295),Ports & Shipping,Mumbai +46 other locations
3809,POSCO MAHARASHTRA STEEL,4.2,(295),Iron & Steel,Pune +11 other locations
3810,Sam India Built Well,3.4,(295),Engineering & Construction,New Delhi +21 other locations
3811,QDegrees,3.3,(295),Management Consulting,Jaipur +32 other locations
3812,CPM India Sales & Marketing,4.0,(295),Marketing & Advertising,New Delhi +51 other locations
3813,Impelsys,3.0,(295),IT Services & Consulting,Bengaluru +9 other locations
3814,HyFun Foods,4.2,(296),Food Processing,Ahmedabad +20 other locations
3815,Softtek,3.8,(295),IT Services & Consulting,Bengaluru +9 other locations
3816,MSPL,4.1,(295),Metals & Mining,Hosapete +31 other locations
3817,Wika Instruments India,3.9,(295),Industrial Machinery,Pune +15 other locations
3818,Meinhardt Group,3.5,(295),Engineering & Construction,Bengaluru +34 other locations
3819,Perkins,4.3,(295),Engineering & Construction,Chhatrapati Sambhajinagar +8 other locations
3820,Propel Industries,3.6,(295),Industrial Machinery,Coimbatore +26 other locations
3821,Doubtnut,3.4,(294),EdTech,Gurugram +16 other locations
3822,First Flight Couriers,4.5,(294),Logistics,Mumbai +71 other locations
3823,Kelly Services,4.2,(294),Recruitment,Bengaluru +36 other locations
3824,Tata Memorial Centre,4.0,(295),Healthcare,Mumbai +26 other locations
3825,Autodesk,3.8,(294),Software Product,Bengaluru +22 other locations
3826,Publicis Resources,3.4,(296),Marketing & Advertising,Gurugram +10 other locations
3827,Presto Infosolutions,2.8,(294),Hardware & Networking,New Delhi +42 other locations
3828,Hughes Systique Corporation,3.7,(294),Emerging Technologies,Gurugram +6 other locations
3829,Diamondpick,3.9,(294),Recruitment,Chennai +6 other locations
3830,Automotive Axles,3.8,(294),Auto Components,Mysuru +14 other locations
3831,Wallace Pharmaceuticals,3.7,(294),Pharma,Mumbai +48 other locations
3832,Gracure Pharmaceuticals,3.3,(295),Pharma,Bhiwadi +17 other locations
3833,Bony Polymers,3.5,(294),Auto Components,Faridabad +14 other locations
3834,Verse Innovation,3.4,(294),Internet,Bengaluru +16 other locations
3835,Spectranet,3.7,(294),Telecom,Gurugram +11 other locations
3836,Bhash Software Labs,4.5,(293),Software Product,Bengaluru +4 other locations
3837,Aurangabad Electricals,3.8,(293),Auto Components,Chhatrapati Sambhajinagar +9 other locations
3838,Delhi Duty Free Services,3.7,(293),Retail,New Delhi +9 other locations
3839,DigiTech Call System,2.7,(293),BPO,Noida +18 other locations
3840,Thirumalai Chemicals,3.8,(293),Chemicals,Ranipet +12 other locations
3841,Dosti Realty,4.1,(293),Real Estate,Mumbai +5 other locations
3842,Samarth LifeSciences,3.7,(293),Pharma,Mumbai +47 other locations
3843,Ketto,4.4,(293),Internet,Mumbai +6 other locations
3844,The Fern Residency,4.0,(293),Hospitality,Mumbai +62 other locations
3845,DataTrained,3.4,(293),EdTech,Noida +3 other locations
3846,Avanze Technologies,3.6,(293),IT Services & Consulting,Bengaluru +4 other locations
3847,Toyota Tsusho,3.8,(293),Metals & Mining,Bengaluru +25 other locations
3848,Bacancy Technology,4.1,(293),IT Services & Consulting,Ahmedabad +4 other locations
3849,Eye-Q Super Speciality Eye Hospitals,3.4,(293),Healthcare,Gurugram +36 other locations
3850,Emmvee Photovoltaic Power,3.4,(294),Power,Bengaluru +15 other locations
3851,Online Legal India,4.5,(292),Other,Kolkata +7 other locations
3852,Personiv,3.8,(292),BPO,Coimbatore +8 other locations
3853,ERA Group,4.1,(292),Power,New Delhi +40 other locations
3854,Nexval Infotech,2.7,(292),IT Services & Consulting,Kolkata +8 other locations
3855,Keihin Fie,4.3,(292),Auto Components,Bengaluru +13 other locations
3856,Amnex Infotechnologies,3.9,(292),IT Services & Consulting,Ahmedabad +23 other locations
3857,Trackon Courier,3.7,(292),Logistics,New Delhi +68 other locations
3858,Ador Welding,3.9,(292),Industrial Machinery,Pune +29 other locations
3859,Trelleborg,3.8,(292),Industrial Machinery,Bengaluru +8 other locations
3860,Nilons Enterprises,3.9,(292),Food Processing,Jalgaon +43 other locations
3861,Iscon Balaji Foods,3.9,(292),Food Processing,Ahmedabad +34 other locations
3862,Nature's Basket,3.9,(292),Internet,Mumbai +12 other locations
3863,FOX Solutions,3.8,(292),Industrial Machinery,Nashik +20 other locations
3864,Atul Auto,3.8,(292),Automobile,Ahmedabad +35 other locations
3865,Tablets (India),3.8,(292),Pharma,Chennai +49 other locations
3866,Lee Pharma,3.4,(292),Pharma,Hyderabad +9 other locations
3867,Bharat Dynamics,4.5,(292),Defence & Aerospace,Hyderabad +7 other locations
3868,Bandhan KOnnagar,3.3,(292),Non-Profit,Kolkata +67 other locations
3869,Nippon Audiotronix,3.4,(292),Automobile,Gurugram +17 other locations
3870,Apollo Diagnostics,4.1,(292),Healthcare,Kolkata +61 other locations
3871,Pepe Jeans,4.0,(291),Fashion & Textile,Mumbai +59 other locations
3872,Baoiam Innovations,4.6,(291),EdTech,New Delhi +11 other locations
3873,Servotech Renewable Power System Ltd.,3.8,(291),Power,New Delhi +20 other locations
3874,Indira Gandhi International Airport,3.9,(291),Urban Transport,New Delhi +10 other locations
3875,Konica Minolta Business Solutions India Pvt. Ltd.,4.1,(291),Printing & Publishing,Gurugram +31 other locations
3876,Siegwerk,3.9,(291),Chemicals,Bhiwadi +28 other locations
3877,Innover Digital,4.3,(291),IT Services & Consulting,Kolkata +7 other locations
3878,Locuz Enterprise Solutions,3.6,(291),IT Services & Consulting,Hyderabad +20 other locations
3879,Black Box Limited,2.9,(291),IT Services & Consulting,Bengaluru +17 other locations
3880,Sakata Inx,3.9,(292),Chemicals,Bhiwadi +20 other locations
3881,Orient Paper Mill,4.4,(292),Pulp & Paper,Shahdol +18 other locations
3882,TourTravelWorld.Com,4.9,(290),Internet,New Delhi
3883,Hema Engineering Industries,4.0,(291),Auto Components,Gurugram +23 other locations
3884,Calsonic Kansei Motherson Auto Products,4.1,(290),Auto Components,Bawal +12 other locations
3885,HM Group,4.5,(290),Real Estate,Bengaluru +3 other locations
3886,Balajee Group,3.6,(290),Engineering & Construction,Mumbai +43 other locations
3887,Amrita Institute of Medical Sciences and Research,3.8,(290),Healthcare,Kochi +16 other locations
3888,Consolidated Construction Consortium,4.2,(290),Engineering & Construction,Chennai +30 other locations
3889,ANI INTEGRATED SERVICES,3.5,(290),Engineering & Construction,Mumbai +65 other locations
3890,OneAssist Consumer Solutions,3.9,(291),Financial Services,Mumbai +34 other locations
3891,Massmutual Global Business Services,3.9,(290),IT Services & Consulting,Hyderabad +2 other locations
3892,Amartex Industries,3.1,(289),Fashion & Textile,Panchkula +18 other locations
3893,Infrastructure Leasing & Financial Services,4.4,(289),Engineering & Construction,Mumbai +67 other locations
3894,MTAR Technologies,3.9,(289),Industrial Machinery,Hyderabad +4 other locations
3895,TowerVision India,4.2,(289),Telecom,Gurugram +32 other locations
3896,Think Future Technologies,4.5,(289),IT Services & Consulting,Gurugram +4 other locations
3897,Easy Home Finance,4.4,(289),FinTech,Mumbai +57 other locations
3898,Popular Vehicles and Services,3.8,(289),Automobile,Chennai +26 other locations
3899,Dee Vee Projects,3.8,(289),Engineering & Construction,Raipur +42 other locations
3900,Banswara Syntex,3.8,(289),Fashion & Textile,Banswara +14 other locations
3901,Property Solutions,3.8,(289),Facility Management Services,Mumbai +37 other locations
3902,Dotsquares,2.7,(289),IT Services & Consulting,Jaipur +8 other locations
3903,Utthunga Technologies,2.7,(289),Industrial Automation,Bengaluru +6 other locations
3904,OnProcess Technology,3.8,(289),Software Product,Kolkata +3 other locations
3905,Trigyn Technologies,3.7,(289),IT Services & Consulting,Mumbai +15 other locations
3906,Mas Callnet,2.7,(289),BPO,Noida +15 other locations
3907,Southern Petrochemical Industries Corporation,3.6,(289),Agro Chemicals,Thoothukudi +19 other locations
3908,Pitambari Products,4.2,(289),FMCG,Mumbai +53 other locations
3909,Borgwarner Emission System,3.8,(289),Auto Components,Bengaluru +13 other locations
3910,Imperative Business Ventures,3.7,(289),IT Services & Consulting,Pune +8 other locations
3911,Gionee,4.4,(288),Consumer Electronics & Appliances,New Delhi +94 other locations
3912,AirAsia,3.5,(288),Aviation,Bengaluru +24 other locations
3913,Home Centre,3.9,(288),Furniture & Furnishing,Bengaluru +36 other locations
3914,Anand Rathi Share and Stock Brokers Ltd,3.4,(288),Financial Services,Mumbai +47 other locations
3915,SAVIC Technologies,2.4,(288),IT Services & Consulting,Mumbai +18 other locations
3916,ICICI Direct,3.9,(288),Financial Services,Mumbai +66 other locations
3917,Shriram Chits,3.7,(288),Financial Services,Chennai +89 other locations
3918,Ciron Drugs & Pharmaceuticals,3.2,(288),Healthcare,Mumbai +12 other locations
3919,Munjal Auto Industries,3.6,(288),Auto Components,Vadodara +14 other locations
3920,Ummeed Housing Finance,4.0,(288),Financial Services,Gurugram +72 other locations
3921,MosChip Technologies,3.9,(288),Semiconductors,Hyderabad +5 other locations
3922,OSB India,3.6,(287),Financial Services,Bengaluru +4 other locations
3923,National Institute for Smart Government,3.5,(287),Management Consulting,New Delhi +37 other locations
3924,Msi Services,4.0,(287),IT Services & Consulting,Bengaluru +7 other locations
3925,ONPASSIVE,2.5,(287),IT Services & Consulting,Hyderabad +7 other locations
3926,Levelshift,3.2,(287),IT Services & Consulting,Chennai +4 other locations
3927,Arrow Electronics,4.2,(287),Electronics Manufacturing,Bengaluru +8 other locations
3928,Gap,3.6,(287),Retail,Hyderabad +25 other locations
3929,Clifford Chance,3.7,(287),Legal,Gurugram +7 other locations
3930,J.M Baxi & Co,3.8,(287),Ports & Shipping,Mumbai +25 other locations
3931,Pfizer Healthcare india pvt lit,3.9,(287),Pharma,Visakhapatnam +16 other locations
3932,Ribbon Communication,3.8,(287),Hardware & Networking,Bengaluru +18 other locations
3933,Chakr Innovation,3.6,(287),Industrial Machinery,Gurugram +7 other locations
3934,kipi.ai,3.8,(287),IT Services & Consulting,Bengaluru +10 other locations
3935,Virtusa Software Services,3.6,(287),IT Services & Consulting,Hyderabad +10 other locations
3936,Nestaway,3.2,(287),Internet,Bengaluru +14 other locations
3937,Origo Commodities,3.5,(286),Agriculture,Gurugram +57 other locations
3938,Shyam Indus Power Solutions,3.7,(286),Power,New Delhi +36 other locations
3939,360 Degree Cloud Technologies,3.8,(286),IT Services & Consulting,Noida +12 other locations
3940,Tommy Hilfiger,3.8,(286),Fashion & Textile,Bengaluru +45 other locations
3941,Total Environment Building Systems,4.0,(286),Real Estate,Bengaluru +6 other locations
3942,INDIAN PUBLIC SCHOOL,3.9,(286),Education & Training,Chennai +44 other locations
3943,Embitel Technologies,4.0,(287),IT Services & Consulting,Bengaluru +4 other locations
3944,Techolution,3.6,(286),IT Services & Consulting,Hyderabad +4 other locations
3945,SMR Automotive Systems India,3.7,(286),Auto Components,Chennai +19 other locations
3946,Rupa,3.7,(286),Fashion & Textile,Kolkata +40 other locations
3947,Essae Teraoka,3.6,(286),Electronics Manufacturing,Bengaluru +54 other locations
3948,Pawzz,4.5,(287),Gurugram +11 other locations,N/A
3949,Suntory Global Spirits India,4.0,(286),Beverage,Gurugram +65 other locations
3950,Vserv Infosystems,3.5,(285),IT Services & Consulting,New Delhi +50 other locations
3951,STYLAM Industries,3.4,(285),Engineering & Construction,Chandigarh +34 other locations
3952,Elcamino Software,3.2,(285),BPO,Bengaluru +7 other locations
3953,Quantzig,4.5,(285),Analytics & KPO,Bengaluru +4 other locations
3954,Vanderlande Industries,3.9,(285),Industrial Automation,Pune +11 other locations
3955,Emerald Jewel Industry India,3.6,(285),Jewellery,Coimbatore +14 other locations
3956,Meghalaya Cements,4.1,(285),Building Material,Guwahati +14 other locations
3957,Toyota Material Handling,3.6,(285),Industrial Machinery,Gurugram +34 other locations
3958,Worldline Global Services,3.8,(285),IT Services & Consulting,Pune +15 other locations
3959,LM Wind Power,4.0,(284),Power,Bengaluru +10 other locations
3960,Joyson Safety Systems,4.0,(284),Auto Components,Chennai +12 other locations
3961,Jetking Infotrain,3.7,(284),Education & Training,Mumbai +53 other locations
3962,Vision Rx Lab,3.9,(285),Medical Equipment,Gurugram +33 other locations
3963,K R Mangalam University,4.4,(284),Education & Training,Gurugram +5 other locations
3964,Kd Logistics,3.7,(284),Logistics,Mumbai +38 other locations
3965,Infineon Technologies,3.6,(284),Electronics Manufacturing,Bengaluru +8 other locations
3966,Advance India Projects,4.2,(285),Real Estate,Gurugram +10 other locations
3967,Rochem Separation Systems,3.6,(284),Industrial Machinery,Mumbai +28 other locations
3968,Ambey Mining,3.4,(284),Metals & Mining,Durgapur +26 other locations
3969,Rimjhim Ispat,3.4,(284),Iron & Steel,Angul +22 other locations
3970,Kaleesuwari Refinery,3.9,(284),Food Processing,Chennai +44 other locations
3971,Fujitec,3.8,(284),Industrial Machinery,Chennai +27 other locations
3972,Gautam Solar,3.9,(285),Power,New Delhi +18 other locations
3973,Veer-O-- Metals,4.2,(283),Industrial Machinery,Bengaluru +8 other locations
3974,InnovationM,3.8,(283),IT Services & Consulting,Noida +7 other locations
3975,Ajio Business,3.7,(283),Fashion & Textile,Bengaluru +110 other locations
3976,Cremica Food Industries,3.8,(283),Food Processing,New Delhi +51 other locations
3977,Velnik India,3.1,(283),Beauty & Personal Care,Indore +54 other locations
3978,Manappuram Home Finance,3.9,(283),Financial Services,Mumbai +94 other locations
3979,Kangaro Industries,3.5,(283),Retail,Ludhiana +23 other locations
3980,IDP IELTS,3.3,(284),Education & Training,Chennai +43 other locations
3981,AvenData GmbH,4.0,(283),IT Services & Consulting,Mumbai +3 other locations
3982,Liugong India,3.3,(283),Engineering & Construction,Indore +23 other locations
3983,PurpleTalk,3.7,(283),IT Services & Consulting,Hyderabad +6 other locations
3984,Eastern Software Solutions Pvt. Ltd,3.9,(283),IT Services & Consulting,Noida +8 other locations
3985,Fourrts,4.2,(284),Pharma,Chennai +46 other locations
3986,Malladi Drugs & Pharmaceuticals,3.6,(283),Pharma,Chennai +13 other locations
3987,Gupshup,2.8,(283),IT Services & Consulting,Mumbai +12 other locations
3988,Mantra Technologies,3.7,(283),IT Services & Consulting,Hyderabad +10 other locations
3989,MetroTelworks,3.6,(282),Telecom,Ahmedabad +32 other locations
3990,Sanmarg Projects,3.9,(282),Oil & Gas,Noida +57 other locations
3991,Jbm Auto Components,3.8,(282),Auto Components,Chennai +37 other locations
3992,Omkar Realtors & Developers,3.7,(282),Real Estate,Mumbai +13 other locations
3993,CloudFoundation,4.8,(282),Hyderabad +10 other locations,N/A
3994,Adani Solar,3.6,(282),Power,Mundra +19 other locations
3995,Drydocks World Dubai,3.8,(282),Ports & Shipping,Dubai +17 other locations
3996,Interface Microsystems,3.7,(283),Auto Components,Gurugram +12 other locations
3997,Lumax Auto Technologies Ltd,4.2,(282),Auto Components,Pune +19 other locations
3998,Ahana Systems & Solutions,3.8,(282),IT Services & Consulting,Bengaluru +19 other locations
3999,Superhouse,3.2,(282),Leather,Kanpur +10 other locations
4000,Drydocks World Dubai,3.8,(282),Ports & Shipping,Dubai +17 other locations
4001,Spectraforce Technologies,3.0,(282),Recruitment,Hyderabad +12 other locations
4002,Jbm Auto Components,3.8,(282),Auto Components,Chennai +37 other locations
4003,Indian Institute of Science,4.1,(281),Education & Training,Bengaluru +10 other locations
4004,Sonata Finance,3.9,(281),Financial Services,Lucknow +76 other locations
4005,Four Points By Sheraton,4.1,(281),Hospitality,Pune +33 other locations
4006,Bonn Group,3.8,(281),Food Processing,Ludhiana +28 other locations
4007,Bihar Rural Livelihoods Promotion Society,3.7,(281),Non-Profit,Patna +57 other locations
4008,Jayashree Polymers,3.8,(281),Auto Components,Pune +9 other locations
4009,Phoenix Contact,4.0,(281),Electronics Manufacturing,Faridabad +17 other locations
4010,Mindfire Solutions,3.9,(281),IT Services & Consulting,Bhubaneswar +6 other locations
4011,HDFC Credila Financial Services,3.6,(281),Financial Services,Mumbai +32 other locations
4012,Bhavani Industries,3.7,(282),Industrial Machinery,Bengaluru +17 other locations
4013,Confederation of Indian Industry,3.3,(281),Law Enforcement & Security,New Delhi +42 other locations
4014,EGIS,4.0,(281),Power,Bengaluru +59 other locations
4015,Calpion Software Technologies,3.5,(281),IT Services & Consulting,Bengaluru +7 other locations
4016,Star Wire India,4.0,(281),Industrial Machinery,Faridabad +7 other locations
4017,Sanghvi Movers,4.5,(281),Industrial Machinery,Pune +33 other locations
4018,Vitesco Technologies,4.4,(281),Auto Components,Bengaluru +5 other locations
4019,The Louis Berger Group,4.4,(280),Engineering & Construction,Mumbai +36 other locations
4020,Sun TV Network,3.6,(280),Media & Entertainment,Chennai +16 other locations
4021,RM Education Solutions,3.2,(280),IT Services & Consulting,Thiruvananthapuram +13 other locations
4022,Unicorn Infosolutions,3.3,(281),Retail,Mumbai +25 other locations
4023,Trivium Education Services,3.7,(280),EdTech,New Delhi +17 other locations
4024,ISS SDB Security Services,4.1,(280),Facility Management Services,Chennai +48 other locations
4025,Eastman Chemical Company,4.0,(281),Chemicals,Hyderabad +5 other locations
4026,Ocrolus East,3.3,(280),FinTech,Gurugram +10 other locations
4027,Befree Business Resourceing,3.1,(280),Accounting & Auditing,Bengaluru +15 other locations
4028,Della Adventure Resort,4.0,(280),Hospitality,Pune +17 other locations
4029,Petrocon Engineers & Consultants,3.7,(280),Engineering & Construction,Hyderabad +10 other locations
4030,American Express Global Business Travel,4.2,(280),Travel & Tourism,Gurugram +13 other locations
4031,Escalon Business Services,3.8,(280),Accounting & Auditing,Sahibzada Ajit Singh Nagar +8 other locations
4032,Girlscript Foundation,4.9,(280),Bengaluru +21 other locations,N/A
4033,Nalco water,3.7,(280),Waste Management,Pune +47 other locations
4034,Anupam Rasayan India,3.7,(280),Chemicals,Surat +10 other locations
4035,Olyv,4.3,(280),FinTech,Bengaluru +3 other locations
4036,Urbanrise,3.8,(280),Real Estate,Hyderabad +5 other locations
4037,Hitachi Astemo Rajasthan Brake Systems,4.3,(279),Auto Components,Neemrana +22 other locations
4038,Tata nexarc,3.1,(279),Software Product,Mumbai +16 other locations
4039,MMC Infotech Services,3.5,(279),IT Services & Consulting,Chennai +5 other locations
4040,Chain-Sys,3.0,(279),IT Services & Consulting,Chennai +9 other locations
4041,Nippon Express,3.8,(279),Logistics,Bengaluru +37 other locations
4042,Dover India,3.9,(279),Industrial Machinery,Bengaluru +7 other locations
4043,Radium Creation,3.9,(279),Jewellery,Mumbai +9 other locations
4044,Walchandnagar Industries,3.2,(279),Industrial Machinery,Pune +11 other locations
4045,SHL,3.3,(279),Software Product,Gurugram +15 other locations
4046,Kirloskar Electric Company,3.7,(280),Electrical Equipment,Bengaluru +22 other locations
4047,HYUNDAI TRANSYS INDIA,3.7,(279),Auto Components,Anantapur +15 other locations
4048,PaySquare Consultancy,3.7,(279),Recruitment,Pune +8 other locations
4049,Polyplex,4.1,(279),Packaging,Noida +14 other locations
4050,Shaily Engineering Plastics Ltd,4.1,(279),Industrial Machinery,Vadodara +10 other locations
4051,Asia-Pacific Institute of Management,3.6,(279),Education & Training,New Delhi +21 other locations
4052,Apparel Group India Private Limited,3.6,(279),Retail,Bengaluru +30 other locations
4053,Royal Research,2.0,(279),Analytics & KPO,Kolkata +5 other locations
4054,Smart Chip,3.9,(278),Electronics Manufacturing,Noida +70 other locations
4055,Shriram Properties,4.1,(278),Real Estate,Bengaluru +10 other locations
4056,Venkateshwar Hospital,3.5,(278),Healthcare,New Delhi +10 other locations
4057,Indo Amines,3.0,(279),Chemicals,Mumbai +15 other locations
4058,I P Integrated Services,3.8,(280),Telecom,Gurugram +54 other locations
4059,Sir Ganga Ram Hospital,4.0,(278),Healthcare,New Delhi +13 other locations
4060,Sir Ganga Ram Hospital,4.0,(278),Healthcare,New Delhi +13 other locations
4061,Powerica,3.7,(278),Industrial Machinery,Mumbai +31 other locations
4062,Weblink In,4.0,(278),IT Services & Consulting,New Delhi +10 other locations
4063,Kalinga Commercial Corporation,3.7,(278),Metals & Mining,Bhubaneswar +23 other locations
4064,Sv Creditline,3.7,(277),NBFC,Gurugram +90 other locations
4065,Tatva Chintan Pharma Chem,3.6,(277),Pharma,Bharuch +8 other locations
4066,East African (I) Overseas Dehradun,4.0,(277),Pharma,Dehradun +9 other locations
4067,Star Hospitals,4.0,(277),Healthcare,Hyderabad +16 other locations
4068,Reliable Autotech,4.1,(277),Auto Components,Pune +5 other locations
4069,Bajaj Hindusthan,4.1,(277),Food Processing,Lucknow +20 other locations
4070,Classplus,3.7,(277),Software Product,Noida +19 other locations
4071,Muthoot Pappachan Group,4.0,(277),Financial Services,Thiruvananthapuram +80 other locations
4072,SKETS Studio,4.0,(278),Architecture & Interior Design,New Delhi +10 other locations
4073,Suresh Surana & Associates,3.2,(277),Accounting & Auditing,Mumbai +17 other locations
4074,Roche Diagnostics,3.8,(277),Pharma,Mumbai +32 other locations
4075,Boston Scientific,3.9,(277),Healthcare,Gurugram +17 other locations
4076,Videocon Industries Ltd.,3.9,(276),Consumer Electronics & Appliances,Chhatrapati Sambhajinagar +62 other locations
4077,HiyaMee Private Limited,2.9,(276),Recruitment,Bengaluru +10 other locations
4078,Kosamattam Finance,3.7,(276),NBFC,Kottayam +82 other locations
4079,Adani Realty,3.7,(276),Real Estate,Mumbai +10 other locations
4080,Kosamattam Finance,3.7,(276),NBFC,Kottayam +82 other locations
4081,Adani Realty,3.7,(276),Real Estate,Mumbai +10 other locations
4082,ARCIS e Services,3.6,(276),BPO,Gurugram +12 other locations
4083,SMS Limited,4.1,(276),Engineering & Construction,Nagpur +43 other locations
4084,Naaptol Online Shopping,3.3,(276),Internet,Mumbai +21 other locations
4085,Cholamandalam Securities,3.5,(276),Financial Services,Chennai +101 other locations
4086,Keka Technologies,3.1,(276),Software Product,Hyderabad +6 other locations
4087,Hero Vired,4.5,(275),Education & Training,New Delhi +7 other locations
4088,Forbes & Company,3.7,(275),Engineering & Construction,Chhatrapati Sambhajinagar +18 other locations
4089,Annora Pharma,3.7,(275),Pharma,Hyderabad +5 other locations
4090,Meenakshi Polymers,3.6,(275),Auto Components,Gurugram +21 other locations
4091,Teachmint,4.0,(275),EdTech,Bengaluru +28 other locations
4092,MM Forgings,3.4,(275),Iron & Steel,Chennai +24 other locations
4093,Ginesys,3.7,(275),Software Product,Kolkata +9 other locations
4094,Cholamandalam MS Risk Services,3.7,(275),Management Consulting,Chennai +62 other locations
4095,Policyboss.com,3.2,(275),Insurance,Mumbai +38 other locations
4096,Vcs Quality Services,3.9,(276),Oil & Gas,Noida +54 other locations
4097,Zee Media Corporation,3.4,(275),Broadcasting,Noida +21 other locations
4098,Al-Yamama Group,3.6,(274),Engineering & Construction,Dammam +25 other locations
4099,Puzzolana Machinery Fabricators,4.1,(274),Industrial Machinery,Hyderabad +18 other locations
4100,Puzzolana Machinery Fabricators,4.1,(274),Industrial Machinery,Hyderabad +18 other locations
4101,Noida Power Company,4.3,(274),Power,Greater Noida +12 other locations
4102,Lipi Data Systems,3.7,(274),Printing & Publishing,Udaipur +46 other locations
4103,FICO,3.4,(274),Software Product,Bengaluru +5 other locations
4104,TimesPro,3.3,(274),Education & Training,Mumbai +21 other locations
4105,National Institute of Technology,4.3,(276),Education & Training,Mangaluru +41 other locations
4106,Operational Energy Group India,3.9,(274),Power,Chennai +57 other locations
4107,Bajaj Finserv Health,3.6,(274),Internet,Pune +37 other locations
4108,SasMos HET Technologies,3.7,(275),Electrical Equipment,Bengaluru +6 other locations
4109,Siddha Group,3.9,(274),Real Estate,Kolkata +9 other locations
4110,Qualys,3.7,(275),IT Services & Consulting,Pune +4 other locations
4111,Government of Maharashtra,3.8,(274),Government,Mumbai +61 other locations
4112,Butterfly Gandhimathi Appliances,3.9,(274),Consumer Electronics & Appliances,Chennai +42 other locations
4113,MindCraft Software,3.4,(274),IT Services & Consulting,Mumbai +7 other locations
4114,Indian Molasses Company,3.7,(274),Ports & Shipping,Chennai +37 other locations
4115,International Flavors & Fragrances,3.8,(276),Chemicals,Hyderabad +17 other locations
4116,Kunal Structure,3.8,(274),Real Estate,Ahmedabad +26 other locations
4117,BuildAHome,4.5,(274),Engineering & Construction,Bengaluru +5 other locations
4118,NTF Group,4.0,(274),Auto Components,Gurugram +17 other locations
4119,RACL Geartech,4.2,(274),Auto Components,Noida +12 other locations
4120,Big C,3.9,(273),Retail,Hyderabad +54 other locations
4121,MITA,3.9,(273),Industrial Machinery,Ghaziabad +11 other locations
4122,Vayam Info Solutions,4.0,(273),Recruitment,New Delhi +45 other locations
4123,indiagold,4.5,(273),FinTech,Gurugram +21 other locations
4124,Walking Tree,3.2,(273),IT Services & Consulting,Hyderabad +12 other locations
4125,EVRY India,4.5,(273),IT Services & Consulting,Bengaluru +3 other locations
4126,Oriflame India,4.1,(273),Beauty & Personal Care,New Delhi +24 other locations
4127,Hetero Biopharma,3.8,(273),Pharma,Hyderabad +8 other locations
4128,Everest Fleet,3.0,(274),Urban Transport,Mumbai +17 other locations
4129,Freelancer.com,4.2,(273),Bengaluru +39 other locations,N/A
4130,State Bank Operations Support Services,3.4,(275),IT Services & Consulting,New Delhi +166 other locations
4131,Aqualite India,3.7,(273),Fashion & Textile,New Delhi +37 other locations
4132,Synergy Maritime,4.0,(273),Ports & Shipping,Chennai +14 other locations
4133,Seven Hills Hospital,3.8,(273),Healthcare,Mumbai +13 other locations
4134,Healthium Medtech,3.5,(273),Medical Equipment,Bengaluru +43 other locations
4135,Mitsuba Sical,3.9,(272),Auto Components,Gurugram +16 other locations
4136,Alchem International,3.7,(272),Pharma,Faridabad +24 other locations
4137,Schneider Electric Infrastructure,4.2,(272),Electrical Equipment,Vadodara +24 other locations
4138,Adonmo,4.4,(272),Marketing & Advertising,Hyderabad +21 other locations
4139,Olam Group,3.7,(273),FMCG,Chennai +40 other locations
4140,Technique Control Facility Management,3.7,(272),Facility Management Services,Bengaluru +21 other locations
4141,Himalaya Opticals,4.4,(272),Retail,Kolkata +53 other locations
4142,Any Brand,4.1,(272),Fashion & Textile,New Delhi +61 other locations
4143,99acres,3.6,(272),Internet,Noida +31 other locations
4144,Grauer & Weil (i),3.2,(272),Chemicals,Mumbai +30 other locations
4145,ICICI Foundation for Inclusive Growth,3.6,(272),Non-Profit,Mumbai +66 other locations
4146,S G Encon,3.6,(272),Engineering & Construction,New Delhi +41 other locations
4147,StudyIn,4.0,(272),EdTech,New Delhi +23 other locations
4148,Enzene Biosciences,3.9,(273),Biotechnology,Pune +8 other locations
4149,Niine,3.7,(272),Beauty & Personal Care,Gorakhpur +67 other locations
4150,BARC,4.4,(271),Defence & Aerospace,Mumbai +22 other locations
4151,Arrow,4.4,(271),Fashion & Textile,Bengaluru +21 other locations
4152,P&O Cruises,3.6,(271),Travel & Tourism,Mumbai +19 other locations
4153,Profectus Capital,4.2,(271),NBFC,Mumbai +35 other locations
4154,Don Bosco School,3.5,(271),Education & Training,Mumbai +65 other locations
4155,Bacardi,3.8,(271),Beverage,Gurugram +58 other locations
4156,InKnowTech,3.1,(271),IT Services & Consulting,Bengaluru +25 other locations
4157,Brinton Pharmaceuticals,4.3,(271),Pharma,Pune +41 other locations
4158,East India Udyog,3.9,(271),Electrical Equipment,Noida +38 other locations
4159,Naandi Foundation,3.8,(271),Non-Profit,Hyderabad +53 other locations
4160,NEC Software Solutions,3.9,(271),IT Services & Consulting,Mumbai +6 other locations
4161,Sgs Tekniks Manufacturing,4.0,(271),Electronics Manufacturing,Gurugram +12 other locations
4162,Terex,3.8,(271),Industrial Machinery,Bengaluru +20 other locations
4163,Alivira Animal Health,4.0,(271),Pharma,Visakhapatnam +18 other locations
4164,Faber India,4.3,(271),Consumer Electronics & Appliances,Pune +58 other locations
4165,Wishfin,3.4,(271),Financial Services,Noida +14 other locations
4166,Shriram Group,4.0,(270),Financial Services,Chennai +115 other locations
4167,Protean eGov Technologies,3.4,(270),IT Services & Consulting,Mumbai +14 other locations
4168,greytHR,3.6,(270),Software Product,Bengaluru +15 other locations
4169,Applus IDIADA,4.0,(270),Auto Components,Pune +5 other locations
4170,Hidden Brains InfoTech,3.7,(270),IT Services & Consulting,Ahmedabad +7 other locations
4171,SUN Mobility,3.9,(270),Automobile,Bengaluru +10 other locations
4172,Centific,3.5,(270),IT Services & Consulting,Hyderabad +9 other locations
4173,Yakult Danone India,3.7,(270),Food Processing,New Delhi +24 other locations
4174,Stellar Information Technology,3.6,(270),Software Product,Gurugram +13 other locations
4175,MAN Truck & Bus,2.5,(270),Automobile,Pune +19 other locations
4176,Normet,3.8,(270),Industrial Machinery,Jaipur +20 other locations
4177,Indo Count Industries,3.5,(270),Fashion & Textile,Mumbai +21 other locations
4178,Centillion Networks,3.7,(270),Telecom,Hyderabad +5 other locations
4179,Intech Organics,3.1,(270),Agro Chemicals,Gurugram +19 other locations
4180,Immacule Life Sciences,3.2,(270),Pharma,Nalagarh +12 other locations
4181,Goldstone Cements,3.4,(270),Building Material,Guwahati +23 other locations
4182,Kanwar Enterprises,3.4,(270),Engineering & Construction,Noida +38 other locations
4183,Milky Mist Dairy Food,4.0,(270),Food Processing,Erode +57 other locations
4184,Credit Saison India,3.7,(271),NBFC,Bengaluru +41 other locations
4185,Nalco,4.1,(269),Metals & Mining,Bhubaneswar +16 other locations
4186,Fashion TV,3.0,(269),Retail,Mumbai +13 other locations
4187,Cargo Service Center India,3.7,(269),Logistics,New Delhi +12 other locations
4188,Sundaram Business Services,3.7,(269),BPO,Chennai +8 other locations
4189,Eastern Condiments,3.8,(269),FMCG,Kochi +55 other locations
4190,Sunteck Realty,3.3,(269),Real Estate,Mumbai +9 other locations
4191,Electronic Arts,3.9,(269),Gaming,Hyderabad +7 other locations
4192,Manipal University,4.1,(269),Education & Training,Jaipur +20 other locations
4193,L&T Realty,3.7,(269),Real Estate,Mumbai +10 other locations
4194,IPROCESS BUSINESS SOLUTIONS,3.8,(269),EdTech,Mumbai +105 other locations
4195,Brink's,4.1,(270),Logistics,Mumbai +48 other locations
4196,Valmet,4.0,(269),Oil & Gas,Pune +14 other locations
4197,Utkarsh Classes,4.1,(269),EdTech,Jodhpur +7 other locations
4198,Enpro Industries,4.4,(269),Industrial Machinery,Pune +2 other locations
4199,Century Enka,4.1,(269),Fashion & Textile,Pune +13 other locations
4200,Uniqlo,2.8,(270),Fashion & Textile,New Delhi +13 other locations
4201,Yatharth Hospital,3.9,(269),Healthcare,Noida +9 other locations
4202,Tata Autocomp Gotion Green Energy Solutions,N/A,N/A,Auto Components,Pune +9 other locations
4203,Central Institute of Mining and Fuel Research,3.9,(268),Education & Training,Dhanbad +19 other locations
4204,Rakon,3.7,(268),Electronics Manufacturing,Bengaluru +4 other locations
4205,Flipspaces,4.0,(268),Architecture & Interior Design,Mumbai +12 other locations
4206,Rays Power Infra,4.1,(268),Power,Jaipur +32 other locations
4207,Allengers Medical Systems,3.6,(268),Medical Equipment,Chandigarh +41 other locations
4208,Sumadhura Infracon,4.0,(268),Real Estate,Bengaluru +7 other locations
4209,Sakra World Hospital,4.1,(268),Healthcare,Bengaluru +10 other locations
4210,Hero Electric,4.0,(267),Automobile,Ludhiana +38 other locations
4211,Apex CoVantage,3.0,(267),IT Services & Consulting,Hyderabad +11 other locations
4212,Accurex Biomedical,4.4,(267),Medical Equipment,Mumbai +49 other locations
4213,Jspiders,3.7,(267),Education & Training,Bengaluru +18 other locations
4214,Expertise Contracting Company,3.5,(267),Industrial Machinery,Al Jubail +15 other locations
4215,Shakambhari Ispat & Power,3.7,(267),Power,Kolkata +17 other locations
4216,Bhilai Engineering Corporation,3.6,(267),Industrial Machinery,Bhilai Nagar +21 other locations
4217,Shivalaya Construction,4.3,(267),Engineering & Construction,New Delhi +36 other locations
4218,Sonalika Group of Companies,3.7,(267),Automobile,Hoshiarpur +43 other locations
4219,Creamy foods,3.7,(267),Food Processing,Bulandshahr +46 other locations
4220,Vantive,4.5,(267),Healthcare,Bengaluru +7 other locations
4221,Mouser Electronics,3.5,(267),Semiconductors,Bengaluru +3 other locations
4222,Belstar Investment and Finance,4.0,(266),Investment Banking / Venture Capital / Private Equity,Chennai +105 other locations
4223,Medgenome Labs,3.8,(266),Biotechnology,Bengaluru +21 other locations
4224,Dbs Mintek,3.4,(266),Financial Services,Pune +20 other locations
4225,OmniActive Health Technologies,3.4,(266),Fitness & Wellness,Pune +13 other locations
4226,Modi Mundi Pharma,3.8,(266),Pharma,New Delhi +44 other locations
4227,Dnata,3.2,(267),Aviation,Bengaluru +20 other locations
4228,British Airways,2.9,(268),Aviation,New Delhi +13 other locations
4229,Apna,3.3,(266),Recruitment,Bengaluru +21 other locations
4230,Karnataka Bank,3.7,(266),Banking,Bengaluru +68 other locations
4231,Sentiss Pharma,3.6,(266),Pharma,Gurugram +27 other locations
4232,Armstrong Robotics & Technologies Private Limited,3.9,(267),Industrial Automation,Nashik +13 other locations
4233,Essel Mining & Industries,4.2,(266),Metals & Mining,Kolkata +23 other locations
4234,GyanSys Inc,3.1,(267),IT Services & Consulting,Bengaluru +12 other locations
4235,Zeetech Management And Marketing,3.8,(266),Ranchi +34 other locations,N/A
4236,Reliance resQ,3.9,(266),Other,Mumbai +81 other locations
4237,Terralogic Software Solutions,2.8,(266),IT Services & Consulting,Bengaluru +10 other locations
4238,Insecticides India,4.0,(265),Agro Chemicals,Bharuch +43 other locations
4239,Corsearch,3.9,(265),IT Services & Consulting,Mumbai +5 other locations
4240,Tata Boeing Aerospace,3.6,(265),Defence & Aerospace,Hyderabad +9 other locations
4241,Vistra Corporate Services,3.4,(265),Power,Mumbai +12 other locations
4242,Toshiba Software India,3.5,(265),IT Services & Consulting,Bengaluru +5 other locations
4243,Wilo Mather and Platt Pumps,3.9,(265),Industrial Machinery,Pune +22 other locations
4244,Nandan Petrochem,3.7,(265),Petrochemicals,Mumbai +33 other locations
4245,Strada,3.5,(265),Financial Services,Hyderabad +26 other locations
4246,Shivani Locks,3.7,(265),Industrial Machinery,Faridabad +11 other locations
4247,Gujarat Gas,3.8,(265),Oil & Gas,Ahmedabad +46 other locations
4248,Winjit Technologies,3.6,(265),IT Services & Consulting,Nashik +12 other locations
4249,Bombardier Transportation,4.4,(265),Urban Transport,Vadodara +11 other locations
4250,Sahajanand Medical Technologies,3.5,(265),Medical Equipment,Surat +37 other locations
4251,STT Global Data Centres India,3.9,(265),IT Services & Consulting,Mumbai +18 other locations
4252,UBI Services,3.7,(265),Banking,Hyderabad +91 other locations
4253,PG Electroplast,4.0,(265),Consumer Electronics & Appliances,Noida +23 other locations
4254,Shriram Value Services,3.9,(264),IT Services & Consulting,Chennai +28 other locations
4255,Etisalat,3.2,(264),Telecom,Dubai +15 other locations
4256,Shyam Steel Manufacturing,3.5,(265),Kolkata +43 other locations,N/A
4257,Mitsubishi Elevators,4.0,(264),Industrial Machinery,Bengaluru +24 other locations
4258,Cogito Tech,2.4,(264),IT Services & Consulting,Noida +4 other locations
4259,Madhu Jayanti International,3.5,(265),FMCG,Kolkata +43 other locations
4260,JM Financial Home Loans,4.1,(264),NBFC,Mumbai +81 other locations
4261,Piramal Realty,4.2,(264),Real Estate,Mumbai +9 other locations
4262,Health Total,3.8,(264),Fitness & Wellness,Mumbai +12 other locations
4263,Unitech,3.6,(264),Real Estate,Gurugram +29 other locations
4264,RentoMojo,3.8,(264),Internet,Bengaluru +19 other locations
4265,Trimble,3.8,(265),IT Services & Consulting,Chennai +16 other locations
4266,Tata Strive Skill Development Centre,3.9,(264),Education & Training,Mumbai +48 other locations
4267,Vesuvius,3.7,(264),Industrial Machinery,Visakhapatnam +24 other locations
4268,MEDOPHARM,3.8,(264),Pharma,Chennai +19 other locations
4269,Sigachi Industries,3.8,(264),Pharma,Bharuch +16 other locations
4270,Diffusion Engineers,4.1,(263),Industrial Machinery,Nagpur +32 other locations
4271,Lafarge,4.6,(263),Building Material,Mumbai +73 other locations
4272,Reliance Fresh,4.3,(263),Retail,New Delhi +61 other locations
4273,Caplin Point Laboratories,3.3,(263),Pharma,Chennai +7 other locations
4274,Danieli,3.5,(263),Industrial Machinery,Chennai +15 other locations
4275,The Professional Couriers,3.4,(263),Logistics,New Delhi +67 other locations
4276,Indian Railway Catering and Tourism,3.8,(263),Urban Transport,New Delhi +53 other locations
4277,Novonesis,3.9,(263),Biotechnology,Bengaluru +11 other locations
4278,UNICEF,3.9,(263),Non-Profit,New Delhi +59 other locations
4279,Anthology,3.4,(264),EdTech,Bengaluru +7 other locations
4280,Globus Infocom,4.2,(263),EdTech,Noida +30 other locations
4281,Rajiv Gandhi Cancer Institute & Research Centre,3.8,(263),Healthcare,New Delhi +3 other locations
4282,CohnReznick,3.9,(263),Accounting & Auditing,Chennai +4 other locations
4283,Snowman Logistics,4.2,(263),Logistics,Bengaluru +26 other locations
4284,KiwiTech,3.6,(263),IT Services & Consulting,Noida +4 other locations
4285,Pahal Financial Services,4.1,(263),NBFC,Ahmedabad +100 other locations
4286,Supermax Personal Care,3.5,(262),Beauty & Personal Care,Mumbai +47 other locations
4287,Pinkerton,3.7,(262),Law Enforcement & Security,Gurugram +15 other locations
4288,Numerator,4.0,(262),Marketing & Advertising,Vadodara +3 other locations
4289,Kutch Chemical Industries,3.9,(262),Chemicals,Gandhidham +15 other locations
4290,Gallantt Ispat,3.8,(262),Iron & Steel,Gorakhpur +24 other locations
4291,GfK MODE,3.4,(262),Analytics & KPO,Gurugram +19 other locations
4292,Birla Open Minds Education Private Limited,3.1,(263),Education & Training,Hyderabad +33 other locations
4293,Fingent,3.9,(262),Software Product,Kochi +4 other locations
4294,The KCP,4.1,(262),Building Material,Chennai +17 other locations
4295,Sparsh Hospital,3.6,(262),Healthcare,Bengaluru +28 other locations
4296,Fresenius Medical Care,3.8,(262),Healthcare,Gurugram +32 other locations
4297,JP Infra,3.7,(262),Real Estate,Mumbai +10 other locations
4298,Ambica Steels,3.7,(262),Metals & Mining,New Delhi +17 other locations
4299,JGC Corporation,4.4,(262),Oil & Gas,Chennai +17 other locations
4300,GGS Engineering Services,3.3,(263),Engineering & Construction,Chennai +8 other locations
4301,JRG Automotive india,3.2,(262),Auto Components,Bawal +15 other locations
4302,Gatewaypark Business,4.6,(261),Software Product,Bengaluru +6 other locations
4303,Rosenberger Electronic,3.9,(261),Electronics Manufacturing,Gurugram +33 other locations
4304,O P Jindal Global University,3.7,(261),Education & Training,Sonipat +11 other locations
4305,Dynamatic Technologies,3.8,(261),Auto Components,Bengaluru +11 other locations
4306,Vacmet India,4.1,(262),Packaging,Indore +13 other locations
4307,Amber,4.1,(261),Internet,Pune +9 other locations
4308,Perfios Software Solutions,3.6,(261),FinTech,Bengaluru +5 other locations
4309,ZIGRAM,3.4,(261),Software Product,Gurugram +8 other locations
4310,Cochin Shipyard,4.2,(261),Ports & Shipping,Kochi +16 other locations
4311,Rossell Techsys,4.1,(261),Defence & Aerospace,Bengaluru +4 other locations
4312,Liberty Shoes,3.9,(261),Fashion & Textile,Karnal +48 other locations
4313,Roha Dyechem,3.4,(261),Food Processing,Mumbai +10 other locations
4314,Jeena Sikho Lifecare,3.8,(261),Healthcare,Chandigarh +47 other locations
4315,Rostfrei Steels,3.7,(261),Industrial Machinery,New Delhi +12 other locations
4316,Searce Cosourcing Services,3.0,(261),IT Services & Consulting,Pune +14 other locations
4317,Dyson,3.7,(262),Consumer Electronics & Appliances,Gurugram +34 other locations
4318,Omega Healthcare Solutions,3.7,(260),Healthcare,Chennai +8 other locations
4319,Ujala Cygnus,3.6,(261),Healthcare,New Delhi +28 other locations
4320,Gujarat State Fertilizers & Chemicals,4.2,(260),Agro Chemicals,Vadodara +26 other locations
4321,Tata Sikorsky Aerospace,3.7,(262),Defence & Aerospace,Hyderabad +4 other locations
4322,L&T Heavy Civil Infrastructure,4.1,(260),Engineering & Construction,Chennai +37 other locations
4323,Asian Heart Institute,4.1,(265),Healthcare,Mumbai +6 other locations
4324,MBD GROUP,3.3,(261),Printing & Publishing,New Delhi +35 other locations
4325,Government of Andhra Pradesh,3.7,(261),Government,Hyderabad +65 other locations
4326,ReachLocal Services,3.6,(260),Marketing & Advertising,Mumbai +5 other locations
4327,Unison Pharmaceuticals,3.9,(261),Pharma,Ahmedabad +10 other locations
4328,Appasamy Associates,3.6,(260),Medical Equipment,Chennai +40 other locations
4329,AISECT,3.8,(260),Education & Training,Bhopal +58 other locations
4330,PMT Machines,3.2,(260),Industrial Machinery,Pune +15 other locations
4331,Azad Engineering,3.8,(260),Engineering & Construction,Hyderabad +13 other locations
4332,Reliance Cement Company,4.2,(259),Building Material,Maihar +29 other locations
4333,GrapplTech,4.8,(259),IT Services & Consulting,Bengaluru +12 other locations
4334,SCM Garments,3.6,(259),Fashion & Textile,Tiruppur +11 other locations
4335,Nesma & Partners,4.1,(259),Engineering & Construction,Mumbai +23 other locations
4336,Saurav Chemicals,3.7,(260),Agro Chemicals,Chandigarh +12 other locations
4337,Amity Software Limited,4.0,(259),Insurance,Noida +8 other locations
4338,Tractor Junction,4.1,(259),Internet,Alwar +29 other locations
4339,Super Auto Forge,3.9,(259),Industrial Machinery,Chennai +9 other locations
4340,Saurav Chemicals,3.6,(259),Agro Chemicals,Chandigarh +12 other locations
4341,Mamaearth,3.8,(259),Beauty & Personal Care,Gurugram +45 other locations
4342,Weddingz.in,2.9,(258),Internet,Mumbai +32 other locations
4343,MRO,3.0,(258),Clinical Research,Pune
4344,Birla Tyres,3.7,(258),Auto Components,Balasore +57 other locations
4345,Binary Semantics,3.4,(258),IT Services & Consulting,Gurugram +10 other locations
4346,Vinove Software & Services,3.5,(258),IT Services & Consulting,Noida +5 other locations
4347,Rehau Polymers,3.3,(258),Engineering & Construction,Vadodara +23 other locations
4348,Sundaram Home Finance,4.2,(258),NBFC,Chennai +76 other locations
4349,Mogli labs,3.5,(258),Internet,Noida +27 other locations
4350,Vialto Partners,2.9,(259),Management Consulting,Bengaluru +9 other locations
4351,Durian Industries,3.7,(258),Retail,Mumbai +37 other locations
4352,iServeU,4.2,(258),FinTech,Bhubaneswar +6 other locations
4353,Augmont Goldtech,4.7,(258),Financial Services,Mumbai +57 other locations
4354,Teleindia Networks,3.8,(258),Telecom,Bengaluru +27 other locations
4355,Kovai Medical Center and Hospital,4.2,(258),Healthcare,Coimbatore +12 other locations
4356,Apollo 247,3.3,(258),Healthcare,Hyderabad +21 other locations
4357,Lloyds Technology Centre,3.5,(258),IT Services & Consulting,Hyderabad +8 other locations
4358,JSG Group,3.8,(258),Auto Components,New Delhi +13 other locations
4359,AAFT,4.2,(258),EdTech,Noida +7 other locations
4360,Kovai Medical Center and Hospital,4.2,(258),Healthcare,Coimbatore +12 other locations
4361,JSG Group,3.8,(258),Auto Components,New Delhi +13 other locations
4362,AAFT,4.2,(258),EdTech,Noida +7 other locations
4363,ACN Health care,3.3,(257),BPO,Bengaluru +6 other locations
4364,Maharishi Vidya Mandir,4.0,(257),Education & Training,Chennai +83 other locations
4365,Paul Merchants,3.7,(257),NBFC,Chandigarh +78 other locations
4366,Madhucon Projects,3.5,(257),Engineering & Construction,Hyderabad +35 other locations
4367,Eaton Power Quality,4.0,(257),Electronics Manufacturing,Puducherry +19 other locations
4368,Foundation To Educate Girls Globally,4.0,(257),Education & Training,Mumbai +55 other locations
4369,Shivaami Cloud Services,4.1,(257),IT Services & Consulting,Mumbai +7 other locations
4370,Hindware Home Innovation,3.6,(257),Consumer Electronics & Appliances,Gurugram +51 other locations
4371,Wavin,4.1,(257),Noida +50 other locations,N/A
4372,Leap Finance,3.2,(258),FinTech,Bengaluru +15 other locations
4373,Algonomy,3.8,(257),Software Product,Bengaluru +8 other locations
4374,J. C. Penney,3.9,(257),Retail,Bengaluru +8 other locations
4375,Metacube Software,3.8,(257),IT Services & Consulting,Jaipur +5 other locations
4376,Steel Infra Solutions,3.5,(258),Bhilai Nagar +18 other locations,N/A
4377,Kinetic Engineering,3.4,(257),Auto Components,Ahilyanagar +17 other locations
4378,Hawkins Cookers,3.6,(257),Consumer Electronics & Appliances,Mumbai +40 other locations
4379,Costa Cruise Lines,4.2,(257),Travel & Tourism,Mumbai +16 other locations
4380,Hill International,4.3,(257),Engineering & Construction,Mumbai +26 other locations
4381,Vamani Overseas,3.4,(258),Furniture & Furnishing,Faridabad +15 other locations
4382,Mobius Knowledge Services,3.4,(256),Printing & Publishing,Chennai +4 other locations
4383,Epigral,4.1,(257),Chemicals,Bharuch +5 other locations
4384,Dhruv Research,3.0,(256),Management Consulting,Gurugram +16 other locations
4385,Objectways Technologies,3.1,(256),IT Services & Consulting,Karur +8 other locations
4386,Integra Micro Systems,3.9,(256),Software Product,Bengaluru +42 other locations
4387,RG Stone Urology & Laparoscopy Hospital,3.9,(256),Healthcare,New Delhi +16 other locations
4388,Cargo Motors,4.0,(256),Automobile,Ahmedabad +22 other locations
4389,Quality Council of India,3.3,(256),New Delhi +23 other locations,N/A
4390,Amazon Distributors,3.8,(256),New Delhi +37 other locations,N/A
4391,Niit Foundation,4.0,(256),Education & Training,New Delhi +49 other locations
4392,Latinem,3.8,(256),Real Estate,Hyderabad +3 other locations
4393,Hewlett Packard Globalsoft,3.5,(255),Bengaluru +7 other locations,N/A
4394,Avance Consulting Services,3.7,(255),Recruitment,Hyderabad +6 other locations
4395,Yodlee,3.8,(255),Software Product,Bengaluru +5 other locations
4396,Madras Radiators and Pressings Limited,3.5,(255),Auto Components,Chennai +11 other locations
4397,Captain Fresh,3.9,(255),Food Processing,Bengaluru +27 other locations
4398,Catch Foods,4.1,(255),Food Processing,Noida +70 other locations
4399,KGK Group,3.3,(255),Jewellery,Mumbai +15 other locations
4400,Oriental Carbon & Chemicals,4.3,(255),Chemicals,Mundra +16 other locations
4401,Data Marshall,3.3,(255),Analytics & KPO,Hyderabad +6 other locations
4402,General Energy Management Systems,3.7,(256),Industrial Machinery,Noida +39 other locations
4403,Oriental Aromatics,3.4,(255),Chemicals,Vadodara +12 other locations
4404,Agilysys Technologies India,3.3,(255),Software Product,Chennai +4 other locations
4405,Zee Learn,3.7,(255),Education & Training,Mumbai +34 other locations
4406,Kisna Diamonds - HK Jewels,3.3,(255),Jewellery,Mumbai +50 other locations
4407,AceCloud by RTDS,4.2,(255),IT Services & Consulting,Gurugram +5 other locations
4408,Singareni Collieries Company,4.5,(254),Metals & Mining,Hyderabad +19 other locations
4409,Oncquest Laboratories,3.3,(254),Healthcare,New Delhi +30 other locations
4410,Sudhir Power,3.5,(255),Power,Gurugram +36 other locations
4411,Venus Industrial Corporation,3.9,(255),Industrial Machinery,Faridabad +16 other locations
4412,Tangoe,3.8,(254),IT Services & Consulting,Bengaluru +4 other locations
4413,Rittal,3.8,(254),Industrial Machinery,Bengaluru +19 other locations
4414,Meghmani Industries,3.4,(254),Agro Chemicals,Bharuch +23 other locations
4415,Toyotetsu India Auto Parts,3.8,(255),Auto Components,Bengaluru +9 other locations
4416,Grassroots BPO,3.4,(254),BPO,Bengaluru +7 other locations
4417,Agappe Diagnostics,4.0,(255),Medical Equipment,Kochi +38 other locations
4418,Calderys India Refractories,4.1,(256),Metals & Mining,Nagpur +21 other locations
4419,WeRize,3.3,(254),Financial Services,Bengaluru +19 other locations
4420,Indian Oil- Adani Gas,3.8,(254),Oil & Gas,Noida +33 other locations
4421,Leeford Healthcare,4.1,(254),Pharma,Ludhiana +70 other locations
4422,Mahagun India,3.1,(254),Real Estate,Noida +5 other locations
4423,Royal Infraconstru,3.3,(254),Engineering & Construction,Kolkata +37 other locations
4424,Concentrix Catalyst,3.0,(254),IT Services & Consulting,Hyderabad +10 other locations
4425,PhyCARE Solutions,3.6,(255),Healthcare,Hyderabad +7 other locations
4426,Galgotias University,3.5,(254),Education & Training,Greater Noida +11 other locations
4427,Apothecon Pharmaceuticals,4.4,(254),Pharma,Vadodara +9 other locations
4428,CGM ARIA Health Services,3.6,(254),Software Product,Noida +6 other locations
4429,Riviera Infraprojects,4.1,(254),Engineering & Construction,Ahmedabad +15 other locations
4430,Mercurius Advisory Services,4.4,(254),Accounting & Auditing,New Delhi +2 other locations
4431,Malabar Group Of Companies,3.7,(254),Jewellery,Kozhikode +55 other locations
4432,Motorola,4.2,(253),Consumer Electronics & Appliances,Bengaluru +63 other locations
4433,New Allenberry Works,3.4,(253),Power,Faridabad +12 other locations
4434,ATC Telecom Infrastructure,4.3,(253),Telecom,Gurugram +47 other locations
4435,Sequential Technology International,4.1,(253),BPO,Gurugram +4 other locations
4436,Cordova Publication,3.4,(253),Printing & Publishing,Noida +54 other locations
4437,KANINI Software Solutions,3.9,(253),IT Services & Consulting,Chennai +8 other locations
4438,Central Tool Room & Training Centre,4.1,(254),Industrial Machinery,Bhubaneswar +19 other locations
4439,Shalina Healthcare,3.4,(253),Pharma,Pune +14 other locations
4440,Shalina Healthcare,3.4,(253),Pharma,Pune +14 other locations
4441,El Seif Engineering Contracting,4.3,(253),Engineering & Construction,Riyadh +17 other locations
4442,Dataflow Group,2.9,(253),Law Enforcement & Security,Noida +8 other locations
4443,Mangalam Cement,4.0,(253),Building Material,Kota +31 other locations
4444,Emversity,4.1,(253),Education & Training,Bengaluru +27 other locations
4445,Central Tool Room & Training Centre,4.1,(254),Industrial Machinery,Bhubaneswar +19 other locations
4446,Welspun Global Brands,3.8,(252),Fashion & Textile,Mumbai +37 other locations
4447,HyperCITY,4.7,(252),Retail,Mumbai +21 other locations
4448,Jain University,3.4,(252),Education & Training,Bengaluru +8 other locations
4449,Infocus Technologies,3.9,(252),IT Services & Consulting,Kolkata +15 other locations
4450,GTL Limited,4.3,(252),Hardware & Networking,Pune +38 other locations
4451,Zyoin,3.6,(252),Recruitment,Bengaluru +6 other locations
4452,Newgen Knowledge Works,3.4,(252),Printing & Publishing,Chennai +10 other locations
4453,GE Aviation,4.0,(252),Aviation,Pune +7 other locations
4454,British Paints,3.6,(253),Chemicals,New Delhi +77 other locations
4455,Leayan Global,3.9,(253),Fashion & Textile,Kanpur +46 other locations
4456,Cardinal Health,4.0,(252),Pharma,Bengaluru +9 other locations
4457,Sophos Technologies,3.7,(252),Software Product,Bengaluru +7 other locations
4458,Decorpot,3.0,(252),Architecture & Interior Design,Bengaluru +17 other locations
4459,Bright Life Care,4.0,(252),Fitness & Wellness,Gurugram +47 other locations
4460,GE Aviation,4.0,(252),Aviation,Pune +7 other locations
4461,Decorpot,3.0,(252),Architecture & Interior Design,Bengaluru +17 other locations
4462,Mahindra Susten,4.4,(252),Engineering & Construction,Mumbai +28 other locations
4463,Exusia,3.3,(251),IT Services & Consulting,Pune +12 other locations
4464,Richfeel Health & Beauty,2.8,(251),Beauty & Personal Care,Mumbai +38 other locations
4465,Business for Social Responsibility,3.2,(251),Accounting & Auditing,Mumbai +20 other locations
4466,Wheels Emi,3.8,(253),Auto Components,Pune +57 other locations
4467,Betsol,3.6,(251),IT Services & Consulting,Bengaluru +3 other locations
4468,Rishabh Software,3.6,(249),IT Services & Consulting,Vadodara +12 other locations
4469,Meneta Automotive Components,3.8,(251),Auto Components,Sonipat +7 other locations
4470,L. V. Prasad Eye Institute,4.2,(251),Healthcare,Hyderabad +19 other locations
4471,LOTS Wholesale Solutions,3.9,(251),Food Processing,New Delhi +6 other locations
4472,Ivy Mobility Solutions,2.6,(251),Software Product,Chennai +12 other locations
4473,GS Engineering & Construction,3.6,(251),Engineering & Construction,Mumbai +19 other locations
4474,Turtle,3.2,(251),Fashion & Textile,Kolkata +38 other locations
4475,Millennium Engineers & Contractors,4.1,(251),Engineering & Construction,Pune +7 other locations
4476,Godawari Power & Ispat,4.3,(251),Iron & Steel,Raipur +12 other locations
4477,Riddhi Corporate Services,3.9,(252),IT Services & Consulting,Ahmedabad +57 other locations
4478,Media.net Software Services (India),3.2,(252),Marketing & Advertising,Mumbai +9 other locations
4479,Arihant Superstructures,4.2,(250),Real Estate,Navi Mumbai +6 other locations
4480,Zamil Steel Buildings India,4.0,(250),Engineering & Construction,Pune +22 other locations
4481,ITCONS e-Solutions,3.5,(250),IT Services & Consulting,Noida +70 other locations
4482,MARG ERP,3.5,(250),Accounting & Auditing,New Delhi +35 other locations
4483,Xtancia Technosoft,4.0,(250),Software Product,Chennai +2 other locations
4484,Inland World Logistics,3.5,(250),Logistics,Mumbai +48 other locations
4485,Burckhardt Compression,4.0,(251),Industrial Machinery,Pune +9 other locations
4486,Canam Consultants,3.3,(250),Education & Training,Chandigarh +22 other locations
4487,Aditya Infotech,4.3,(251),IT Services & Consulting,Noida +42 other locations
4488,Enviri,3.9,(250),Waste Management,Hyderabad +20 other locations
4489,Intersoft Data Labs,3.6,(250),IT Services & Consulting,Gurugram +8 other locations
4490,ASUS,4.2,(250),Consumer Electronics & Appliances,Mumbai +52 other locations
4491,Honasa Consumer,3.6,(250),Beauty & Personal Care,Gurugram +45 other locations
4492,Arrise Bpo Solutions,3.6,(251),BPO,Mumbai +60 other locations
4493,Simpson,3.4,(250),Auto Components,Chennai +9 other locations
4494,Easyday Club,4.6,(249),Retail,New Delhi +74 other locations
4495,Kotak Mahindra General Insurance,3.7,(250),Insurance,Mumbai +49 other locations
4496,Edward Food Research and Analysis Centre,3.8,(249),Analytics & KPO,Kolkata +4 other locations
4497,Invertis University,4.7,(249),Education & Training,Bareilly +4 other locations
4498,Smith+Nephew,4.1,(249),Medical Equipment,Pune +21 other locations
4499,Bombay Stock Exchange,3.5,(249),Financial Services,Mumbai +14 other locations
4500,Invertis University,4.7,(249),Education & Training,Bareilly +4 other locations
4501,Smith+Nephew,4.1,(249),Medical Equipment,Pune +21 other locations
4502,Bombay Stock Exchange,3.5,(249),Financial Services,Mumbai +14 other locations
4503,Zota Health Care,3.6,(249),Pharma,Surat +63 other locations
4504,Credgenics,4.0,(249),FinTech,Noida +6 other locations
4505,Niwas Housing Finance,4.1,(249),Mumbai +81 other locations,N/A
4506,InvestoXpert,4.3,(249),Internet,Noida +12 other locations
4507,Interocean Group,4.4,(250),Ports & Shipping,New Delhi +19 other locations
4508,Saint Gobain Sekurit India,3.7,(249),Auto Components,Chennai +16 other locations
4509,WizKlub,2.8,(249),EdTech,Bengaluru +14 other locations
4510,Ricoh,4.0,(248),IT Services & Consulting,New Delhi +43 other locations
4511,Archirodon,4.2,(248),Engineering & Construction,Mumbai +23 other locations
4512,IIT Madras,3.9,(248),Education & Training,Chennai +9 other locations
4513,Huntsman International,4.1,(248),Chemicals,Mumbai +25 other locations
4514,Naga Limited,3.6,(248),Food Processing,Dindigul +22 other locations
4515,Simpolo Vitrified,3.9,(248),Building Material,Ahmedabad +43 other locations
4516,KTL Automobile,3.9,(248),Automobile,Lucknow +69 other locations
4517,Ruloans,3.7,(248),Financial Services,Mumbai +50 other locations
4518,Crest Data Systems,4.0,(248),IT Services & Consulting,Ahmedabad +2 other locations
4519,Diamond Beverages,3.0,(248),Beverage,Kolkata +5 other locations
4520,Goodluck,3.8,(248),Iron & Steel,Ghaziabad +24 other locations
4521,ION Group,2.4,(248),Software Product,Noida +8 other locations
4522,Xeam Ventures,3.4,(248),Recruitment,New Delhi +69 other locations
4523,Mayfair Hotels & Resorts,4.2,(248),Hospitality,Bhubaneswar +16 other locations
4524,Antara Senior Care,3.2,(248),Gurugram +13 other locations,N/A
4525,DM Consultants,1.4,(247),Abu Dhabi +16 other locations,N/A
4526,Sraco,3.7,(248),Engineering & Construction,Dammam +24 other locations
4527,Lucy Electric,3.9,(247),Electrical Equipment,Nashik +15 other locations
4528,L&T Water & Effluent Treatment,4.0,(248),Engineering & Construction,Chennai +58 other locations
4529,Varite,3.5,(247),IT Services & Consulting,Bengaluru +11 other locations
4530,Laborate Pharmaceuticals,3.7,(248),Pharma,Panipat +33 other locations
4531,FoodPanda,3.9,(247),Internet,Gurugram +20 other locations
4532,NextGen Healthcare,3.7,(247),Software Product,Bengaluru +11 other locations
4533,VSynergize Outsourcing,3.1,(247),Marketing & Advertising,Pune +1 other locations
4534,OneCard,3.3,(247),FinTech,Pune +11 other locations
4535,Shri Bajrang Power & Ispat,4.0,(247),Power,Raipur +14 other locations
4536,Credera,3.1,(247),IT Services & Consulting,Hyderabad +10 other locations
4537,Som Autotech,4.0,(247),Auto Components,Chhatrapati Sambhajinagar +26 other locations
4538,ITW India,3.8,(247),Automobile,Pune +18 other locations
4539,SA Infrastructure Consultants,3.5,(248),Engineering & Construction,Noida +60 other locations
4540,Stanley Lifestyles,4.0,(247),Furniture & Furnishing,Bengaluru +10 other locations
4541,KPC Projects,3.9,(248),Engineering & Construction,Hyderabad +28 other locations
4542,Forvia,3.4,(247),Auto Components,Pune +13 other locations
4543,House of Hiranandani,4.6,(246),Real Estate,Mumbai +11 other locations
4544,Essar Power,4.0,(246),Power,Jamnagar +18 other locations
4545,Sai Service,3.7,(246),Automobile,Mumbai +30 other locations
4546,The Smart Cube,3.4,(246),Management Consulting,Noida +7 other locations
4547,Bizcrum Infotech,3.5,(246),Internet,New Delhi +59 other locations
4548,Everllence,3.7,(246),Industrial Machinery,Chhatrapati Sambhajinagar +10 other locations
4549,Chandigarh Group of Colleges,3.8,(246),Education & Training,Chandigarh +20 other locations
4550,Health Prime Services (India),3.5,(246),Medical Equipment,Mumbai +11 other locations
4551,PMEA Solar Tech Solutions,4.0,(246),Automobile,Nashik +14 other locations
4552,IIFL Securities,3.8,(246),Financial Services,Mumbai +41 other locations
4553,C. L. GUPTA EXPORTS,4.3,(246),Import & Export,Moradabad +8 other locations
4554,Muthoot Money,3.9,(247),NBFC,Hyderabad +81 other locations
4555,Terrier Security Services,4.2,(246),Law Enforcement & Security,Bengaluru +40 other locations
4556,Plada Infotech Services,3.6,(246),IT Services & Consulting,Mumbai +45 other locations
4557,Turner Construction,3.9,(247),Engineering & Construction,Mumbai +17 other locations
4558,Raj Petro Specialities,3.9,(246),Oil & Gas,Chennai +25 other locations
4559,Clearpack,4.0,(246),Industrial Machinery,Greater Noida +17 other locations
4560,GeeksForGeeks,2.9,(246),Education & Training,Noida +11 other locations
4561,Mahindra Defence Systems,4.0,(246),Defence & Aerospace,Pune +25 other locations
4562,Lenexis Foodworks,3.7,(246),Hospitality,Mumbai +32 other locations
4563,Sila Solutions,3.8,(246),Facility Management Services,Mumbai +23 other locations
4564,Coolberg Beverages,3.3,(245),Beverage,Mumbai +40 other locations
4565,Sangam India,3.7,(245),Fashion & Textile,Bhilwara +22 other locations
4566,Apollo Pipes,3.9,(245),Building Material,Noida +34 other locations
4567,SpanIdea,3.4,(245),IT Services & Consulting,Bengaluru +10 other locations
4568,Net Solutions,3.8,(245),IT Services & Consulting,Chandigarh +4 other locations
4569,Adfactors PR,3.2,(245),Marketing & Advertising,Mumbai +12 other locations
4570,Virgo Laminates,4.0,(246),Building Material,New Delhi +54 other locations
4571,Tatvasoft,3.3,(245),IT Services & Consulting,Ahmedabad +6 other locations
4572,KhataBook,3.5,(245),FinTech,Bengaluru +27 other locations
4573,Securens System,3.9,(245),Law Enforcement & Security,Mumbai +36 other locations
4574,PERSOLKELLY,3.3,(245),Recruitment,Bengaluru +40 other locations
4575,Suminter India Organics,3.8,(245),FMCG,Mumbai +25 other locations
4576,National Contracting Company,4.0,(245),Engineering & Construction,Chennai +19 other locations
4577,WorkIndia,3.1,(245),IT Services & Consulting,Bengaluru +18 other locations
4578,Health & Glow,3.7,(245),Beauty & Personal Care,Bengaluru +15 other locations
4579,Cryoviva Biotech,3.4,(244),Biotechnology,Gurugram +46 other locations
4580,GMM Pfaudler,3.8,(244),Industrial Machinery,Anand +11 other locations
4581,Innova Captab,4.1,(244),Pharma,Baddi +13 other locations
4582,Global Edge Software,3.4,(244),Software Product,Bengaluru +9 other locations
4583,AONE OUTSOURCING SOLUTIONS,4.6,(244),Financial Services,Ghaziabad +7 other locations
4584,Billabong High International School,3.6,(244),Education & Training,Mumbai +20 other locations
4585,SRM Institute of Science and Technology,3.8,(244),Education & Training,Chennai +17 other locations
4586,Pacific Cyber Technology,3.6,(244),Electronics Manufacturing,Daman & Diu +10 other locations
4587,Starmark Software,3.4,(244),IT Services & Consulting,Bengaluru +4 other locations
4588,Onkar Infotech,3.9,(244),BPO,Gurugram +3 other locations
4589,Moveinsync Technology Solutions,3.1,(244),Software Product,Bengaluru +12 other locations
4590,National Securities Depository,3.4,(244),Financial Services,Mumbai +10 other locations
4591,Allianz,4.4,(244),Insurance,Thiruvananthapuram +15 other locations
4592,Vision Express,4.0,(244),Retail,Bengaluru +37 other locations
4593,Microchip Technology,3.8,(244),Semiconductors,Bengaluru +6 other locations
4594,Dev Information Technology,3.4,(244),IT Services & Consulting,Ahmedabad +33 other locations
4595,Navata Road Transport,3.6,(244),Logistics,Vijayawada +34 other locations
4596,Sika,3.9,(244),Chemicals,Mumbai +35 other locations
4597,The Institute Of Chartered Accountants,3.2,(245),Education & Training,New Delhi +51 other locations
4598,Gen,3.8,(244),Software Product,Pune +9 other locations
4599,Dalmia Bharat Sugar & Industries,4.1,(244),Food Processing,Kolhapur +19 other locations
4600,Tokai Rubber Auto Parts India,3.4,(243),Industrial Machinery,Neemrana +11 other locations
4601,Madras Engineering Industries,3.8,(243),Auto Components,Chennai +15 other locations
4602,Puranik Builders,4.2,(243),Real Estate,Mumbai +8 other locations
4603,Toshiba,4.2,(243),Industrial Machinery,Bengaluru +31 other locations
4604,e-Procurement Technologies,3.2,(243),IT Services & Consulting,Ahmedabad +18 other locations
4605,JWIL,4.1,(243),Waste Management,New Delhi +37 other locations
4606,Keller Ground Engineering,4.0,(244),Engineering & Construction,Chennai +28 other locations
4607,Capillary Technologies,3.3,(243),Software Product,Bengaluru +7 other locations
4608,Triveni Turbines,3.6,(243),Electrical Equipment,Bengaluru +17 other locations
4609,Randstad Global Capability Center,3.6,(243),Recruitment,Hyderabad +18 other locations
4610,Franco-Indian Pharmaceuticals,3.2,(243),Pharma,Mumbai +46 other locations
4611,Botree Software International,3.5,(243),Software Product,Chennai +15 other locations
4612,Net Access India,3.8,(243),IT Services & Consulting,Chennai +31 other locations
4613,Boston Institute of Analytics,4.4,(243),Education & Training,Mumbai +13 other locations
4614,Formidium Corp,2.9,(243),Financial Services,Jaipur +6 other locations
4615,TP Western Odisha Distribution,3.5,(243),Power,Sambalpur +24 other locations
4616,Hindustan Pencils,4.1,(244),FMCG,Mumbai +60 other locations
4617,Interarch Building Product,4.0,(243),Engineering & Construction,Noida +29 other locations
4618,VERITY GLOBAL SOLUTIONS,3.5,(243),Investment Banking / Venture Capital / Private Equity,Bengaluru +11 other locations
4619,Radnik Exports,4.1,(243),Fashion & Textile,Noida +7 other locations
4620,Housejoy,4.2,(242),Facility Management Services,Bengaluru +16 other locations
4621,Skylark Infra Engineering Private Limited,3.8,(242),Engineering & Construction,Gurugram +41 other locations
4622,Envestnet Asset Management,4.0,(242),Financial Services,Thiruvananthapuram +7 other locations
4623,Lentra AI,2.7,(242),Financial Services,Pune +6 other locations
4624,IndustryBuying.com,3.0,(242),Internet,New Delhi +17 other locations
4625,Jindal India Thermal Power,3.8,(242),Power,Angul +17 other locations
4626,Netenrich Technologies,3.2,(242),Software Product,Hyderabad +7 other locations
4627,CLR Facility Services,3.7,(243),Facility Management Services,Pune +43 other locations
4628,RGBSI,3.2,(243),Software Product,Bengaluru +10 other locations
4629,Kaveri Seed Company,4.0,(241),Agriculture,Hyderabad +62 other locations
4630,Vserve Ebusiness Solutions,4.2,(241),IT Services & Consulting,Coimbatore +9 other locations
4631,Pinnacle Industries,3.5,(241),Auto Components,Indore +11 other locations
4632,United Alliance Technology,4.9,(241),IT Services & Consulting,Pune +6 other locations
4633,Anand Rathi Global Finance,3.2,(241),NBFC,Mumbai +39 other locations
4634,Organic India,4.3,(241),FMCG,Lucknow +49 other locations
4635,SevenMentor,4.3,(241),Education & Training,Pune +3 other locations
4636,Kamineni Hospitals,4.1,(241),Healthcare,Hyderabad +10 other locations
4637,Narmada Bio Chem,4.9,(242),Agro Chemicals,Ahmedabad +14 other locations
4638,Kapture CX,3.3,(242),Software Product,Bengaluru +8 other locations
4639,YES SECURITIES,3.4,(241),Investment Banking / Venture Capital / Private Equity,Mumbai +41 other locations
4640,Vasta Global,3.8,(242),Clinical Research,Mumbai +8 other locations
4641,Safran Engineering Services India,3.2,(241),Aviation,Bengaluru +7 other locations
4642,SK E&C,4.4,(241),Engineering & Construction,Mumbai +36 other locations
4643,Q Way Technologies,2.9,(241),Healthcare,Chennai +3 other locations
4644,Genzeon (India) Private Limited,3.9,(241),IT Services & Consulting,Hyderabad +3 other locations
4645,Entero Healthcare Solutions,4.1,(241),Pharma,Mumbai +27 other locations
4646,VGN Projects Estates,3.8,(240),Real Estate,Chennai +8 other locations
4647,Chennai Petroleum Corporation,4.6,(240),Oil & Gas,Chennai +11 other locations
4648,ICICI Merchant Service,3.5,(240),Banking,Mumbai +55 other locations
4649,AGIO Pharmaceuticals,3.5,(241),Pharma,Pune +10 other locations
4650,Sales India,4.0,(240),Retail,Ahmedabad +76 other locations
4651,Dish Infra Services,3.1,(240),Telecom,New Delhi +83 other locations
4652,Bravura Solutions,3.6,(240),Software Product,Gurugram +3 other locations
4653,Klaus IT Solutions,3.5,(240),IT Services & Consulting,Bengaluru +5 other locations
4654,Upwork,4.3,(240),Internet,Bengaluru +31 other locations
4655,Reliance Smart Bazaar,4.0,(240),Retail,New Delhi +108 other locations
4656,VISA Steel,3.2,(240),Iron & Steel,Jajpur +16 other locations
4657,Galpha Laboratories,3.7,(241),Pharma,Baddi +28 other locations
4658,Simar Infrastructures,3.7,(240),Engineering & Construction,Panipat +48 other locations
4659,Avontix,3.4,(240),IT Services & Consulting,Hyderabad +3 other locations
4660,Finnable Technologies,4.1,(240),FinTech,Bengaluru +52 other locations
4661,PIX Transmissions,3.7,(240),Petrochemicals,Nagpur +12 other locations
4662,Avontix,3.4,(240),IT Services & Consulting,Hyderabad +3 other locations
4663,Aarti Pharmalabs,3.7,(240),Pharma,Mumbai +15 other locations
4664,Vaidik Eduservices,3.3,(240),EdTech,Noida +15 other locations
4665,Kharafi National,4.3,(239),Engineering & Construction,Chennai +18 other locations
4666,Optiemus Electronics,3.6,(239),Electronics Manufacturing,Noida +8 other locations
4667,Miraj Cinemas,3.8,(239),Media & Entertainment,Mumbai +53 other locations
4668,Live Connections,3.8,(239),Recruitment,Chennai +7 other locations
4669,Sterling Hospitals,4.0,(239),Healthcare,Ahmedabad +15 other locations
4670,Annova Solutions,3.7,(239),Pharma,Indore +11 other locations
4671,Prabhat Dairy,3.7,(239),FMCG,Mumbai +25 other locations
4672,Kuwait Oil Company,4.4,(239),Oil & Gas,Chennai +18 other locations
4673,Amara Raja Power Systems,4.3,(239),Auto Components,Tirupati +35 other locations
4674,iVenus,4.2,(240),Retail,Surat +25 other locations
4675,Deen Dayal Upadhyaya Grameen Kaushalya Yojana,3.8,(240),Government,Hyderabad +104 other locations
4676,Futurz Staffing Solutions,3.7,(239),Recruitment,Mumbai +51 other locations
4677,Caliber Technologies,3.1,(239),IT Services & Consulting,Hyderabad +12 other locations
4678,Income Tax Department India,4.3,(239),Government,New Delhi +81 other locations
4679,Arkade Group,3.9,(239),Real Estate,Mumbai +5 other locations
4680,Caliber Technologies,3.1,(239),IT Services & Consulting,Hyderabad +12 other locations
4681,Collman Services,3.8,(239),BPO,Chennai +26 other locations
4682,GlobusSoft,3.6,(238),IT Services & Consulting,Bengaluru +6 other locations
4683,Hofincons Infotech & Industrial Services,4.1,(238),Industrial Machinery,Chennai +39 other locations
4684,Manubhai Jewellers,4.7,(238),Jewellery,Mumbai +2 other locations
4685,Sanjeev Auto Parts Manufacturers,4.0,(238),Auto Components,Chhatrapati Sambhajinagar +3 other locations
4686,Texas Review,3.9,(238),Education & Training,Hyderabad +13 other locations
4687,Maruti Ispat And Pipes,3.6,(238),Iron & Steel,Hyderabad +12 other locations
4688,Karanwal Capital,4.6,(238),Investment Banking / Venture Capital / Private Equity,Mumbai +2 other locations
4689,Mfar Constructions,3.6,(239),Engineering & Construction,Bengaluru +13 other locations
4690,11:11 Systems,3.4,(239),IT Services & Consulting,Pune +3 other locations
4691,Kanpur Plastipack,3.6,(238),Packaging,Kanpur +6 other locations
4692,Covalent Laboratories,3.3,(238),Pharma,Hyderabad +7 other locations
4693,Tirupati Group,4.1,(238),Pharma,Paonta Sahib +22 other locations
4694,Model N,4.5,(238),Software Product,Hyderabad +1 other locations
4695,NKC Projects,4.0,(238),Engineering & Construction,Gurugram +27 other locations
4696,Webtel Electrosoft,3.7,(238),IT Services & Consulting,New Delhi +12 other locations
4697,Bekaert Industries,3.9,(238),Electrical Equipment,Pune +8 other locations
4698,National Petroleum Construction Company,4.4,(238),Oil & Gas,Abu Dhabi +21 other locations
4699,HAL Offshore,4.2,(238),Oil & Gas,Mumbai +28 other locations
4700,Identifyplus Delivery Services,3.1,(237),Logistics,Gurugram +86 other locations
4701,Expertrons,3.7,(237),Education & Training,Mumbai +7 other locations
4702,The Sparks Foundation,4.2,(237),Education & Training,Mumbai +20 other locations
4703,Javi Systems,3.6,(237),IT Services & Consulting,Gurugram +34 other locations
4704,Carnival Cinemas,3.6,(237),Media & Entertainment,Mumbai +60 other locations
4705,Barmalt Malting,3.9,(237),Food Processing,Gurugram +14 other locations
4706,Filatex India,3.6,(237),Fashion & Textile,Bharuch +16 other locations
4707,Fortune Park Hotels,4.0,(237),Hospitality,Ahmedabad +48 other locations
4708,Casio India Company,3.2,(237),Consumer Electronics & Appliances,New Delhi +30 other locations
4709,Pearl Global Industries,3.7,(237),Fashion & Textile,Gurugram +11 other locations
4710,Tesseract Imaging,4.0,(237),Navi Mumbai +5 other locations,N/A
4711,Smc Insurance Brokers,3.5,(237),Insurance,New Delhi +32 other locations
4712,Sami-Sabinsa Group,3.3,(237),Pharma,Bengaluru +8 other locations
4713,Kwality Pharmaceuticals,3.8,(237),Pharma,Amritsar +11 other locations
4714,Kroll,3.4,(237),Financial Services,Mumbai +7 other locations
4715,Arun Excello,3.8,(237),Engineering & Construction,Chennai +14 other locations
4716,BillDesk,3.2,(237),FinTech,Mumbai +15 other locations
4717,Galva Decoparts,3.4,(237),Chemicals,Vapi +16 other locations
4718,Star Engineers India,3.6,(237),Auto Components,Pune +16 other locations
4719,MQSYS Technologies,3.6,(237),IT Services & Consulting,Chennai +17 other locations
4720,SkillRecruit,4.4,(237),Recruitment,Hyderabad +11 other locations
4721,FEV,3.4,(237),Auto Components,Pune +7 other locations
4722,Airblack,4.0,(237),EdTech,Gurugram +6 other locations
4723,Tesseract Imaging,4.0,(237),Navi Mumbai +5 other locations,N/A
4724,Neon Laboratories,4.1,(238),Pharma,Mumbai +38 other locations
4725,BillDesk,3.2,(237),FinTech,Mumbai +15 other locations
4726,SRM Technologies Pvt.Ltd,3.4,(237),IT Services & Consulting,Chennai +11 other locations
4727,Vara United,3.7,(236),IT Services & Consulting,Hyderabad +29 other locations
4728,Indo German Tool Room,4.0,(238),Government,Chhatrapati Sambhajinagar +20 other locations
4729,National Insurance Company,4.6,(236),Insurance,Kolkata +81 other locations
4730,Nagata India,3.8,(236),Metals & Mining,Gurugram +15 other locations
4731,Pittie Group,3.0,(236),Real Estate,Mumbai +34 other locations
4732,St. John's Medical College Hospital,4.1,(236),Healthcare,Bengaluru +11 other locations
4733,The BIM Engineers,4.2,(237),Engineering & Construction,Gurugram +12 other locations
4734,Adani Airport Holdings,2.9,(236),Aviation,Ahmedabad +15 other locations
4735,Zifo RnD Solutions,3.7,(237),IT Services & Consulting,Chennai +3 other locations
4736,Ajay Industrial Corporation,3.5,(236),Industrial Machinery,New Delhi +40 other locations
4737,Placementindia.com,4.9,(237),Recruitment,New Delhi +2 other locations
4738,Corecard Software,3.8,(236),FinTech,Bhopal +8 other locations
4739,ProcMart,3.8,(236),IT Services & Consulting,Pune +20 other locations
4740,The BIM Engineers,4.2,(237),Engineering & Construction,Gurugram +12 other locations
4741,Adani Airport Holdings,2.9,(236),Aviation,Ahmedabad +15 other locations
4742,NBCC,4.0,(236),Real Estate,New Delhi +32 other locations
4743,EVIO,3.8,(238),Power,Mumbai +16 other locations
4744,Radius Global Solutions,2.8,(236),BPO,Mumbai +5 other locations
4745,Metro Brands,3.8,(237),Fashion & Textile,Mumbai +39 other locations
4746,Indiabulls Real Estate,4.4,(235),Real Estate,Mumbai +22 other locations
4747,ABEC,4.2,(235),Events,Mumbai +13 other locations
4748,Jitm Skills,3.1,(235),Education & Training,New Delhi +50 other locations
4749,Alembic,4.0,(235),Pharma,Vadodara +28 other locations
4750,The New India Assurance Co.,4.5,(235),Insurance,Mumbai +82 other locations
4751,Zeelab Pharmacy,3.5,(235),Pharma,New Delhi +32 other locations
4752,American Oncology Institute,4.1,(235),Healthcare,Hyderabad +24 other locations
4753,Bull Machines,3.8,(235),Engineering & Construction,Coimbatore +31 other locations
4754,Bread Financial,3.8,(235),FinTech,Bengaluru +5 other locations
4755,Accentuate Business Solutions,3.6,(235),IT Services & Consulting,Bengaluru +16 other locations
4756,ITI Finance,4.1,(235),Financial Services,Mumbai +101 other locations
4757,Magnasoft Consulting India,3.3,(235),IT Services & Consulting,Bengaluru +9 other locations
4758,Weikfield Foods,3.4,(235),Food Processing,Pune +46 other locations
4759,Parason Machinery,3.3,(235),Industrial Machinery,Chhatrapati Sambhajinagar +9 other locations
4760,Chai Point,3.8,(235),Internet,Bengaluru +16 other locations
4761,Allen Solly,3.9,(236),Fashion & Textile,Bengaluru +70 other locations
4762,Jakson Green,4.3,(235),Noida +37 other locations,N/A
4763,Virohan,3.9,(236),EdTech,Gurugram +17 other locations
4764,Omprime Technology Private Limited,4.1,(234),IT Services & Consulting,Gurugram +5 other locations
4765,Sears Holdings,3.0,(234),Retail,Pune +9 other locations
4766,Naprod Life Sciences,3.5,(234),Pharma,Mumbai +9 other locations
4767,Crown Solutions,3.7,(234),IT Services & Consulting,Chennai +10 other locations
4768,Marathon Realty,3.9,(234),Real Estate,Mumbai +7 other locations
4769,Ginger Hotels,3.9,(234),Hospitality,Mumbai +40 other locations
4770,Nova IVI Fertility,3.8,(234),Healthcare,Bengaluru +45 other locations
4771,Learning Links Foundation,4.1,(234),Non-Profit,New Delhi +45 other locations
4772,University of Petroleum & Energy Studies,3.8,(234),Education & Training,Dehradun +12 other locations
4773,Sanoh,4.0,(234),Auto Components,Gurugram +16 other locations
4774,Koyo Bearings India,3.9,(234),Auto Components,Rewari +7 other locations
4775,Renata Precision Components,3.4,(234),Industrial Machinery,Pune +10 other locations
4776,Spectrum Consultants,2.4,(234),Recruitment,Pune +13 other locations
4777,Bihar Foundry and Castings Limited,4.4,(234),Industrial Machinery,Ramngarh +9 other locations
4778,Indutch Composites Technology,3.7,(235),Industrial Machinery,Chennai +11 other locations
4779,QualiZeal,4.0,(234),IT Services & Consulting,Hyderabad +3 other locations
4780,Parle Elizabeth Tools,4.0,(234),Industrial Machinery,Ahmedabad +10 other locations
4781,Shalimar Corp,4.2,(234),Real Estate,Lucknow +13 other locations
4782,Jaipur National University,3.0,(234),Education & Training,Jaipur +8 other locations
4783,UPS Supply Chain Solutions,3.8,(234),Logistics,Pune +15 other locations
4784,Sedin Technologies,4.5,(236),IT Services & Consulting,Chennai +5 other locations
4785,NCL BUILDTEK,3.5,(234),Building Material,Hyderabad +37 other locations
4786,Kapston Services,3.9,(234),Recruitment,Hyderabad +33 other locations
4787,Verzeo,2.7,(233),EdTech,Bengaluru +12 other locations
4788,National Small Industries Corporation,3.9,(233),Government,New Delhi +34 other locations
4789,Arvato,3.7,(233),IT Services & Consulting,Gurugram +8 other locations
4790,HMSHost,3.8,(233),FMCG,Bengaluru +11 other locations
4791,ILS Hospitals,3.6,(233),Healthcare,Kolkata +11 other locations
4792,Shiva Pharmachem,3.8,(233),Pharma,Vadodara +11 other locations
4793,M.J Global,3.9,(233),Packaging,Noida +10 other locations
4794,Rasna,3.4,(233),Food Processing,Ahmedabad +55 other locations
4795,Infosearch BPO Services,4.1,(233),BPO,Chennai +6 other locations
4796,American Tower Corporation,3.9,(233),Telecom,Gurugram +45 other locations
4797,Box8,3.3,(233),Hospitality,Mumbai +20 other locations
4798,Chandan Steel,3.4,(233),Metals & Mining,Umbergaon +17 other locations
4799,Eversana,3.2,(234),Software Product,Pune +11 other locations
4800,Dhandhania Infotech,3.3,(233),IT Services & Consulting,Nagpur +4 other locations
4801,Regalo Kitchens,3.6,(233),Architecture & Interior Design,New Delhi +11 other locations
4802,WPIL,3.4,(233),Building Material,Kolkata +32 other locations
4803,La Renon Healthcare,4.2,(234),Pharma,Ahmedabad +47 other locations
4804,bebo Technologies,3.4,(233),IT Services & Consulting,Chandigarh +8 other locations
4805,SLAP,3.8,(233),Management Consulting,Anantapur +15 other locations
4806,Pharmaceutical job,4.2,(233),Pharma,Mumbai +65 other locations
4807,Akkodis,3.2,(233),IT Services & Consulting,Bengaluru +10 other locations
4808,Shaw Toyota,4.9,(239),Automobile,Pune +3 other locations
4809,Autometers Alliance,4.4,(232),Electronics Manufacturing,Noida +16 other locations
4810,Kobelco Construction Equipment India,4.3,(232),Industrial Machinery,Chennai +34 other locations
4811,Ammann Apollo,4.1,(232),Industrial Machinery,Ahmedabad +18 other locations
4812,Evonith Value Steels,4.2,(232),Iron & Steel,Wardha +11 other locations
4813,NIELIT,4.0,(232),Education & Training,New Delhi +55 other locations
4814,Agiliad,3.3,(232),Engineering & Construction,Pune +5 other locations
4815,Asian Institute of Medical Sciences,3.9,(232),Faridabad +12 other locations,N/A
4816,EY-Parthenon,2.9,(232),Gurugram +13 other locations,N/A
4817,RineX,3.9,(234),Bengaluru +16 other locations,N/A
4818,Oasis Partners Asia,3.9,(233),Recruitment,Mumbai +90 other locations
4819,Atibir Industries,3.2,(232),Iron & Steel,Giridih +15 other locations
4820,Oasis Partners Asia,3.9,(233),Recruitment,Mumbai +90 other locations
4821,Med Manor Organics,3.7,(232),Pharma,Hyderabad +42 other locations
4822,DAZN,2.6,(232),Media & Entertainment,Hyderabad +5 other locations
4823,S Chand Group,4.0,(232),Printing & Publishing,New Delhi +33 other locations
4824,BoAt,4.3,(232),Consumer Electronics & Appliances,Mumbai +15 other locations
4825,Tide - Business Management Platform,3.6,(233),FinTech,Hyderabad +13 other locations
4826,OASYS Cybernetics,3.2,(232),IT Services & Consulting,Chennai +29 other locations
4827,Nordex India,3.9,(232),Internet,Chennai +16 other locations
4828,Innoval Digital Solutions,4.7,(232),Software Product,Thiruvananthapuram +6 other locations
4829,Linfox Logistics,4.1,(231),Urban Transport,Chennai +33 other locations
4830,IVTL Infoview Technologies,3.6,(231),IT Services & Consulting,Chennai +4 other locations
4831,Focus Energy,3.5,(231),Oil & Gas,Jaisalmer +13 other locations
4832,IMSI,3.1,(231),Recruitment,Mumbai +40 other locations
4833,Prompt Personnel,3.8,(231),Recruitment,Mumbai +32 other locations
4834,JAY JAY MILLS,4.1,(231),Fashion & Textile,Erode +14 other locations
4835,CP Plus,3.9,(231),Law Enforcement & Security,Tirupati +30 other locations
4836,Xchanging,4.1,(231),IT Services & Consulting,Bengaluru +10 other locations
4837,Sarda Energy & Minerals,4.0,(231),Iron & Steel,Raipur +11 other locations
4838,Azim Premji Foundation,3.8,(231),Non-Profit,Bengaluru +49 other locations
4839,Arkray Healthcare,3.5,(231),Healthcare,Surat +34 other locations
4840,Xchanging,4.1,(231),IT Services & Consulting,Bengaluru +10 other locations
4841,Godrej Capital,3.5,(233),Financial Services,Mumbai +34 other locations
4842,Sarda Energy & Minerals,4.0,(231),Iron & Steel,Raipur +11 other locations
4843,SMS Pharmaceuticals,3.2,(231),Pharma,Hyderabad +5 other locations
4844,Arkray Healthcare,3.5,(231),Healthcare,Surat +34 other locations
4845,Intuit,3.3,(232),IT Services & Consulting,Bengaluru +13 other locations
4846,Azim Premji Foundation,3.8,(231),Non-Profit,Bengaluru +49 other locations
4847,Qi Spine Clinic,3.3,(231),Healthcare,Mumbai +13 other locations
4848,MUNDRA SOLAR TECHNOPARK,3.7,(230),Industrial Machinery,Mundra +23 other locations
4849,Save the Children,4.4,(230),Non-Profit,Gurugram +40 other locations
4850,ADARSH DEVELOPERS,4.3,(230),Real Estate,Bengaluru +5 other locations
4851,Q3 Technologies,3.4,(232),IT Services & Consulting,Gurugram +10 other locations
4852,TravelTriangle,3.4,(230),Internet,Gurugram +7 other locations
4853,RSH Global,4.2,(231),FMCG,Kolkata +52 other locations
4854,Scc Infrastructure,3.9,(230),Engineering & Construction,Ahmedabad +35 other locations
4855,Bombay Rayon Fashions,3.3,(230),Fashion & Textile,Mumbai +20 other locations
4856,Rajasthan Patrika,3.3,(230),Broadcasting,Jaipur +42 other locations
4857,Geetanjali Medical College and Hospital,4.0,(230),Healthcare,Udaipur +22 other locations
4858,Shorthills AI,3.7,(231),Emerging Technologies,Gurugram +4 other locations
4859,MASAI School,4.3,(230),EdTech,Bengaluru +7 other locations
4860,Q3 Technologies,3.4,(232),IT Services & Consulting,Gurugram +10 other locations
4861,Rajasthan Patrika,3.3,(230),Broadcasting,Jaipur +42 other locations
4862,AT&S,3.6,(230),Semiconductors,Mysuru +29 other locations
4863,Harita Techserv,3.4,(230),Recruitment,Bengaluru +11 other locations
4864,Greenway Health,2.9,(230),IT Services & Consulting,Bengaluru +3 other locations
4865,Z1 Tech,4.1,(230),Internet,Gurugram +3 other locations
4866,TravelTriangle,3.4,(230),Internet,Gurugram +7 other locations
4867,RSH Global,4.2,(231),FMCG,Kolkata +52 other locations
4868,Grb Dairy Foods,3.5,(231),Food Processing,Hosur +32 other locations
4869,VRC Constructions India,3.8,(230),Engineering & Construction,New Delhi +40 other locations
4870,"Sanjay Ghodawat International School, Kolhapur",3.6,(230),Education & Training,Kolhapur +13 other locations
4871,20Cube Logistics,3.8,(231),Logistics,Chennai +30 other locations
4872,iD Fresh Food,4.1,(229),FMCG,Bengaluru +32 other locations
4873,BPL Medical Technologies,3.4,(230),Medical Equipment,Bengaluru +31 other locations
4874,Advantum Health,2.8,(229),Healthcare,Hyderabad +4 other locations
4875,Broker Network,2.4,(229),Internet,Mumbai +18 other locations
4876,CPM International,3.9,(229),Recruitment,New Delhi +50 other locations
4877,Infoesearch Ites,3.2,(229),Media & Entertainment,Hyderabad +8 other locations
4878,Paradise Food Court,3.7,(229),Hospitality,Hyderabad +14 other locations
4879,Albert David,3.5,(230),Pharma,Kolkata +41 other locations
4880,Andhra Paper,3.6,(229),Pulp & Paper,Rajamahendravaram +15 other locations
4881,Excelra Knowledge Solutions,3.5,(229),Analytics & KPO,Hyderabad +7 other locations
4882,Sugam Parivahan,4.2,(229),Logistics,Noida +46 other locations
4883,Tecnotree Convergence,3.1,(229),IT Services & Consulting,Bengaluru +3 other locations
4884,Sneha Farms,4.1,(229),Agriculture,Hyderabad +22 other locations
4885,Umedica Laboratories,3.6,(229),Pharma,Vapi +11 other locations
4886,AGILE AIRPORT SERVICES,3.9,(229),Aviation,New Delhi +36 other locations
4887,VHS Consulting,3.8,(229),IT Services & Consulting,Bengaluru +12 other locations
4888,SUGAR Cosmetics,3.8,(229),Internet,Mumbai +50 other locations
4889,Trivitron Healthcare,3.3,(229),Medical Equipment,Chennai +17 other locations
4890,Skechers,4.1,(229),Retail,Mumbai +56 other locations
4891,Fresher Than Fresh,4.0,(229),Retail,Hyderabad +43 other locations
4892,Impressico Business Solutions,4.5,(229),IT Services & Consulting,Noida +9 other locations
4893,PIT Solutions,3.8,(229),IT Services & Consulting,Thiruvananthapuram +4 other locations
4894,Radio Mirchi,3.4,(229),Broadcasting,Mumbai +46 other locations
4895,Balasore Alloys,3.0,(229),Metals & Mining,Balasore +15 other locations
4896,Scania,3.6,(228),Auto Components,Bengaluru +21 other locations
4897,Essae Digitronics,4.1,(228),Electronics Manufacturing,Bengaluru +36 other locations
4898,Red Bull,4.0,(228),Beverage,Mumbai +50 other locations
4899,WEG,4.1,(228),Electronics Manufacturing,Hosur +8 other locations
4900,WEG,4.1,(228),Electronics Manufacturing,Hosur +8 other locations
4901,Uniinfo Telecom Services,3.6,(228),Telecom,Indore +33 other locations
4902,Impact Analytics,4.0,(230),IT Services & Consulting,Bengaluru +4 other locations
4903,Zones Corporate Solutions,3.1,(228),IT Services & Consulting,Bengaluru +7 other locations
4904,Aachi Foods,4.1,(228),FMCG,Chennai +32 other locations
4905,Flash Viven Machining Technologies,3.6,(228),Auto Components,Pune +2 other locations
4906,Programmers.io,4.0,(228),IT Services & Consulting,Jaipur +3 other locations
4907,Sewa Grih Rin,3.4,(228),NBFC,New Delhi +57 other locations
4908,Lubi Industries Llp,4.1,(228),Industrial Machinery,Ahmedabad +36 other locations
4909,Touchstone Educationals,3.3,(228),Education & Training,Chandigarh +29 other locations
4910,BluSmart,3.9,(228),Urban Transport,Gurugram +11 other locations
4911,LUX Industries,3.5,(229),Fashion & Textile,Kolkata +29 other locations
4912,Copart,3.0,(228),Automobile,Hyderabad +5 other locations
4913,Selectsys,3.6,(228),Software Product,Hyderabad +2 other locations
4914,SunMax Auto Engineering,3.5,(229),Auto Components,Gurugram +12 other locations
4915,Link Group,3.7,(228),Financial Services,Mumbai +9 other locations
4916,Nineleaps Technology Solutions,4.2,(228),IT Services & Consulting,Bengaluru +4 other locations
4917,Six Phrase,3.7,(228),Coimbatore +14 other locations,N/A
4918,Reecomps Teleservices,3.8,(227),Telecom,Mumbai +49 other locations
4919,Reliance Home Finance,4.5,(227),NBFC,Mumbai +44 other locations
4920,Stratosphere IT Services,3.0,(227),Recruitment,Hyderabad +18 other locations
4921,Reliance Home Finance,4.5,(227),NBFC,Mumbai +44 other locations
4922,Sonovision-Aetos,3.5,(227),IT Services & Consulting,Bengaluru +3 other locations
4923,Freedom Employability Academy,4.2,(227),Education & Training,New Delhi +48 other locations
4924,Orange Mantra,3.6,(227),IT Services & Consulting,Gurugram +7 other locations
4925,Victora Industries,3.8,(227),Auto Components,Faridabad +12 other locations
4926,Lifelong India,3.9,(227),Petrochemicals,Gurugram +8 other locations
4927,Veltris,3.6,(227),IT Services & Consulting,Hyderabad +6 other locations
4928,Brij Gopal Construction Company,3.9,(227),Engineering & Construction,New Delhi +34 other locations
4929,Rustomjee Group,4.0,(227),Real Estate,Mumbai +5 other locations
4930,Cyrix Health Care,4.4,(228),Medical Equipment,Lucknow +38 other locations
4931,Shankaranarayana Constructions,3.9,(227),Engineering & Construction,Bengaluru +19 other locations
4932,Mantri Developers,3.3,(227),Real Estate,Bengaluru +6 other locations
4933,Neolite Zkw Lightings,3.9,(227),Auto Components,Bahadurgarh +11 other locations
4934,APM Terminals,4.3,(227),Ports & Shipping,Mumbai +25 other locations
4935,Linc,3.5,(227),FMCG,Kolkata +32 other locations
4936,Premier Indoplast,4.0,(228),Faridabad +19 other locations,N/A
4937,Little Millennium,3.8,(227),EdTech,Pune +44 other locations
4938,Pontika Aerotech,3.7,(227),Pharma,Paonta Sahib +9 other locations
4939,Kalyani Maxion Wheels,4.1,(227),Auto Components,Pune +5 other locations
4940,Pure & Cure Healthcare,4.0,(227),Pharma,Haridwar +11 other locations
4941,KNR Constructions,4.1,(227),Engineering & Construction,Hyderabad +41 other locations
4942,Codeyoung,3.7,(227),Bengaluru +6 other locations,N/A
4943,Agrim,3.5,(227),Agriculture,Gurugram +13 other locations
4944,Cube Highways,4.3,(226),Engineering & Construction,Noida +50 other locations
4945,GLA University,3.5,(227),Education & Training,Mathura +12 other locations
4946,Groupe SEB,3.5,(227),Consumer Electronics & Appliances,New Delhi +41 other locations
4947,Finorchem Limited,3.7,(227),Petrochemicals,Ankleshwar +7 other locations
4948,Reliance Money,4.3,(226),Financial Services,Mumbai +52 other locations
4949,Coffee Day,3.1,(226),Hospitality,Bengaluru +32 other locations
4950,TRF,3.5,(226),Auto Components,Jamshedpur +18 other locations
4951,Zydus Hospira Oncology,4.2,(226),Pharma,Ahmedabad +6 other locations
4952,Centaur Billing,3.8,(226),BPO,Chennai +1 other locations
4953,Gem Engserv,4.0,(226),Engineering & Construction,Mumbai +21 other locations
4954,Travelex,3.2,(226),Financial Services,Mumbai +9 other locations
4955,Matrix ComSec,3.6,(226),Law Enforcement & Security,Vadodara +12 other locations
4956,The Indian Express,3.9,(226),Printing & Publishing,Noida +29 other locations
4957,Jaypee Hotels,3.9,(226),Hospitality,New Delhi +14 other locations
4958,LinkedIn,4.0,(226),Internet,Bengaluru +8 other locations
4959,AABSyS IT,3.3,(226),IT Services & Consulting,Bhubaneswar +7 other locations
4960,Sears IT & Management Services India,3.1,(226),IT Services & Consulting,Pune +3 other locations
4961,JPM Group,3.9,(226),Industrial Machinery,Gurugram +21 other locations
4962,Echs Polyclinic,4.2,(226),Healthcare,New Delhi +108 other locations
4963,Matter Motor Works,3.2,(226),Automobile,Ahmedabad +5 other locations
4964,Verifone,3.1,(225),FinTech,Bengaluru +6 other locations
4965,Promea Therapeutics,4.1,(225),Medical Equipment,Hyderabad +7 other locations
4966,DelaPlex Software,4.2,(225),IT Services & Consulting,Nagpur +6 other locations
4967,Pearl Precision Products,3.8,(225),Building Material,Noida +35 other locations
4968,Olympus,3.7,(225),Medical Equipment,Gurugram +19 other locations
4969,Shri Mahavir Ferro Alloys,3.4,(225),Iron & Steel,Rourkela +8 other locations
4970,Sankey Solutions,3.8,(225),IT Services & Consulting,Mumbai +6 other locations
4971,Ceragon Networks,3.8,(225),Telecom,New Delhi +30 other locations
4972,Maral Overseas,3.7,(225),Fashion & Textile,Noida +13 other locations
4973,Charak Pharma,3.6,(225),Healthcare,Mumbai +41 other locations
4974,FarEye,3.2,(225),IT Services & Consulting,Noida +6 other locations
4975,Veolia,4.0,(225),Waste Management,Bengaluru +43 other locations
4976,Om Innovation Call Services,3.6,(225),BPO,New Delhi +12 other locations
4977,Elevate Services,3.1,(225),Software Product,Gurugram +6 other locations
4978,SRR Projects,4.0,(225),Engineering & Construction,Hyderabad +25 other locations
4979,ExpertCallers,3.5,(225),BPO,Bengaluru +8 other locations
4980,Shri Mahavir Ferro Alloys,3.4,(225),Iron & Steel,Rourkela +8 other locations
4981,Sankey Solutions,3.8,(225),IT Services & Consulting,Mumbai +6 other locations
4982,Om Innovation Call Services,3.6,(225),BPO,New Delhi +12 other locations
4983,Elevate Services,3.1,(225),Software Product,Gurugram +6 other locations
4984,Charak Pharma,3.6,(225),Healthcare,Mumbai +41 other locations
4985,INFOSEC VENTURES,3.2,(224),IT Services & Consulting,Gurugram +3 other locations
4986,HEG,3.8,(224),Semiconductors,Bhopal +11 other locations
4987,Ivy Hospital,3.6,(224),Healthcare,Chandigarh +13 other locations
4988,Army Ordnance Corps,4.8,(224),Defence & Aerospace,New Delhi +60 other locations
4989,Verifacts Services,3.3,(224),Recruitment,Bengaluru +10 other locations
4990,AbbVie Inc.,3.6,(224),Pharma,Bengaluru +31 other locations
4991,Gold's Gym,4.0,(224),Fitness & Wellness,Mumbai +50 other locations
4992,Fragomen Immigration Services,3.4,(224),Travel & Tourism,Kochi +13 other locations
4993,D'Decor Home Fabrics,4.1,(225),Fashion & Textile,Mumbai +19 other locations
4994,Flexituff Ventures International,3.4,(224),Packaging,Indore +16 other locations
4995,Mvs Acmei Technologies,3.9,(224),Industrial Machinery,Hyderabad +37 other locations
4996,Augtech Nextwealth,3.8,(224),IT Services & Consulting,Bhilai Nagar +3 other locations
4997,RegisterKaro,3.5,(224),Internet,Gurugram +6 other locations
4998,Algoworks,3.1,(224),IT Services & Consulting,Noida +5 other locations
4999,Steelman Telecom,3.8,(225),Telecom,Kolkata +50 other locations
5000,Texas Instruments,3.8,(224),Semiconductors,Bengaluru +10 other locations
5001,Bo International,4.1,(224),Beauty & Personal Care,New Delhi +5 other locations
5002,Teerthanker Mahaveer University,3.3,(224),Education & Training,Moradabad +12 other locations
5003,S&IB Services,3.9,(224),Facility Management Services,Kolkata +38 other locations
5004,Pattern Technologies,4.3,(224),Software Product,Pune +2 other locations
5005,Schott Poonawalla,3.6,(226),Packaging,Vadodara +13 other locations
5006,Patton International,3.7,(223),Iron & Steel,Kolkata +4 other locations
5007,MT Educare,2.7,(223),EdTech,Mumbai +25 other locations
5008,Informatica Business Solutions,3.8,(223),Software Product,Bengaluru +3 other locations
5009,Sun Vacuum Formers,3.9,(223),Auto Components,Gurugram +9 other locations
5010,Biotique,3.1,(224),Beauty & Personal Care,Noida +35 other locations
5011,Ga Digital Web Word,3.6,(223),IT Services & Consulting,New Delhi +48 other locations
5012,Kriti Industries,3.6,(223),Building Material,Indore +37 other locations
5013,CompuGroup Medical,3.3,(223),Software Product,Noida +6 other locations
5014,Google Pay,3.7,(223),FinTech,Bengaluru +79 other locations
5015,Flex Technologies,4.0,(223),Chennai +10 other locations,N/A
5016,Ritz-Carlton,4.1,(223),Hospitality,Bengaluru +16 other locations
5017,Megafine Pharma,3.9,(223),Pharma,Nashik +11 other locations
5018,PrepLadder,2.7,(223),EdTech,Chandigarh +16 other locations
5019,King George's Medical University,4.2,(223),Education & Training,Lucknow +13 other locations
5020,Steril Gene Life Sciences,3.8,(223),Pharma,Puducherry +10 other locations
5021,Archwell Operations,3.4,(223),IT Services & Consulting,Bengaluru +7 other locations
5022,Beumer Group,4.0,(223),Industrial Machinery,Gurugram +20 other locations
5023,Kserve Bpo,4.5,(223),BPO,Mumbai +5 other locations
5024,Ritu Kumar,4.0,(224),Fashion & Textile,Gurugram +37 other locations
5025,Successive Technologies,3.9,(223),IT Services & Consulting,Noida +5 other locations
5026,Moreish Food,3.5,(223),Food Processing,Kolkata +26 other locations
5027,Religare Finvest,4.4,(222),Financial Services,New Delhi +34 other locations
5028,United India Insurance Company,4.4,(222),Insurance,Chennai +82 other locations
5029,VisionTek,3.6,(222),Telecom,Hyderabad +29 other locations
5030,Nuance Communications,4.1,(223),Software Product,Pune +14 other locations
5031,IPCS GLOBAL SOLUTIONS PVT LTD,4.4,(222),Education & Training,Kochi +27 other locations
5032,Forest Essentials,4.0,(222),Retail,New Delhi +43 other locations
5033,Valenta AI Private Limited,4.2,(222),Emerging Technologies,Bengaluru +12 other locations
5034,Ishan Technologies,3.7,(222),Internet,Ahmedabad +36 other locations
5035,Excellon Software,4.3,(221),Software Product,Pune +4 other locations
5036,Knest Manufacturers,3.4,(222),Metals & Mining,Pune +13 other locations
5037,Petrofac Engineering India,4.6,(222),Petrochemicals,Mumbai +12 other locations
5038,SGB By BrandSafway,3.9,(222),Engineering & Construction,Hyderabad +32 other locations
5039,Techahead Software,3.9,(222),IT Services & Consulting,Noida +7 other locations
5040,Vensa Infrastructure,4.3,(222),Real Estate,Hyderabad +24 other locations
5041,Fortis Memorial Research Institute,4.0,(222),Clinical Research,Gurugram +8 other locations
5042,SEO Discovery,4.9,(222),Financial Services,Sahibzada Ajit Singh Nagar +6 other locations
5043,La-Gajjar Machineries,4.3,(222),Electronics Manufacturing,Ahmedabad +31 other locations
5044,STMicroelectronics,4.0,(222),Semiconductors,Noida +7 other locations
5045,Cross Country Infotech,4.0,(222),IT Services & Consulting,Pune
5046,Marquardt,3.7,(222),Auto Components,Pune +6 other locations
5047,Essel Group,4.2,(222),Media & Entertainment,Mumbai +39 other locations
5048,MaRS Planning & Engineering Services,3.8,(222),Engineering & Construction,Ahmedabad +65 other locations
5049,ZeMoSo Technologies,3.1,(222),IT Services & Consulting,Hyderabad +6 other locations
5050,SAVA Healthcare,3.8,(222),Pharma,Pune +19 other locations
5051,Nielsen Sports,3.8,(222),Sports & Recreation,Bengaluru +6 other locations
5052,Garware Hi-Tech Films,4.0,(222),Packaging,Chhatrapati Sambhajinagar +9 other locations
5053,Svatantra Micro Housing Finance Corporation Limited,3.9,(222),Financial Services,Mumbai +58 other locations
5054,Alp Consulting,3.6,(221),Recruitment,Bengaluru +20 other locations
5055,Innoplexus,4.0,(221),IT Services & Consulting,Pune +1 other locations
5056,Vcare Call Center,3.6,(221),BPO,Noida +10 other locations
5057,Wave Infratech,3.9,(221),Real Estate,Noida +8 other locations
5058,Hicare Services,3.9,(221),Facility Management Services,Mumbai +24 other locations
5059,EFKON INDIA,3.8,(221),IT Services & Consulting,Gurugram +23 other locations
5060,Rajan Technocast,4.7,(222),Industrial Machinery,Rajkot +18 other locations
5061,Merkle,3.4,(221),Mumbai +12 other locations,N/A
5062,Consilio,3.6,(221),Legal,Bengaluru +7 other locations
5063,Sterling and Wilson Renewable Energy,4.2,(221),Power,New Delhi +33 other locations
5064,Lauren Information Technologies,3.5,(221),IT Services & Consulting,Mumbai +19 other locations
5065,Airtel Africa,3.1,(221),Telecom,Gurugram +9 other locations
5066,Matix Fertilisers & Chemicals,3.7,(221),Agro Chemicals,Durgapur +15 other locations
5067,Dunnhumby,3.7,(221),Analytics & KPO,Gurugram +5 other locations
5068,Montra Electric,3.7,(221),Automobile,Chennai +29 other locations
5069,ICPA Health Products,3.1,(221),Healthcare,Mumbai +37 other locations
5070,Ncc Urban Infrastructure,4.2,(221),Engineering & Construction,Hyderabad +24 other locations
5071,State Street Global Advisors,3.7,(221),Bengaluru +5 other locations,N/A
5072,Ecolab,3.5,(221),Waste Management,Pune +14 other locations
5073,B4S Solutions,4.0,(221),Law Enforcement & Security,Pune +49 other locations
5074,Preethi Kitchen Appliances,3.9,(221),Electronics Manufacturing,Chennai +48 other locations
5075,Nahars Engineering India,3.2,(221),Auto Components,Bengaluru +10 other locations
5076,Busy Infotech,4.0,(221),Software Product,New Delhi +29 other locations
5077,Colourtex,3.8,(221),Chemicals,Surat +15 other locations
5078,Lapiz Digital Services,2.7,(221),BPO,Chennai +4 other locations
5079,Mining Engineering Services,3.6,(221),Metals & Mining,Vadodara +17 other locations
5080,Rolta India,3.3,(221),IT Services & Consulting,Mumbai +12 other locations
5081,Bajel Projects,4.2,(221),Engineering & Construction,Mumbai +50 other locations
5082,Chaitanya Projects Consultancy,4.0,(221),Financial Services,Noida +55 other locations
5083,Aziro,3.6,(222),IT Services & Consulting,Chennai +4 other locations
5084,Relevantz Technology Services,3.6,(221),IT Services & Consulting,Chennai +6 other locations
5085,MKCL,3.6,(220),Education & Training,Pune +28 other locations
5086,Sutlej Textiles and Industries,3.8,(220),Fashion & Textile,Mumbai +19 other locations
5087,Resonance Eduventures,3.7,(220),EdTech,Kota +40 other locations
5088,Nuberg Engineering,3.7,(220),Industrial Machinery,Noida +15 other locations
5089,Ramky Group,4.3,(220),Engineering & Construction,Hyderabad +34 other locations
5090,MINISO,3.7,(220),Retail,New Delhi +44 other locations
5091,Blue Cross Laboratories,3.7,(220),Pharma,Mumbai +56 other locations
5092,Furlenco,3.3,(220),Internet,Bengaluru +16 other locations
5093,Bank Muscat,4.2,(220),Banking,Mumbai +74 other locations
5094,Mayur Uniquoters,3.9,(220),Leather,Jaipur +12 other locations
5095,Pha India,4.0,(220),Auto Components,Chennai +13 other locations
5096,Hyva,3.7,(220),Urban Transport,Pune +14 other locations
5097,Experion Developers,4.8,(220),Real Estate,Gurugram +9 other locations
5098,Rubamin,4.0,(220),Pharma,Vadodara +7 other locations
5099,ABCD,4.0,(220),Education & Training,Bengaluru +35 other locations
5100,Taggd,3.3,(220),Recruitment,Gurugram +17 other locations
5101,BeatO,3.3,(220),Fitness & Wellness,New Delhi +7 other locations
5102,The Mission Hospital,3.9,(220),Healthcare,Durgapur +24 other locations
5103,Marine Electricals,3.6,(220),Industrial Automation,Mumbai +20 other locations
5104,Jagsonpal Pharmaceuticals,3.6,(220),Pharma,New Delhi +49 other locations
5105,Scyo Decision Services,4.5,(220),Analytics & KPO,Chennai +3 other locations
5106,Ganit Inc,3.8,(220),IT Services & Consulting,Chennai +7 other locations
5107,BMW Industries,3.4,(220),Iron & Steel,Kolkata +17 other locations
5108,Purnartha Investment Advisors,4.1,(220),Financial Services,Pune +16 other locations
5109,Coastal Marine Construction & Engineering,4.2,(220),Engineering & Construction,Mumbai +23 other locations
5110,Hinduja Group,3.8,(220),Automobile,Chennai +55 other locations
5111,Bazar India,3.7,(219),Retail,Gurugram +56 other locations
5112,Mehin,3.9,(219),Software Product,Mumbai +69 other locations
5113,Yaantra,3.5,(219),Internet,New Delhi +25 other locations
5114,InMobi,3.1,(219),Marketing & Advertising,Bengaluru +10 other locations
5115,Helmerich & Payne,3.8,(219),Oil & Gas,Bengaluru +15 other locations
5116,Blazeclan Technologies,3.7,(219),IT Services & Consulting,Pune +8 other locations
5117,Zinnov Management Consulting,3.3,(219),Management Consulting,Bengaluru +13 other locations
5118,OPG Mobility,3.1,(219),Automobile,New Delhi +32 other locations
5119,Aia Engineering,4.1,(219),Industrial Machinery,Ahmedabad +5 other locations
5120,Man Industries,3.5,(219),Iron & Steel,Mumbai +15 other locations
5121,Chrysalis High,4.0,(219),Bengaluru +2 other locations,N/A
5122,Savita Oil Technologies,4.2,(219),Oil & Gas,Mumbai +29 other locations
5123,RAXA,4.3,(219),Law Enforcement & Security,New Delhi +25 other locations
5124,SIAC SKH India Cabs Manufacturing,3.8,(220),Industrial Machinery,Faridabad +9 other locations
5125,Unthinkable Solutions,2.6,(219),IT Services & Consulting,Gurugram +3 other locations
5126,Arihant Publications,3.6,(219),Printing & Publishing,New Delhi +22 other locations
5127,SrinSoft Technologies,3.8,(219),IT Services & Consulting,Chennai +5 other locations
5128,ExcelSoft Technologies,3.5,(219),IT Services & Consulting,Mysuru +4 other locations
5129,Meditab Software,3.3,(219),Software Product,Ahmedabad +2 other locations
5130,HTL,3.6,(219),Telecom,Chennai +10 other locations
5131,Moople Academy,4.2,(219),Education & Training,Kolkata +11 other locations
5132,Garden Silk Mills,3.6,(219),Fashion & Textile,Surat +11 other locations
5133,Uni Cards,3.8,(219),FinTech,Bengaluru +8 other locations
5134,John Crane Sealing Systems India,3.4,(219),Industrial Machinery,Bengaluru +6 other locations
5135,XenonStack,3.2,(218),Emerging Technologies,Sahibzada Ajit Singh Nagar +9 other locations
5136,Globus Stores,3.7,(218),Retail,Mumbai +33 other locations
5137,Droom,3.2,(218),Internet,Gurugram +2 other locations
5138,Centillion Solutions and Services,3.9,(218),IT Services & Consulting,Bengaluru +73 other locations
5139,Ibis,4.3,(218),Hospitality,Mumbai +25 other locations
5140,Pothys,4.1,(218),Fashion & Textile,Chennai +17 other locations
5141,Raheja Developers,2.7,(220),Real Estate,Gurugram +6 other locations
5142,Optimus Drugs,4.0,(218),Pharma,Hyderabad +6 other locations
5143,Marsh,4.1,(218),Insurance,Mumbai +10 other locations
5144,Xplore-Tech Services,3.2,(218),BPO,Kolkata +14 other locations
5145,i-exceed technology solutions,2.8,(218),FinTech,Bengaluru +6 other locations
5146,TLC DigiTech Private Limited,3.2,(218),Hospitality,New Delhi +22 other locations
5147,Bondada Engineering,3.7,(218),Engineering & Construction,Hyderabad +42 other locations
5148,Absolute Barbecues,4.0,(218),Hospitality,Hyderabad +22 other locations
5149,KPR Mill,3.9,(218),Fashion & Textile,Coimbatore +22 other locations
5150,Milk Mantra Dairy,3.7,(218),Food Processing,Bhubaneswar +25 other locations
5151,PEARCE SERVICES,3.4,(218),Telecom,Sahibzada Ajit Singh Nagar +13 other locations
5152,Neogen Chemicals,3.9,(218),Chemicals,Bharuch +8 other locations
5153,Anand CY Myutec Automotive,3.6,(218),Auto Components,Gurugram +11 other locations
5154,Orchid Chemicals & Pharmaceuticals,4.1,(218),Pharma,Chennai +21 other locations
5155,Information Services Group,3.7,(218),IT Services & Consulting,Bengaluru +9 other locations
5156,Government Medical College,4.0,(218),Education & Training,Srinagar +66 other locations
5157,Bosch Power Tools,4.3,(218),Industrial Machinery,Chennai +39 other locations
5158,Teachers Insurance and Annuity Association of America,3.8,(218),Financial Services,Pune +4 other locations
5159,Laxmi-Agni Components and Forging,4.1,(217),Industrial Machinery,Chhatrapati Sambhajinagar +8 other locations
5160,ONLEI Technologies,4.9,(217),Noida +22 other locations,N/A
5161,NOVO Medisciences,3.2,(217),Pharma,Mumbai +32 other locations
5162,Jyoti Structures,4.1,(217),Power,Mumbai +43 other locations
5163,Tata Housing Development Company,4.3,(217),Real Estate,Mumbai +24 other locations
5164,Mitsui O.S.K. Lines,4.0,(217),Ports & Shipping,Mumbai +16 other locations
5165,Hippo Homes,3.4,(217),Retail,New Delhi +15 other locations
5166,TATA MEDICAL CENTER,3.8,(217),Healthcare,Kolkata +6 other locations
5167,City Montessori School,3.5,(217),Education & Training,Lucknow +8 other locations
5168,Amrita Vishwa Vidyapeetham,3.7,(217),Education & Training,Coimbatore +19 other locations
5169,SPRAY ENGINEERING DEVICES,4.2,(217),Industrial Machinery,Sahibzada Ajit Singh Nagar +12 other locations
5170,Navitas Life Sciences,3.6,(217),Clinical Research,Chennai +7 other locations
5171,MyCaptain by Imarticus Learning,3.6,(217),EdTech,Bengaluru +9 other locations
5172,VISTRA INTERNATIONAL EXPANSION,3.4,(217),Other,Mumbai +6 other locations
5173,MEDICO Healthcare Services & Technologies,3.1,(218),Healthcare,Hyderabad +11 other locations
5174,TP Southern Odisha Distribution,3.5,(217),Berhampur +23 other locations,N/A
5175,Chiripal Poly Films,3.9,(217),Packaging,Ahmedabad +11 other locations
5176,Root Industries,4.1,(217),Auto Components,Coimbatore +17 other locations
5177,Walter Bushnell,3.1,(217),Pharma,Gurugram +51 other locations
5178,Ts Tech Sun India,4.1,(217),Automobile,Neemrana +12 other locations
5179,ARB Bearings,3.6,(217),Auto Components,New Delhi +19 other locations
5180,Akbar Travels,3.4,(218),Travel & Tourism,Mumbai +33 other locations
5181,Reserve Bank Information Technology,3.3,(217),IT Services & Consulting,Mumbai +7 other locations
5182,Prithvi Innerwears Private Limited,4.8,(216),Fashion & Textile,Tiruppur +23 other locations
5183,KFA Consultant,1.3,(216),Dubai +2 other locations,N/A
5184,Shangri-la Hotels & Resorts,4.2,(216),Hospitality,New Delhi +22 other locations
5185,South Eastern Coalfields,4.2,(216),Metals & Mining,Bilaspur +30 other locations
5186,Kinetic Green Energy And Power Solutions,3.0,(216),Power,Pune +29 other locations
5187,SAMCO Securities,3.9,(216),Financial Services,Mumbai +12 other locations
5188,Galaxy Weblinks,3.9,(216),IT Services & Consulting,Indore +8 other locations
5189,Prakash Industries,3.8,(217),Metals & Mining,Champa +40 other locations
5190,ATS Homekraft,4.1,(216),Real Estate,Noida +7 other locations
5191,Kanoria Chemicals & Industries,3.8,(216),Chemicals,Ankleshwar +17 other locations
5192,Born Group,3.6,(216),Marketing & Advertising,Chennai +10 other locations
5193,Flair Writing Instruments,3.5,(216),Other,Mumbai +53 other locations
5194,Tumbledry Solutions,4.3,(235),Other,Noida +25 other locations
5195,Indo Nissin Foods,4.0,(216),Food Processing,Bengaluru +42 other locations
5196,Toshiba Water Solutions,3.8,(216),Waste Management,Gurugram +20 other locations
5197,Biostadt,4.2,(216),Mumbai +58 other locations,N/A
5198,Connectwell Industries,3.7,(216),Electronics Manufacturing,Mumbai +13 other locations
5199,Cotecna Inspection India,3.6,(216),Analytics & KPO,Mumbai +35 other locations
5200,Verticurl,3.1,(216),Coimbatore +6 other locations,N/A
5201,Red FM 93.5,3.7,(216),Broadcasting,New Delhi +51 other locations
5202,Ajmera Realty & Infra India,4.6,(216),Real Estate,Mumbai +6 other locations
5203,ZingHR,3.1,(216),IT Services & Consulting,Mumbai +9 other locations
5204,GENWORKS Health,3.2,(216),Healthcare,Bengaluru +40 other locations
5205,Valueonshore Advisors,3.5,(216),Management Consulting,Gurugram +5 other locations
5206,Cloud Analogy,3.9,(216),IT Services & Consulting,Noida +11 other locations
5207,Qdigi Services,3.3,(216),Recruitment,Noida +44 other locations
5208,Cogent,3.2,(216),IT Services & Consulting,Bengaluru +25 other locations
5209,Enser Communications,2.7,(216),IT Services & Consulting,Gurugram +14 other locations
5210,Vishnu Chemicals,3.9,(216),Chemicals,Visakhapatnam +12 other locations
5211,Mordor Intelligence,2.8,(216),Analytics & KPO,Hyderabad +3 other locations
5212,Rossari Biotech,3.8,(216),Chemicals,Mumbai +24 other locations
5213,Tata CLiQ,3.0,(216),Internet,Mumbai +9 other locations
5214,OSI Digital,3.5,(215),IT Services & Consulting,Hyderabad +4 other locations
5215,Navigators Software,4.2,(215),IT Services & Consulting,Kolkata +3 other locations
5216,Microlink Solutions,3.7,(215),IT Services & Consulting,Ahmedabad +31 other locations
5217,ContinuServe Softech India,3.2,(215),BPO,Bengaluru +4 other locations
5218,Software AG,4.3,(215),Software Product,Bengaluru +15 other locations
5219,Synthite Industries,4.1,(215),Food Processing,Kochi +17 other locations
5220,Indo Rama Synthetics (i),3.6,(215),Fashion & Textile,Nagpur +11 other locations
5221,Faiveley Transport,4.0,(215),Railways,Hosur +24 other locations
5222,Dr Mohan's Diabetes Specialities Centre,3.5,(215),Healthcare,Chennai +35 other locations
5223,Emirates Airlines,3.9,(215),Aviation,Mumbai +16 other locations
5224,Atidiv,2.8,(216),IT Services & Consulting,Pune +2 other locations
5225,UL Solutions,3.9,(215),"Testing, Inspection and Certification (TIC)",Bengaluru +9 other locations
5226,AYM Syntex,3.4,(216),Fashion & Textile,Mumbai +9 other locations
5227,Analytix Business Solutions,3.3,(215),Analytics & KPO,Ahmedabad +8 other locations
5228,BridgeLabz Solutions,3.3,(215),EdTech,Mumbai +9 other locations
5229,Netaxis IT Solutions,3.9,(215),IT Services & Consulting,Chennai +4 other locations
5230,Hindustan PowerProjects,3.8,(215),Power,Anuppur +18 other locations
5231,TPI Composites,4.3,(215),Industrial Machinery,Chennai +10 other locations
5232,Vivifi India Finance,3.4,(215),NBFC,Hyderabad +6 other locations
5233,Eazy ERP Technologies,3.8,(216),IT Services & Consulting,Gurugram +12 other locations
5234,Bikaji Foods,4.0,(215),FMCG,Bikaner +51 other locations
5235,WovVTech,4.2,(214),Software Product,Vadodara +11 other locations
5236,Shivam Infocom,4.3,(214),Telecom,New Delhi +29 other locations
5237,Maxinfra,4.0,(214),Real Estate,Hyderabad +26 other locations
5238,All India Radio,4.3,(216),Government,New Delhi +81 other locations
5239,Flyhomes,4.3,(214),Internet,Noida +9 other locations
5240,Tricon Infra Buildtech pvt.Ltd,3.0,(214),Engineering & Construction,Pune +7 other locations
5241,Bharat Institutions,3.6,(214),Education & Training,Hyderabad +7 other locations
5242,Infiiloom,3.1,(214),Fashion & Textile,Pune +15 other locations
5243,Ensure Support Services,4.4,(214),IT Services & Consulting,Chennai +46 other locations
5244,Prozo,3.3,(214),Internet,Gurugram +28 other locations
5245,Ajax Engineering,4.0,(214),Engineering & Construction,Bengaluru +29 other locations
5246,HEPL - A Cavinkare Group Company,3.4,(214),Recruitment,Cuddalore +19 other locations
5247,Satyesh Brinechem,3.1,(214),Chemicals,Bhuj +12 other locations
5248,MidasCare Pharmaceuticals,3.5,(214),Pharma,Mumbai +32 other locations
5249,Oasis Fertility,3.9,(214),Healthcare,Hyderabad +20 other locations
5250,Inchcape Shipping Services,3.4,(214),Ports & Shipping,Chennai +15 other locations
5251,U R Rao Satellite Centre,4.3,(214),Bengaluru +17 other locations,N/A
5252,Paramatrix Technologies,3.9,(214),Software Product,Mumbai +5 other locations
5253,Cleartrip,3.4,(214),Internet,Bengaluru +12 other locations
5254,Indo National Limited (Nippo),4.2,(214),FMCG,Chennai +57 other locations
5255,Innovapptive,4.3,(214),Software Product,Hyderabad +3 other locations
5256,Ashok Iron Works,3.3,(214),Industrial Machinery,Belagavi +7 other locations
5257,Rapid Care Transcription,4.4,(214),Analytics & KPO,Chennai +3 other locations
5258,Jm Frictech,3.3,(214),Industrial Machinery,Chennai +9 other locations
5259,The Co-operative Bank,3.8,(214),Banking,Bengaluru +105 other locations
5260,Khanna Paper Mills,3.9,(214),Pulp & Paper,Amritsar +13 other locations
5261,Ashok Iron Works,3.3,(214),Industrial Machinery,Belagavi +7 other locations
5262,ASSA ABLOY,3.5,(214),Real Estate,Chennai +33 other locations
5263,Oasis Fertility,3.9,(214),Healthcare,Hyderabad +20 other locations
5264,Keertana Finserv,3.3,(214),NBFC,Hyderabad +60 other locations
5265,COWI,4.1,(213),Engineering & Construction,Gurugram +4 other locations
5266,Ananth Technologies,3.8,(213),Electronics Manufacturing,Hyderabad +10 other locations
5267,Dr Oetker,4.1,(213),Food Processing,New Delhi +34 other locations
5268,Chhatrapati Shivaji International Airport,3.5,(213),Real Estate,Mumbai +7 other locations
5269,AWC Software,3.7,(213),IT Services & Consulting,Noida +13 other locations
5270,Anri Solutions HR Services,4.0,(213),Recruitment,New Delhi +6 other locations
5271,Tps Infrastructure,4.1,(213),Industrial Machinery,Bhiwadi +15 other locations
5272,RAKS Pharma,4.2,(213),Pharma,Visakhapatnam +11 other locations
5273,TEOCO Software,3.9,(213),IT Services & Consulting,Kolkata +8 other locations
5274,Toppan Merrill,3.8,(213),Financial Services,Chennai +2 other locations
5275,LNV Technology,3.9,(213),Industrial Machinery,Chennai +30 other locations
5276,Bharathi Cement,4.0,(213),Building Material,Y.S.R. Kadapa +33 other locations
5277,UGC Supply Chain Solutions,2.8,(213),Logistics,Pune +22 other locations
5278,Bsr Infratech India,3.9,(213),Engineering & Construction,Bengaluru +13 other locations
5279,Drools,3.4,(213),FMCG,Bengaluru +51 other locations
5280,Anri Solutions HR Services,4.0,(213),Recruitment,New Delhi +6 other locations
5281,Chhatrapati Shivaji International Airport,3.5,(213),Real Estate,Mumbai +7 other locations
5282,Drools,3.4,(213),FMCG,Bengaluru +51 other locations
5283,Integrated Personnel Services Limited,4.0,(213),Recruitment,Mumbai +36 other locations
5284,TEOCO Software,3.9,(213),IT Services & Consulting,Kolkata +8 other locations
5285,Ebixcash World Money,3.5,(213),FinTech,Mumbai +39 other locations
5286,Ankura Hospital,3.8,(213),Healthcare,Hyderabad +11 other locations
5287,Biryani By Kilo,4.3,(213),Hospitality,Gurugram +30 other locations
5288,Paychex IT Solutions India,3.4,(213),Software Product,Bengaluru +3 other locations
5289,Mark's,4.0,(212),Telecom,Gurugram +35 other locations
5290,M Swasth Solutions,3.4,(212),Gurugram +42 other locations,N/A
5291,Elsamex Maintenance Services,4.1,(212),Facility Management Services,Ahmedabad +46 other locations
5292,Ziff Davis Performance Marketing,3.6,(212),Marketing & Advertising,Pune +3 other locations
5293,SITA,3.9,(212),IT Services & Consulting,Gurugram +29 other locations
5294,Aneja Associates,3.2,(212),Accounting & Auditing,Mumbai +10 other locations
5295,Modicare,3.9,(212),Beauty & Personal Care,New Delhi +47 other locations
5296,Texspin Bearings,4.0,(212),Auto Components,Ahmedabad +19 other locations
5297,Square Bpo Services,3.3,(212),BPO,Hyderabad +6 other locations
5298,Abante Integrated Management Services,4.2,(212),Management Consulting,Gurugram +5 other locations
5299,Emami Frank Ross,3.7,(212),Retail,Kolkata +23 other locations
5300,Vidya Mandir Classes,3.5,(212),EdTech,New Delhi +39 other locations
5301,Krishnapatnam Port,3.8,(212),Ports & Shipping,Nellore +14 other locations
5302,Cordlife Sciences India,3.5,(212),Pharma,Kolkata +33 other locations
5303,Pathfinder Business Analysis,3.5,(212),Management Consulting,Coimbatore +14 other locations
5304,Chitkara University,4.1,(212),Education & Training,Chandigarh +10 other locations
5305,Mold-Tek Technologies,3.2,(212),IT Services & Consulting,Hyderabad +12 other locations
5306,Graviti Pharmaceuticals,3.1,(212),Pharma,Hyderabad +5 other locations
5307,Linux Laboratories,4.0,(227),Pharma,Chennai +34 other locations
5308,Moody's,3.9,(212),Analytics & KPO,Bengaluru +7 other locations
5309,Pilot Industries,3.8,(212),Metals & Mining,New Delhi +20 other locations
5310,EagleBurgmann,4.2,(212),Industrial Machinery,Pune +19 other locations
5311,Appsierra,4.4,(212),IT Services & Consulting,Noida +16 other locations
5312,PES Engineers,4.2,(212),Engineering & Construction,Hyderabad +38 other locations
5313,Oxyzo Financial Services,3.4,(212),Financial Services,Gurugram +30 other locations
5314,Zamil Air Conditioners,3.9,(212),Consumer Electronics & Appliances,New Delhi +23 other locations
5315,Bodal Chemicals,3.4,(212),Chemicals,Vadodara +17 other locations
5316,Fernandez Hospital,4.4,(211),Healthcare,Hyderabad +1 other locations
5317,Quest Global Technologies,3.5,(211),IT Services & Consulting,Bengaluru +16 other locations
5318,Sterling Talent Solutions,3.7,(211),Internet,Mumbai +3 other locations
5319,Gensol Engineering,3.7,(211),Power,Ahmedabad +23 other locations
5320,Rotostat Services,3.8,(211),Industrial Machinery,Mumbai +30 other locations
5321,MMTC-PAMP,3.7,(211),Metals & Mining,Gurugram +18 other locations
5322,Special Technical Services,4.0,(211),Oil & Gas,Muscat +16 other locations
5323,Tci Freight,4.1,(211),Logistics,Gurugram +44 other locations
5324,Girnar Care,3.4,(211),BPO,Jaipur +17 other locations
5325,Pran Beverages India,3.7,(211),Beverage,Kolkata +54 other locations
5326,John Deere Financial,4.2,(211),NBFC,Pune +55 other locations
5327,Weatherford,3.5,(211),Oil & Gas,Mumbai +19 other locations
5328,REI Systems,3.9,(211),IT Services & Consulting,Pune
5329,Videojet Technologies,3.8,(211),Consumer Electronics & Appliances,Mumbai +26 other locations
5330,Artech,3.0,(211),Architecture & Interior Design,Bengaluru +12 other locations
5331,Fulcrum Digital,3.4,(211),IT Services & Consulting,Pune +5 other locations
5332,Laxmi India Finleasecap,3.8,(211),Financial Services,Jaipur +63 other locations
5333,SkilloVilla,4.2,(211),Education & Training,Bengaluru +3 other locations
5334,SkillVertex,3.3,(211),EdTech,Bengaluru +11 other locations
5335,Kerakoll,4.2,(211),Building Material,Vadodara +49 other locations
5336,RateGain,3.7,(211),IT Services & Consulting,Noida +6 other locations
5337,Deutsche Telekom Digital Labs,3.6,(211),Software Product,Gurugram +5 other locations
5338,Travel Boutique Online,3.3,(211),Travel & Tourism,Gurugram +16 other locations
5339,FAIRWAY ENTERPRISES,3.9,(211),Leather,Krishnagiri +9 other locations
5340,Jindal Worldwide,3.3,(211),Fashion & Textile,Ahmedabad +6 other locations
5341,Ichhapurti.com,2.4,(210),Software Product,Gurugram +26 other locations
5342,BetterPlace Safety Solutions,3.5,(210),IT Services & Consulting,Bengaluru +11 other locations
5343,Zivame.com,3.6,(210),Fashion & Textile,Bengaluru +29 other locations
5344,Beri Udyog,3.8,(210),Industrial Machinery,Karnal +17 other locations
5345,Tata Lockheed Martin Aerostructures,4.0,(210),Defence & Aerospace,Hyderabad +7 other locations
5346,Career Launcher,3.7,(210),Education & Training,New Delhi +42 other locations
5347,Soothe Healthcare,3.3,(210),Healthcare,New Delhi +43 other locations
5348,Eternis Fine Chemicals,3.3,(210),Chemicals,Pune +8 other locations
5349,Continental Hospitals,3.8,(210),Healthcare,Hyderabad +3 other locations
5350,Third wave Coffee Roasters,3.6,(210),Internet,Bengaluru +11 other locations
5351,Providence Global Center,3.6,(210),IT Services & Consulting,Hyderabad +2 other locations
5352,Govt. Medical College,4.1,(210),Education & Training,Chandigarh +74 other locations
5353,Innovalance Learning Systems,3.1,(210),EdTech,New Delhi +11 other locations
5354,AGROCEL INDUSTRIES,4.4,(210),Chemicals,Bhuj +24 other locations
5355,NATIONAL SKILL DEVELOPMENT CORPORATION,3.4,(210),Non-Profit,New Delhi +51 other locations
5356,Anlage Infotech,3.2,(210),IT Services & Consulting,Bengaluru +15 other locations
5357,Data Patterns,3.3,(210),Defence & Aerospace,Chennai +11 other locations
5358,Mitsubishi Heavy Industries,4.2,(210),Industrial Machinery,Mysuru +31 other locations
5359,SBL,3.8,(210),IT Services & Consulting,New Delhi +31 other locations
5360,Itvedant Education,3.8,(210),Education & Training,Mumbai +11 other locations
5361,Mitsubishi Heavy Industries,4.2,(210),Industrial Machinery,Mysuru +31 other locations
5362,SBL,3.8,(210),IT Services & Consulting,New Delhi +31 other locations
5363,AGROCEL INDUSTRIES,4.4,(210),Chemicals,Bhuj +24 other locations
5364,Data Patterns,3.3,(210),Defence & Aerospace,Chennai +11 other locations
5365,Koye Pharmaceuticals,3.2,(209),Pharma,Mumbai +45 other locations
5366,Bioseed,4.2,(209),Agriculture,Hyderabad +57 other locations
5367,CallHealth,3.5,(209),Healthcare,Hyderabad +17 other locations
5368,Rohan Motors,3.7,(209),Automobile,New Delhi +21 other locations
5369,Decimal Technologies,2.8,(209),Software Product,Gurugram +10 other locations
5370,YouTube,4.5,(209),Internet,New Delhi +41 other locations
5371,Zinnia,3.1,(209),New Delhi +11 other locations,N/A
5372,NMIMS,3.7,(209),Education & Training,Mumbai +23 other locations
5373,Wanbury,3.3,(209),Pharma,Mumbai +31 other locations
5374,Kh Exports,3.9,(209),Import & Export,Chennai +7 other locations
5375,Ayesa,4.0,(209),IT Services & Consulting,New Delhi +12 other locations
5376,Upstox,3.5,(209),FinTech,Mumbai +19 other locations
5377,Gleeds Consulting (India) Pvt. Ltd,4.1,(210),Real Estate,Bengaluru +21 other locations
5378,Antino,3.0,(209),Emerging Technologies,Gurugram +6 other locations
5379,Milan Laboratories India Private Limited,3.7,(209),Pharma,Mumbai +16 other locations
5380,Kh Exports,3.9,(209),Import & Export,Chennai +7 other locations
5381,Zinnia,3.1,(209),New Delhi +11 other locations,N/A
5382,Gujarat Narmada Valley Fertilizers & Chemicals,4.3,(209),Agro Chemicals,Bharuch +16 other locations
5383,N.K. Realtors,4.3,(210),Real Estate,Kolkata +6 other locations
5384,Pradan,3.8,(209),Non-Profit,New Delhi +60 other locations
5385,Commerce Pundit,4.3,(209),IT Services & Consulting,Ahmedabad +8 other locations
5386,Kalyani Forge,3.7,(209),Iron & Steel,Pune +7 other locations
5387,Fibe,3.7,(209),FinTech,Pune +16 other locations
5388,Ayesa,4.0,(209),IT Services & Consulting,New Delhi +12 other locations
5389,Futurism Technologies,3.8,(210),IT Services & Consulting,Pune +3 other locations
5390,C DOT,3.7,(209),Telecom,New Delhi +14 other locations
5391,Brainium Information Technologies,3.7,(208),IT Services & Consulting,Kolkata +1 other locations
5392,Country Club India,3.4,(208),Hospitality,Hyderabad +27 other locations
5393,EMCO,3.6,(208),Power,Mumbai +25 other locations
5394,Tbea Energy,3.8,(208),Electrical Equipment,Vadodara +17 other locations
5395,Vinsum Axpress,3.6,(209),Logistics,Gurugram +21 other locations
5396,International Certification Services,3.1,(208),Other,Mumbai +34 other locations
5397,NGK Spark Plugs,4.1,(208),Auto Components,Bawal +19 other locations
5398,Pradhan Mantri Kaushal Vikas Yojana,4.0,(208),Education & Training,New Delhi +90 other locations
5399,Elofic Industries,4.0,(208),Auto Components,Faridabad +17 other locations
5400,Jindal (India) Limited,4.1,(208),Iron & Steel,Kolkata +10 other locations
5401,Keolis Hyderabad Metro,4.0,(208),Urban Transport,Hyderabad +4 other locations
5402,ACME Group,4.6,(208),Internet,Gurugram +28 other locations
5403,SmartStream Technologies,3.3,(208),IT Services & Consulting,Bengaluru +6 other locations
5404,Country Inns & Suites,4.0,(208),Hospitality,New Delhi +25 other locations
5405,Malayala Manorama,3.7,(208),Printing & Publishing,Kottayam +23 other locations
5406,Prime Focus,3.9,(208),Animation & VFX,Mumbai +11 other locations
5407,Simform,3.6,(208),IT Services & Consulting,Ahmedabad +3 other locations
5408,NMDC Steels,3.9,(208),Iron & Steel,Jagdalpur +17 other locations
5409,Supreme Treon,3.9,(208),Auto Components,Pune +26 other locations
5410,Fleet Management,4.0,(208),Ports & Shipping,Mumbai +22 other locations
5411,Crimson Interactive,2.6,(208),Content Development,Mumbai +5 other locations
5412,Apex Hospital,4.1,(208),Healthcare,Jaipur +34 other locations
5413,Pradhan Mantri Kaushal Vikas Yojana,4.0,(208),Education & Training,New Delhi +90 other locations
5414,Elofic Industries,4.0,(208),Auto Components,Faridabad +17 other locations
5415,Bilt Graphic Paper Products,3.8,(208),Pulp & Paper,Pune +11 other locations
5416,Kopran,3.7,(208),Pharma,Mumbai +17 other locations
5417,Carzonrent,3.3,(208),Travel & Tourism,New Delhi +15 other locations
5418,Su-Kam Power Systems,3.3,(208),Power,Gurugram +44 other locations
5419,Aarav Global Products & Services Private Limited,3.0,(208),IT Services & Consulting,Mumbai +9 other locations
5420,Aarav Global Products & Services Private Limited,3.0,(208),IT Services & Consulting,Mumbai +9 other locations
5421,ORISSA METALIKS,3.8,(209),Industrial Machinery,Kharagpur +10 other locations
5422,Lokesh Machines,3.8,(207),Industrial Machinery,Hyderabad +12 other locations
5423,Rajesh Motors,3.8,(207),Automobile,Jaipur +28 other locations
5424,Lingaya's Vidyapeeth,4.5,(207),Education & Training,Faridabad +4 other locations
5425,KisanKraft Machine Tools,3.3,(207),Industrial Machinery,Bengaluru +20 other locations
5426,Precision Camshafts,3.1,(207),Auto Components,Solapur +5 other locations
5427,MeritNation,3.2,(207),EdTech,New Delhi +20 other locations
5428,Hyundai Motor India Engineering,3.8,(207),IT Services & Consulting,Hyderabad +8 other locations
5429,Network Techlab,3.7,(207),Hardware & Networking,Mumbai +10 other locations
5430,Bombay Dyeing,3.8,(207),Fashion & Textile,Mumbai +22 other locations
5431,Jagran Prakashan,3.5,(207),Printing & Publishing,New Delhi +49 other locations
5432,Vinculum Solutions,2.3,(207),IT Services & Consulting,Noida +6 other locations
5433,Groupe Lactalis,3.5,(207),FMCG,Chennai +40 other locations
5434,CBSI,3.3,(207),Recruitment,Bengaluru +14 other locations
5435,Network Intelligence India,3.1,(207),Emerging Technologies,Mumbai +8 other locations
5436,Geo Chem Laboratories,3.8,(207),Industrial Machinery,Mumbai +21 other locations
5437,Wardwizard Innovations & Mobility,3.3,(207),Automobile,Vadodara +50 other locations
5438,Heads Up For Tails,3.5,(207),Retail,Gurugram +19 other locations
5439,TransPerfect,3.0,(207),Hardware & Networking,Pune +7 other locations
5440,Wardwizard Innovations & Mobility,3.3,(207),Automobile,Vadodara +50 other locations
5441,Geo Chem Laboratories,3.8,(207),Industrial Machinery,Mumbai +21 other locations
5442,Teleone,3.6,(207),Internet,New Delhi +20 other locations
5443,Network Intelligence India,3.1,(207),Emerging Technologies,Mumbai +8 other locations
5444,TransPerfect,3.0,(207),Hardware & Networking,Pune +7 other locations
5445,CBSI,3.3,(207),Recruitment,Bengaluru +14 other locations
5446,Ways2excel,4.5,(207),EdTech,Kolkata +1 other locations
5447,ICA Pidilite,4.1,(207),Furniture & Furnishing,Mumbai +41 other locations
5448,Axio,3.8,(207),Financial Services,Bengaluru +25 other locations
5449,Magicrete Building Solutions,3.8,(207),Building Material,Surat +26 other locations
5450,ITCube Solutions,2.9,(207),IT Services & Consulting,Pune +8 other locations
5451,Josh Talks,4.1,(207),Broadcasting,Gurugram +14 other locations
5452,iLink Digital,2.9,(207),IT Services & Consulting,Chennai +8 other locations
5453,Utkal Alumina International,4.3,(206),Chemicals,Rayagada +13 other locations
5454,Shanthi Gears,3.4,(206),Auto Components,Coimbatore +13 other locations
5455,Marque Impex,3.9,(206),Import & Export,Moradabad +5 other locations
5456,Smart Energy Water,2.9,(206),IT Services & Consulting,Noida +4 other locations
5457,Embio,4.0,(206),Pharma,Mahad +10 other locations
5458,Pie Infocomm,4.4,(206),IT Services & Consulting,Lucknow +8 other locations
5459,Quest Diagnostics,4.5,(206),Healthcare,Hyderabad +11 other locations
5460,PagarBook,3.7,(206),Software Product,Bengaluru +24 other locations
5461,Deep Industries,3.5,(206),Oil & Gas,Ahmedabad +25 other locations
5462,Corrival Corporate Services,4.2,(206),Recruitment,Hyderabad +45 other locations
5463,Development Consultants,3.4,(206),IT Services & Consulting,Kolkata +16 other locations
5464,Bhima Gold,3.8,(206),Jewellery,Bengaluru +32 other locations
5465,TP Northern Odisha Distribution,3.7,(206),Power,Balasore +22 other locations
5466,FedServ,3.6,(207),Banking,Visakhapatnam +26 other locations
5467,Srg Housing Finance,4.0,(206),NBFC,Udaipur +60 other locations
5468,Bajaj Markets,2.9,(206),FinTech,Pune +20 other locations
5469,OptimHire,3.6,(206),Internet,Hyderabad +6 other locations
5470,Embassy Services,3.9,(206),Facility Management Services,Bengaluru +16 other locations
5471,Orthosquare Dental Clinic,4.5,(206),Healthcare,Mumbai +26 other locations
5472,Parijat Industries (India),4.0,(206),Chemicals,New Delhi +37 other locations
5473,Gulbrandsen,4.1,(206),Chemicals,Vadodara +11 other locations
5474,Colorbar Cosmetics,4.0,(206),Beauty & Personal Care,New Delhi +37 other locations
5475,ASP OL Media,4.0,(206),Marketing & Advertising,Pune +6 other locations
5476,KC Overseas Education,3.6,(206),EdTech,Nagpur +28 other locations
5477,Blackbuck Insights,3.6,(206),IT Services & Consulting,Bengaluru +13 other locations
5478,Shirdi Sai Electricals,3.5,(206),Power,Y.S.R. Kadapa +26 other locations
5479,Crossword Bookstores,3.6,(206),Retail,Pune +34 other locations
5480,Shriram Fortune Solutions,3.6,(205),Financial Services,Gurugram +97 other locations
5481,Hidesign,3.1,(205),Retail,Puducherry +31 other locations
5482,Hgs Services,3.8,(205),Analytics & KPO,Bengaluru +20 other locations
5483,Praxis home Retail,4.2,(205),Retail,Mumbai +29 other locations
5484,IFB Automotive,3.9,(205),Auto Components,Bengaluru +18 other locations
5485,Transaction Solutions International (India) Pvt Ltd,3.9,(205),Financial Services,Pune +20 other locations
5486,ZunRoof Tech,3.7,(205),Power,Gurugram +21 other locations
5487,Siemens PLM Software,4.1,(205),Industrial Automation,Pune +12 other locations
5488,Sagitec Solutions,3.2,(205),IT Services & Consulting,Pune +5 other locations
5489,Sri Gopikrishna Infrastructure,3.9,(205),Engineering & Construction,Hyderabad +43 other locations
5490,Aditi Consulting,3.4,(205),IT Services & Consulting,Bengaluru +7 other locations
5491,Comcast India Engineering Center,3.6,(205),Software Product,Chennai +3 other locations
5492,SpeedLabs,3.6,(205),EdTech,Mumbai +16 other locations
5493,MSC Technology India,3.9,(205),IT Services & Consulting,Chennai +7 other locations
5494,Igarashi Motors,3.8,(205),Auto Components,Chennai +9 other locations
5495,Jesons Industries,3.5,(205),Chemicals,Mumbai +13 other locations
5496,Army Medical Corps,4.8,(205),Healthcare,New Delhi +33 other locations
5497,Vishay Components,4.1,(205),Electronics Manufacturing,Pune +7 other locations
5498,Anglo-Eastern Ship Management,4.1,(205),Ports & Shipping,Mumbai +15 other locations
5499,Orange Retail Finance,3.8,(205),Financial Services,Chennai +55 other locations
5500,Elin Electronics,3.8,(206),Ghaziabad +10 other locations,N/A
5501,ACT Plast Paints,3.8,(205),Chemicals,Chennai +13 other locations
5502,BTL EPC LTD,3.6,(205),Industrial Machinery,Kolkata +20 other locations
5503,Kazo Fashion,3.5,(205),Fashion & Textile,New Delhi +34 other locations
5504,Globus Spirits,3.9,(205),Beverage,New Delhi +28 other locations
5505,Grass Roots Research & Creation,4.7,(205),Analytics & KPO,New Delhi +14 other locations
5506,Tresor Systems,3.7,(205),Retail,New Delhi +27 other locations
5507,Pacific Development Corporation Limited (Pacific Group),3.5,(205),Real Estate,New Delhi +19 other locations
5508,Indovance Inc,3.7,(205),Design,Pune +3 other locations
5509,Bhutani Group,4.2,(205),Real Estate,Noida +14 other locations
5510,Emirates Flight Catering,4.4,(205),Hospitality,Dubai +12 other locations
5511,Brnd.Me,3.7,(205),Internet,Bengaluru +13 other locations
5512,Andhra Pradesh State Skill Development Corporation,3.8,(205),Non-Profit,Vijayawada +33 other locations
5513,CRB Tech Solution,3.7,(204),EdTech,Pune +8 other locations
5514,Haldiram's Prabhuji,2.8,(204),FMCG,Kolkata +42 other locations
5515,Ashv Finance,4.0,(204),NBFC,Mumbai +37 other locations
5516,Hi Tech Informatics,3.6,(204),IT Services & Consulting,Mumbai +47 other locations
5517,Jay Ushin,4.0,(204),Auto Components,Gurugram +13 other locations
5518,Sakura Autoparts,3.7,(204),Auto Components,Chennai +9 other locations
5519,eligarf Technologies,3.8,(204),Emerging Technologies,Pune +2 other locations
5520,Parker Hannifin,3.6,(204),Industrial Machinery,Chennai +14 other locations
5521,InSync Analytics,2.4,(204),Analytics & KPO,Mumbai +5 other locations
5522,AISATS,3.4,(204),Aviation,New Delhi +10 other locations
5523,Petronas Lubricants,3.2,(204),Petrochemicals,Mumbai +37 other locations
5524,BajajSons,3.6,(204),Automobile,Ludhiana +9 other locations
5525,eligarf Technologies,3.8,(204),Emerging Technologies,Pune +2 other locations
5526,Vedika Credit Capital,3.4,(204),NBFC,Ranchi +51 other locations
5527,Vnr Seeds,3.8,(204),Agriculture,Raipur +49 other locations
5528,Sri Ramachandra Institute of Higher Education and Research,3.9,(204),Education & Training,Chennai +10 other locations
5529,MAKEEN Energy,3.8,(204),Oil & Gas,Hyderabad +31 other locations
5530,Izmo,2.9,(204),IT Services & Consulting,Bengaluru +5 other locations
5531,Sapphire Software Solutions (India),4.4,(204),IT Services & Consulting,Ahmedabad +5 other locations
5532,Altum Credo Home Finance,3.8,(204),NBFC,Pune +61 other locations
5533,ECOS (I) MOBILITY & HOSPITALITY,4.2,(204),Sports & Recreation,New Delhi +12 other locations
5534,Entertainment Network India,3.5,(204),Media & Entertainment,Mumbai +42 other locations
5535,Horiba India,3.6,(204),Industrial Machinery,New Delhi +19 other locations
5536,HIVELOOP LOGISTICS,4.2,(203),Bengaluru +69 other locations,N/A
5537,Vrinsoft Technology,4.5,(203),IT Services & Consulting,Ahmedabad +2 other locations
5538,St Regis,4.1,(203),Hospitality,Mumbai +13 other locations
5539,Techmagnate,4.3,(203),Marketing & Advertising,New Delhi +6 other locations
5540,Rama University,3.3,(203),Education & Training,Kanpur +12 other locations
5541,Shopclues,3.3,(203),Internet,Gurugram +6 other locations
5542,CONTUS TECH,4.2,(203),IT Services & Consulting,Chennai +3 other locations
5543,SmartWorld Developers,4.2,(203),Real Estate,Gurugram +3 other locations
5544,Zen Technologies,3.9,(203),Defence & Aerospace,Hyderabad +9 other locations
5545,Alghanim International,4.1,(203),Engineering & Construction,Kuwait City +13 other locations
5546,Emiza Supply Chain Services Private Limited,3.4,(203),Logistics,Mumbai +19 other locations
5547,Air India Express,3.3,(203),Aviation,New Delhi +26 other locations
5548,Bharat Broadband Network,3.8,(203),Telecom,New Delhi +71 other locations
5549,Janatics India,4.0,(203),Industrial Automation,Coimbatore +26 other locations
5550,Sahajanand Laser Technology,3.1,(203),Industrial Machinery,Gandhinagar +23 other locations
5551,Mazars,3.0,(203),Accounting & Auditing,Gurugram +14 other locations
5552,Six Sigma Soft Solutions,3.5,(203),IT Services & Consulting,Chennai +23 other locations
5553,Wings Biotech,3.0,(203),Pharma,New Delhi +33 other locations
5554,Masu Brakes,3.3,(203),Auto Components,Bahadurgarh +9 other locations
5555,Sigma Freudenberg NOK,4.1,(203),Auto Components,Chennai +18 other locations
5556,Sakarni Plaster,4.5,(203),Building Material,New Delhi +33 other locations
5557,ZKTeco Biometrics,3.0,(203),Law Enforcement & Security,Bengaluru +11 other locations
5558,TNT Express,4.0,(202),Logistics,Mumbai +33 other locations
5559,SCON Projects,4.5,(202),Engineering & Construction,Pune +21 other locations
5560,Manohar Filaments,3.8,(202),Fashion & Textile,New Delhi +17 other locations
5561,Tm Automotive Seating Systems,N/A,N/A,Auto Components,Pune +14 other locations
5562,HOLITECH INDIA,4.1,(202),Electronics Manufacturing,Greater Noida +12 other locations
5563,BPO+,4.4,(202),BPO,New Delhi +46 other locations
5564,Al Ahleia Switchgear,3.6,(202),Industrial Machinery,Chennai +12 other locations
5565,Radhakrishna Foodland,3.7,(202),Logistics,Mumbai +31 other locations
5566,Eurofins Scientific,3.2,(202),"Testing, Inspection and Certification (TIC)",Bengaluru +20 other locations
5567,Tata Asset Management Private Limited,3.7,(202),Financial Services,Mumbai +55 other locations
5568,Svasti Microfinance,4.0,(202),Financial Services,Mumbai +66 other locations
5569,Republic TV,3.4,(202),Media & Entertainment,Noida +9 other locations
5570,Liebherr Appliances India,3.7,(202),Industrial Machinery,Chhatrapati Sambhajinagar +36 other locations
5571,Skypro Technologies,3.3,(202),IT Services & Consulting,Bengaluru +33 other locations
5572,Ami Polymer,3.6,(202),Medical Equipment,Dadra & Nagar Haveli +14 other locations
5573,Simplify Healthcare,2.6,(202),Software Product,Pune +3 other locations
5574,S.S. Kothari Mehta & Co,3.4,(202),Accounting & Auditing,New Delhi +7 other locations
5575,Autoline Industries,3.4,(202),Auto Components,Pune +20 other locations
5576,Nyx-medical Solutions,3.2,(202),Analytics & KPO,Bengaluru +8 other locations
5577,TechStar Group,4.1,(202),IT Services & Consulting,Hyderabad +9 other locations
5578,Motorola Solutions,3.9,(202),Telecom,Bengaluru +25 other locations
5579,Tokai Imperial Rubber India,3.9,(202),Industrial Machinery,Faridabad +11 other locations
5580,Exponentia.ai,3.7,(203),Emerging Technologies,Mumbai +7 other locations
5581,SMC Power Generation,3.7,(202),Iron & Steel,Jharsuguda +12 other locations
5582,Kama Ayurveda,3.9,(202),Beauty & Personal Care,New Delhi +30 other locations
5583,Sendan International Co,2.1,(201),Engineering & Construction,Al Jubail +20 other locations
5584,S.c Johnson Products,4.1,(201),FMCG,Gurugram +52 other locations
5585,Prem Henna,3.3,(201),Beauty & Personal Care,Indore +51 other locations
5586,Philip Morris International,4.2,(201),FMCG,New Delhi +46 other locations
5587,Enmas O & M Services,4.2,(201),Oil & Gas,Chennai +32 other locations
5588,SSEM,3.4,(201),Industrial Machinery,Riyadh +18 other locations
5589,Fisdom,3.2,(201),Financial Services,Bengaluru +32 other locations
5590,Hyundai Engineering,3.9,(201),Engineering & Construction,Chennai +24 other locations
5591,UFO Moviez,3.0,(201),Media & Entertainment,Mumbai +31 other locations
5592,Primary Health Centre,4.2,(201),Healthcare,Bengaluru +89 other locations
5593,TomTom,3.8,(201),IT Services & Consulting,Pune +2 other locations
5594,Revolt Motors,3.3,(201),Internet,Gurugram +23 other locations
5595,Logicon Facility Management,3.3,(201),Facility Management Services,Pune +14 other locations
5596,Amphenol Fci,3.7,(201),Electrical Equipment,Bengaluru +10 other locations
5597,India Post Payments Bank,4.3,(203),Government,New Delhi +90 other locations
5598,Counsel India,4.2,(201),EdTech,Noida +3 other locations
5599,DTC Projects,3.8,(201),Real Estate,Kolkata +9 other locations
5600,Kirloskar Technologies,4.1,(201),Medical Equipment,Jaipur +36 other locations
5601,IntelliSmart Infrastructure,3.6,(201),Power,Gurugram +33 other locations
5602,Besant Technologies,3.7,(201),Education & Training,Chennai +11 other locations
5603,Infojini,2.9,(202),IT Services & Consulting,Mumbai +11 other locations
5604,Solugenix India Private Limited,3.1,(201),IT Services & Consulting,Hyderabad +3 other locations
5605,Peps Industries,4.1,(201),Furniture & Furnishing,Coimbatore +46 other locations
5606,Dhampur Sugar Mills,4.0,(201),Agro Chemicals,New Delhi +15 other locations
5607,Little Nap Recliners,4.7,(201),Furniture & Furnishing,New Delhi +18 other locations
5608,Samkwang India Electronic,3.3,(201),Electronics Manufacturing,Greater Noida +10 other locations
5609,Taikisha Engineering India,3.9,(201),Industrial Machinery,Pune +13 other locations
5610,IIMT Group of Colleges,4.2,(201),Education & Training,Greater Noida +15 other locations
5611,Venus Home Appliances,4.1,(201),Consumer Electronics & Appliances,Chennai +33 other locations
5612,dsm-firmenich,4.0,(201),Biotechnology,Mumbai +17 other locations
5613,Schreiber Dynamix Dairies,3.9,(201),Electronics Manufacturing,Pune +16 other locations
5614,MKU,3.3,(201),Defence & Aerospace,Kanpur +10 other locations
5615,ICE Data Services,3.2,(201),Financial Services,Hyderabad +5 other locations
5616,TRIGO Group,2.7,(200),Auto Components,Chennai +27 other locations
5617,DGS Technical Services,3.1,(200),Design,Bengaluru +11 other locations
5618,DigiCall Teleservices,4.0,(200),Telecom,Noida +13 other locations
5619,UST BlueConch Technologies,3.6,(200),Software Product,Pune +6 other locations
5620,CENTRUM HOUSING FINANCE,4.0,(200),Financial Services,Mumbai +71 other locations
5621,ReGen Powertech,3.7,(200),Power,Chennai +22 other locations
5622,JSW Severfield Structures,3.7,(200),Engineering & Construction,Ballari +11 other locations
5623,Mfine,3.6,(200),Internet,Bengaluru +15 other locations
5624,Puthur Infotech,3.7,(200),IT Services & Consulting,Bengaluru +50 other locations
5625,B2x Service Solutions,3.9,(200),BPO,Mumbai +32 other locations
5626,Ramoji Film City,4.2,(200),Media & Entertainment,Hyderabad +11 other locations
5627,Barbrik Project Limited (PRA Group),3.5,(200),Engineering & Construction,Raipur +26 other locations
5628,University Living Accommodation,3.9,(200),Internet,Noida +6 other locations
5629,Flender,3.7,(200),Industrial Machinery,Chennai +5 other locations
5630,PP Rolling Mills,3.8,(200),Industrial Machinery,Faridabad +9 other locations
5631,Aress Software and Education Technologies,2.6,(200),IT Services & Consulting,Nashik +4 other locations
5632,IDBI Capital,3.7,(200),Financial Services,Mumbai +40 other locations
5633,Mashreq Bank,3.2,(200),Banking,Bengaluru +11 other locations
5634,Destek Infosolutions,4.0,(200),IT Services & Consulting,Pune +3 other locations
5635,Vegrow,3.8,(200),Internet,Bengaluru +27 other locations
5636,CodSoft,3.9,(200),New Delhi +34 other locations,N/A
5637,Marengo Asia Hospitals,4.0,(200),Healthcare,Gurugram +6 other locations
5638,Getix Health,3.7,(200),Analytics & KPO,Bengaluru +6 other locations
5639,Tech Mahindra Foundation,4.0,(200),Non-Profit,New Delhi +23 other locations
5640,Oasis Infobyte,4.0,(200),IT Services & Consulting,Pune +28 other locations
5641,Avaali Solutions,4.4,(200),IT Services & Consulting,Bengaluru
5642,Ksolves India Limited,2.9,(200),IT Services & Consulting,Noida +12 other locations
5643,GEETANJALI HOMESTATE,3.7,(199),Real Estate,Gurugram +5 other locations
5644,Praxair,4.1,(199),Chemicals,Bengaluru +28 other locations
5645,Dalmia-OCL,3.9,(199),Building Material,Rourkela +30 other locations
5646,DNEG CREATIVE SERVICES,3.0,(199),Animation & VFX,Mumbai +15 other locations
5647,Symphoni HR,4.0,(199),Recruitment,Mumbai +1 other locations
5648,Ludhiana Beverages,3.9,(199),Beverage,Ludhiana +11 other locations
5649,DE Shaw,3.6,(199),Financial Services,Hyderabad +6 other locations
5650,Beckman Coulter,3.4,(199),Medical Equipment,Bengaluru +18 other locations
5651,WinWire,3.2,(199),IT Services & Consulting,Hyderabad +4 other locations
5652,alliantgroup,2.2,(199),Management Consulting,Hyderabad +3 other locations
5653,ARKA Fincap,4.3,(199),NBFC,Mumbai +39 other locations
5654,Hospet Steels,3.7,(199),Iron & Steel,Hosapete +8 other locations
5655,Target Publications,4.0,(199),Printing & Publishing,Mumbai +10 other locations
5656,NuSummit,3.4,(199),IT Services & Consulting,Mumbai +11 other locations
5657,Luthra Group Company,4.1,(199),Waste Management,Surat +18 other locations
5658,Nisum,2.7,(199),IT Services & Consulting,Hyderabad +9 other locations
5659,Rishabh Instruments Limited,3.7,(199),Electronics Manufacturing,Nashik +16 other locations
5660,Orbit Techsol,3.5,(199),IT Services & Consulting,New Delhi +21 other locations
5661,CIMS Hospital,4.2,(199),Healthcare,Ahmedabad +19 other locations
5662,Ascendum KPS,3.6,(199),IT Services & Consulting,Ahmedabad +9 other locations
5663,Windsor Machines,4.0,(199),Industrial Machinery,Ahmedabad +18 other locations
5664,Prasol Chemicals,3.5,(199),Chemicals,Mumbai +10 other locations
5665,Three D Integrated Solutions Ltd,3.1,(199),Aviation,Gurugram +28 other locations
5666,Daffodil Software,3.2,(199),IT Services & Consulting,Gurugram +6 other locations
5667,Manika Plastech Private Limited,4.0,(199),Building Material,Dehradun +16 other locations
5668,Avis,3.5,(199),Internet,Gurugram +19 other locations
5669,Timex Group India,3.9,(198),Metals & Mining,Noida +30 other locations
5670,Raksha TPA,4.1,(198),Insurance,Faridabad +22 other locations
5671,Ganesh Grains,3.2,(198),FMCG,Kolkata +24 other locations
5672,Ohmium,3.2,(198),Power,Bengaluru +7 other locations
5673,Caretel Infotech,3.5,(198),Analytics & KPO,New Delhi +10 other locations
5674,Kalyan Toll Infrastructure,4.2,(199),Engineering & Construction,Indore +35 other locations
5675,Volksoft Technologies,4.2,(198),Software Product,Hyderabad +2 other locations
5676,Dollar Industries,3.5,(198),Fashion & Textile,Kolkata +33 other locations
5677,IILM,4.0,(198),Education & Training,New Delhi +9 other locations
5678,In2IT Technologies,3.1,(198),IT Services & Consulting,Noida +15 other locations
5679,SEW Eurodrive india,4.2,(198),Auto Components,Vadodara +24 other locations
5680,Nutanix,3.4,(198),Software Product,Bengaluru +6 other locations
5681,Vensure Employer Services,3.8,(198),Recruitment,Noida +4 other locations
5682,Prologic Web Solutions,4.0,(198),IT Services & Consulting,Noida +20 other locations
5683,Thejo Engineering,4.0,(198),Engineering & Construction,Chennai +34 other locations
5684,Biophore India Pharmaceuticals,3.2,(198),Pharma,Hyderabad +4 other locations
5685,Jabsons Foods,4.0,(198),Food Processing,Bharuch +33 other locations
5686,Talentica Software,4.0,(198),IT Services & Consulting,Pune +5 other locations
5687,IRIS KPO Resourcing,3.8,(198),Analytics & KPO,Chennai +2 other locations
5688,RJ Corp,4.2,(198),Retail,Gurugram +38 other locations
5689,Springbord Systems,4.1,(198),IT Services & Consulting,Chennai +11 other locations
5690,Paytm Money,3.1,(198),FinTech,Bengaluru +23 other locations
5691,Sanmar Group,3.6,(198),Chemicals,Chennai +19 other locations
5692,World Health Organization,4.0,(198),Government,New Delhi +90 other locations
5693,E2logy Software Solutions,4.4,(199),IT Services & Consulting,Noida +2 other locations
5694,Adhaan Solutions,3.8,(198),Recruitment,Ahmedabad +64 other locations
5695,Wingreens Farms,4.0,(198),Power,Gurugram +21 other locations
5696,Rajapushpa Properties,3.9,(198),Real Estate,Hyderabad +5 other locations
5697,AccSource KPO,3.1,(198),Accounting & Auditing,Chennai +4 other locations
5698,Valethi Technologies,3.1,(198),Analytics & KPO,Nagpur +6 other locations
5699,Mantra Softech,3.7,(199),IT Services & Consulting,Ahmedabad +23 other locations
5700,Thejo Engineering,4.0,(198),Engineering & Construction,Chennai +34 other locations
5701,Truemeds,3.5,(198),Pharma,Mumbai +22 other locations
5702,Talentica Software,4.0,(198),IT Services & Consulting,Pune +5 other locations
5703,IRIS KPO Resourcing,3.8,(198),Analytics & KPO,Chennai +2 other locations
5704,Exel Rubber,4.0,(198),Petrochemicals,Hyderabad +9 other locations
5705,Lakshmi Life Sciences,3.9,(197),Industrial Automation,Coimbatore +5 other locations
5706,GKC Projects,4.4,(197),Engineering & Construction,Hyderabad +26 other locations
5707,China State Construction Engineering Corporation,3.9,(197),Engineering & Construction,New Delhi +29 other locations
5708,Doubletree By Hilton,4.0,(198),Hospitality,Gurugram +21 other locations
5709,DS-MAX Properties,3.7,(197),Real Estate,Bengaluru +8 other locations
5710,Astec LifeSciences,3.7,(197),Agro Chemicals,Mahad +10 other locations
5711,Pin Click,2.7,(197),Real Estate,Bengaluru +6 other locations
5712,Jasmin Infotech,3.9,(197),Software Product,Chennai +2 other locations
5713,Black & Veatch,4.2,(197),Engineering & Construction,Mumbai +13 other locations
5714,Roots Multiclean,3.8,(196),Industrial Machinery,Coimbatore +27 other locations
5715,S.R.Batliboi & Co.,3.0,(197),Accounting & Auditing,New Delhi +15 other locations
5716,Brainware University,3.0,(197),Education & Training,Kolkata +2 other locations
5717,Mukand Sumi Special Steel,3.7,(197),Iron & Steel,Hosapete +9 other locations
5718,VIS Networks,3.9,(197),Telecom,Bengaluru +19 other locations
5719,Colruyt Group,3.8,(197),IT Services & Consulting,Hyderabad +4 other locations
5720,KayBee Bio Organics,3.8,(198),Agro Chemicals,Pune +15 other locations
5721,Indobevs,3.9,(197),Beverage,New Delhi +24 other locations
5722,Ester Industries,3.9,(197),Petrochemicals,Khatima +12 other locations
5723,India Pesticides,3.9,(197),Agro Chemicals,Lucknow +22 other locations
5724,Ruby General Hospital,3.3,(197),Healthcare,Kolkata +6 other locations
5725,Energy Efficiency Services,3.8,(197),Power,New Delhi +35 other locations
5726,Extentia Information Technology,3.4,(197),IT Services & Consulting,Pune +3 other locations
5727,Nippon Data Systems,3.4,(197),IT Services & Consulting,New Delhi +27 other locations
5728,Godrej Appliances,3.8,(197),Consumer Electronics & Appliances,Pune +46 other locations
5729,Beyond Key,4.2,(197),IT Services & Consulting,Indore +5 other locations
5730,Jubilant Motorworks,4.0,(197),Automobile,Bengaluru +17 other locations
5731,Loconav,3.0,(197),Software Product,Gurugram +10 other locations
5732,Odisha Power Generation Corporation,3.7,(197),Oil & Gas,Jharsuguda +11 other locations
5733,Blowhorn,3.2,(196),Logistics,Bengaluru +17 other locations
5734,NullClass,3.5,(196),Bengaluru +25 other locations,N/A
5735,Mangalam Landmarks,4.8,(196),Real Estate,Pune +2 other locations
5736,Canvera,3.6,(196),Printing & Publishing,Bengaluru +27 other locations
5737,Dishnet Wireless,4.3,(196),Telecom,Kolkata +43 other locations
5738,Dayal Fertilizers,3.7,(196),Agro Chemicals,Meerut +48 other locations
5739,Axalta Coating Systems,4.0,(196),Chemicals,Vadodara +25 other locations
5740,Rexel,3.5,(196),Industrial Automation,Pune +25 other locations
5741,Rudrabhishek Enterprises,3.2,(196),Urban Transport,Noida +35 other locations
5742,DAIMLER TRUCKS ASIA,3.8,(196),Chennai +17 other locations,N/A
5743,Hy Gro Chemicals Pharmtek,3.8,(196),Pharma,Hyderabad +8 other locations
5744,OnMobile Global,3.4,(196),Telecom,Bengaluru +14 other locations
5745,Kumaran Systems,3.3,(196),IT Services & Consulting,Chennai +5 other locations
5746,Apps Associates,3.7,(196),IT Services & Consulting,Hyderabad +6 other locations
5747,Marathon Electric India,3.5,(196),Electrical Equipment,Faridabad +13 other locations
5748,IIHT,3.6,(196),Education & Training,Bengaluru +29 other locations
5749,EDR Continuous Information,2.9,(196),IT Services & Consulting,Chennai +2 other locations
5750,Manitou Equipment India,4.3,(196),Industrial Machinery,Greater Noida +11 other locations
5751,Exeltis,4.0,(196),Pharma,Mumbai +37 other locations
5752,Webasto Roofsystems India,3.9,(196),Automobile,Pune +9 other locations
5753,Nipro India Corporation,3.3,(196),Healthcare,Pune +17 other locations
5754,Apache Footwear,3.6,(196),Fashion & Textile,Nellore +10 other locations
5755,Bhansali Engineering Polymers,3.3,(197),Petrochemicals,Abu Road +13 other locations
5756,Evonith Steel,3.9,(196),Iron & Steel,Wardha +7 other locations
5757,House Of Diagnostics,4.1,(196),Healthcare,New Delhi +5 other locations
5758,Bullmen Realty,3.1,(196),Real Estate,Noida +13 other locations
5759,Cholayil Private Limited,4.1,(196),FMCG,Chennai +32 other locations
5760,Sula Vineyards,4.2,(196),Food Processing,Nashik +17 other locations
5761,Bullmen Realty,3.1,(196),Real Estate,Noida +13 other locations
5762,House Of Diagnostics,4.1,(196),Healthcare,New Delhi +5 other locations
5763,Saudi Electricity Company,4.1,(196),Power,Riyadh +20 other locations
5764,Sleepwell,4.2,(196),Furniture & Furnishing,New Delhi +72 other locations
5765,CoLive,3.8,(196),Real Estate,Bengaluru +9 other locations
5766,Stats Perform,3.4,(196),Sports & Recreation,Chennai +4 other locations
5767,Gulf Spic General Trading & Contracting Company,3.6,(196),Engineering & Construction,Chennai +13 other locations
5768,Jagran New Media,3.3,(195),Internet,Noida +8 other locations
5769,JNET Technologies,3.6,(195),IT Services & Consulting,Hyderabad +25 other locations
5770,The Cosmos Co-operative Bank,3.6,(195),Banking,Pune +24 other locations
5771,Ushodaya Enterprises,4.0,(195),FMCG,Hyderabad +28 other locations
5772,Medecins Sans Frontieres,4.3,(195),Non-Profit,Mumbai +39 other locations
5773,SCIO Management Solutions,4.4,(195),BPO,Chennai +5 other locations
5774,BGD Tech PVT LTD,4.4,(195),IT Services & Consulting,Bengaluru +2 other locations
5775,Kohler Power,4.0,(195),Power,Pune +13 other locations
5776,VDart,4.0,(195),IT Services & Consulting,Tiruchirappalli +7 other locations
5777,Programming.Com,3.4,(195),IT Services & Consulting,Gurugram +13 other locations
5778,Kifs Housing Finance,3.6,(195),Financial Services,Mumbai +69 other locations
5779,AXIS Solutions,3.4,(195),Industrial Automation,Hyderabad +17 other locations
5780,Gennova Biopharmaceuticals,4.3,(195),Pharma,Pune +9 other locations
5781,ACUTAAS CHEMICALS LIMITED,3.8,(195),Pharma,Surat +8 other locations
5782,SACHA Engineering,3.4,(195),IT Services & Consulting,Chennai +9 other locations
5783,Expeditors International,3.8,(195),Logistics,Chennai +21 other locations
5784,Modern Automotives,3.9,(195),Auto Components,Gurugram +20 other locations
5785,Maahi Milk Producer Company,4.2,(195),Food Processing,Rajkot +30 other locations
5786,Krishi Rasayan Exports,3.8,(195),Import & Export,Ankleshwar +41 other locations
5787,Vijay Tanks & Vessels,4.0,(195),Engineering & Construction,Vadodara +21 other locations
5788,NSL Textiles,4.0,(195),Fashion & Textile,Guntur +14 other locations
5789,Maharaja Agrasen Hospital,3.9,(196),Healthcare,New Delhi +13 other locations
5790,The Souled Store,3.2,(195),Fashion & Textile,Mumbai +19 other locations
5791,Frontizo Business Services,3.5,(195),BPO,Chandigarh +12 other locations
5792,Integrated Resources,3.8,(194),Recruitment,Gurugram +6 other locations
5793,Go Speedy Go,4.5,(194),Automobile,Bhubaneswar +12 other locations
5794,DST Worldwide Services,4.2,(194),Hyderabad +6 other locations,N/A
5795,HeyCoach,3.9,(194),Education & Training,Bengaluru +7 other locations
5796,Bygging India,3.9,(194),Engineering & Construction,New Delhi +34 other locations
5797,Gulf Asia Contracting,3.3,(194),Engineering & Construction,Chennai +21 other locations
5798,AB Mauri India,3.9,(194),Food Processing,Bengaluru +32 other locations
5799,Zydus Pharma,3.6,(194),Pharma,Ahmedabad +40 other locations
5800,Biorad Medisys,3.7,(194),Healthcare,Pune +13 other locations
5801,Clarion Technologies,3.8,(194),IT Services & Consulting,Pune +8 other locations
5802,Zen3 Info Solutions,3.9,(194),IT Services & Consulting,Hyderabad +3 other locations
5803,Arvind Techno Engineers,4.0,(194),Engineering & Construction,New Delhi +33 other locations
5804,E Pack Polymers,3.8,(194),Packaging,Greater Noida +18 other locations
5805,Tropilite Foods,3.5,(194),Food Processing,Gwalior +29 other locations
5806,Vandana Global,2.8,(194),Iron & Steel,Raipur +5 other locations
5807,Green Gene Enviro Protection And Infrastructure,3.6,(194),Waste Management,Faridabad +29 other locations
5808,Ministry of Home Affairs,4.2,(194),Government,New Delhi +30 other locations
5809,Food Corporation of India,4.1,(194),Government,New Delhi +68 other locations
5810,Repro India,3.4,(194),FMCG,Mumbai +15 other locations
5811,Japfa Comfeed India Private Limited,3.8,(194),Agriculture,Pune +23 other locations
5812,Redington Group,3.9,(194),IT Services & Consulting,Chennai +20 other locations
5813,Clean Science And Technology,3.4,(194),Chemicals,Pune +5 other locations
5814,Modern Business Solutions,3.7,(194),Recruitment,Bengaluru +78 other locations
5815,IG Petrochemicals,3.4,(194),Chemicals,Mumbai +11 other locations
5816,KP GROUP,4.2,(194),Logistics,Surat +29 other locations
5817,DevTown,3.7,(193),Education & Training,Bengaluru +12 other locations
5818,Accord Synergy,3.1,(193),Hardware & Networking,Vadodara +27 other locations
5819,Anu Industries,3.4,(193),Packaging,Gurugram +14 other locations
5820,OEN India,4.1,(193),Auto Components,Pune +12 other locations
5821,RLabs Enterprise Services,3.0,(193),Recruitment,Bengaluru +12 other locations
5822,Liyaans Properties,4.8,(193),Real Estate,Kolkata
5823,Eagle Infra,4.1,(193),Engineering & Construction,Mumbai +45 other locations
5824,Mitsubishi Power India,4.4,(193),Industrial Machinery,Bengaluru +15 other locations
5825,Gokul Agro Resources,3.8,(193),FMCG,Gandhidham +18 other locations
5826,Roha Housing Finance,3.5,(193),Financial Services,New Delhi +39 other locations
5827,J Mitra And Co,3.8,(193),Medical Equipment,New Delhi +22 other locations
5828,Oswal Castings,3.7,(193),Metals & Mining,Faridabad +10 other locations
5829,Hoonartek,3.4,(193),IT Services & Consulting,Pune +7 other locations
5830,CDM Smith,3.6,(193),Engineering & Construction,Bengaluru +27 other locations
5831,Cosmos Impex,4.3,(193),Industrial Machinery,Vadodara +19 other locations
5832,CETPA InfoTech,3.4,(193),IT Services & Consulting,Noida +10 other locations
5833,A3logics,3.6,(193),IT Services & Consulting,Jaipur +5 other locations
5834,Acma Computers,3.3,(193),IT Services & Consulting,Mumbai +20 other locations
5835,An Pharmaceuticals,4.4,(192),Pharma,New Delhi +19 other locations
5836,Hi-Tech,3.7,(193),Education & Training,New Delhi +58 other locations
5837,Marolix Technology Solutions,2.9,(193),IT Services & Consulting,Hyderabad +3 other locations
5838,Indel Money,3.9,(193),NBFC,Kochi +70 other locations
5839,Service Master Clean,3.8,(193),Facility Management Services,New Delhi +47 other locations
5840,Muthoot Mercantile,3.2,(193),NBFC,Thiruvananthapuram +55 other locations
5841,HomeBazaar.com,3.7,(193),Real Estate,Mumbai +9 other locations
5842,Abellon Clean Energy,3.0,(193),Other,Ahmedabad +21 other locations
5843,Vertafore,3.8,(193),IT Services & Consulting,Hyderabad +2 other locations
5844,Sun Direct TV,3.8,(193),Telecom,Chennai +50 other locations
5845,Margadarsi Chit Fund,3.6,(193),Financial Services,Hyderabad +30 other locations
5846,Knoldus Inc,3.8,(192),IT Services & Consulting,Noida +3 other locations
5847,TechMojo Solutions,4.0,(192),IT Services & Consulting,Hyderabad +1 other locations
5848,NRP Projects,4.0,(192),Engineering & Construction,Chennai +28 other locations
5849,Vivimed Labs,3.2,(192),Chemicals,Hyderabad +12 other locations
5850,Merkle Sokrati,3.7,(192),Marketing & Advertising,Pune +3 other locations
5851,Bharat Oman Refineries,3.8,(192),Oil & Gas,Bina +14 other locations
5852,DSM Infocom,2.6,(192),IT Services & Consulting,Mumbai +39 other locations
5853,Vikas Money,4.7,(192),NBFC,Palakkad +9 other locations
5854,Advids,3.6,(192),Marketing & Advertising,Pune +12 other locations
5855,Amelia,3.4,(192),IT Services & Consulting,Bengaluru +5 other locations
5856,Osam Dairy,3.9,(192),Agriculture,Ranchi +19 other locations
5857,Cerium Systems,2.8,(192),IT Services & Consulting,Bengaluru +8 other locations
5858,Cadsys,3.5,(192),IT Services & Consulting,Hyderabad +4 other locations
5859,BookMyShow,3.6,(192),Internet,Mumbai +13 other locations
5860,Monocept,3.3,(192),Software Product,Hyderabad +5 other locations
5861,Hero Future Energies,4.2,(193),Power,New Delhi +21 other locations
5862,CivilMantra Infracon Private Limited,3.7,(192),Engineering & Construction,Gurugram +4 other locations
5863,Royal Cyber,3.3,(192),IT Services & Consulting,Bengaluru +11 other locations
5864,Apis India Limited,3.6,(192),Food Processing,New Delhi +46 other locations
5865,Maharishi Markandeshwar University,3.6,(192),Education & Training,Ambala +10 other locations
5866,Green Park Hotels,4.2,(192),Hospitality,Hyderabad +13 other locations
5867,Competition Team Technology,3.6,(192),Electronics Manufacturing,Chennai +6 other locations
5868,Ducat,3.4,(192),Education & Training,Noida +12 other locations
5869,SILA Group (India),3.5,(192),Internet,Mumbai +23 other locations
5870,Iron Systems,3.2,(192),Hardware & Networking,Noida +12 other locations
5871,Affine,3.3,(192),IT Services & Consulting,Bengaluru +5 other locations
5872,Burger Singh,3.6,(192),Hospitality,Gurugram +32 other locations
5873,Paranjape Schemes (Construction) Limited,3.2,(192),Real Estate,Pune +9 other locations
5874,Anion Healthcare Services,3.9,(192),Healthcare,Hyderabad +4 other locations
5875,MYND Intergrated Solutions,3.4,(193),BPO,Gurugram +14 other locations
5876,Enrich Hair And Skin Solutions,3.5,(192),Beauty & Personal Care,Mumbai +11 other locations
5877,Epson,4.2,(192),IT Services & Consulting,Bengaluru +52 other locations
5878,UTI Asset Management Company,3.8,(192),Financial Services,Mumbai +61 other locations
5879,Zentiva,4.2,(192),Pharma,Ankleshwar +7 other locations
5880,Kundan Group,3.3,(192),Jewellery,New Delhi +21 other locations
5881,SOS Children's Village,3.3,(192),Non-Profit,New Delhi +32 other locations
5882,Gates,3.7,(192),Industrial Automation,Faridabad +20 other locations
5883,Pratibha Industries,4.4,(191),Engineering & Construction,New Delhi +21 other locations
5884,InfoService,4.1,(191),IT Services & Consulting,Bengaluru +26 other locations
5885,Monnet Group,4.5,(191),Metals & Mining,Raigarh +18 other locations
5886,Code Brew Labs,3.1,(191),IT Services & Consulting,Chandigarh +5 other locations
5887,Empower Pragati,3.6,(191),Education & Training,New Delhi +54 other locations
5888,Tonglit Autogistic,3.6,(191),Logistics,Chennai +15 other locations
5889,Emirates NBD,3.0,(191),Banking,Bengaluru +14 other locations
5890,Sigma Supply Chain Solutions,3.3,(191),Logistics,Noida +48 other locations
5891,Reventics,3.9,(191),Healthcare,Hyderabad +1 other locations
5892,Shakti Hormann,3.6,(191),Building Material,Hyderabad +17 other locations
5893,KDK Software,2.8,(191),Software Product,Jaipur +14 other locations
5894,Adcock Ingram,3.9,(191),Pharma,Bengaluru +12 other locations
5895,Aeon Credit Service,3.4,(191),Financial Services,Mumbai +12 other locations
5896,Mobile Premier League,3.7,(191),Gaming,Bengaluru +12 other locations
5897,DB Engineering & Consulting,4.2,(191),Engineering & Construction,Bengaluru +12 other locations
5898,Jayanita Exports,3.4,(191),Furniture & Furnishing,Greater Noida +11 other locations
5899,ILJIN AUTOMOTIVE,3.7,(191),Automobile,Chennai +13 other locations
5900,Adcock Ingram,3.9,(191),Pharma,Bengaluru +12 other locations
5901,Dew Solutions,3.4,(191),IT Services & Consulting,Gurugram +11 other locations
5902,Rimini Street,4.0,(191),IT Services & Consulting,Hyderabad +2 other locations
5903,Fermenta Biotech,4.3,(191),Biotechnology,Bharuch +12 other locations
5904,Kent,3.4,(191),Financial Services,Noida +56 other locations
5905,TekisHub Consulting Services,3.9,(191),IT Services & Consulting,Hyderabad +13 other locations
5906,Aeon Credit Service,3.4,(191),Financial Services,Mumbai +12 other locations
5907,Lubrizol Corporation,4.0,(191),Chemicals,Mumbai +10 other locations
5908,The Chennai Silks,3.5,(191),Fashion & Textile,Coimbatore +21 other locations
5909,ICT Service Management Solutions,3.4,(190),IT Services & Consulting,Bengaluru +11 other locations
5910,Param Renewable Energy,3.9,(190),Power,Bengaluru +38 other locations
5911,Nuance Transcription Services,4.1,(190),IT Services & Consulting,Bengaluru +10 other locations
5912,Ginni Filaments,3.8,(190),Fashion & Textile,Noida +15 other locations
5913,Tata Institute of Social Sciences,4.3,(190),Education & Training,Mumbai +35 other locations
5914,Tirupati Medicare,4.4,(190),Pharma,Paonta Sahib +14 other locations
5915,Al-Futtaim Group,3.9,(190),Retail,Dubai +18 other locations
5916,ePack Durables Solutions,3.7,(190),Electronics Manufacturing,Noida +13 other locations
5917,Edunet Foundation,4.1,(190),Non-Profit,Bengaluru +45 other locations
5918,Amtex Systems,3.2,(190),IT Services & Consulting,Chennai +7 other locations
5919,Shipco It,3.6,(190),IT Services & Consulting,Pune +4 other locations
5920,Laxmi Remote India,3.3,(190),Pharma,Noida +8 other locations
5921,Value Rcm Solutions,4.1,(190),Analytics & KPO,Kolkata +1 other locations
5922,Godavari Krishna Co-operative Society,4.8,(190),Financial Services,Vijayawada +17 other locations
5923,i-Source Infosystems,3.6,(190),IT Services & Consulting,Pune +17 other locations
5924,Givaudan,4.0,(190),Beauty & Personal Care,Pune +10 other locations
5925,Tata Main Hospital,3.8,(190),Healthcare,Jamshedpur +12 other locations
5926,Meritto,3.4,(190),Internet,Gurugram +11 other locations
5927,Tata Power Renewable Energy,4.0,(190),Power,Bengaluru +39 other locations
5928,Tecumseh Products,3.3,(190),Industrial Machinery,Faridabad +8 other locations
5929,Object Technology Solutions,3.8,(190),IT Services & Consulting,Hyderabad +11 other locations
5930,Salasar Techno Engineering,4.0,(191),Iron & Steel,Ghaziabad +27 other locations
5931,Google Maps,4.8,(190),Internet,Hyderabad +26 other locations
5932,Sahyadri Industries,3.3,(190),Building Material,Pune +27 other locations
5933,Croma Campus,3.6,(190),Education & Training,Noida +16 other locations
5934,Timezone Entertainment,3.4,(190),Events,Mumbai +35 other locations
5935,Jehangir Hospital,3.9,(190),Healthcare,Pune +5 other locations
5936,HPM Chemicals & Fertilizers,4.2,(189),Agro Chemicals,New Delhi +31 other locations
5937,Dmi Housing Finance,4.0,(190),Financial Services,New Delhi +39 other locations
5938,Radheya Machining,3.5,(189),Industrial Machinery,Pune +17 other locations
5939,Sel Manufacturing Co.,3.9,(189),Fashion & Textile,Ludhiana +14 other locations
5940,Stedman Pharmaceuticals,4.1,(189),Pharma,Chennai +31 other locations
5941,HPM Chemicals & Fertilizers,4.2,(189),Agro Chemicals,New Delhi +31 other locations
5942,PS Group,3.6,(189),Real Estate,Kolkata +10 other locations
5943,CIGNEX,3.8,(189),IT Services & Consulting,Bengaluru +11 other locations
5944,Txd (india) Technology,4.0,(189),Electronics Manufacturing,Rewari +12 other locations
5945,Neosym Industry,3.9,(189),Auto Components,Pune +8 other locations
5946,DesignCafe,3.3,(189),Architecture & Interior Design,Bengaluru +9 other locations
5947,Sims Hospital,3.8,(189),Healthcare,Chennai +19 other locations
5948,Mervice Infotech,3.7,(189),BPO,Kolkata +4 other locations
5949,Edunext Technologies,3.3,(189),EdTech,Noida +13 other locations
5950,DesiCrew Solutions,3.1,(189),Financial Services,Chennai +14 other locations
5951,Ubique Systems,3.8,(189),Recruitment,Kolkata +11 other locations
5952,Shemaroo Entertainment,3.3,(189),Media & Entertainment,Mumbai +3 other locations
5953,Biesse Manufacturing,3.6,(189),Architecture & Interior Design,Bengaluru +9 other locations
5954,Primus Techsystems,3.5,(189),IT Services & Consulting,Pune +9 other locations
5955,CloudMoyo,4.1,(189),Software Product,Pune +3 other locations
5956,Epitome Components,3.3,(189),Electrical Equipment,Ahilyanagar +10 other locations
5957,Hotel Parle International,3.8,(189),Travel & Tourism,Mumbai +74 other locations
5958,Open Financial Technologies Private Limited,3.2,(189),FinTech,Bengaluru +12 other locations
5959,LawSikho,4.0,(189),New Delhi +9 other locations,N/A
5960,Pegasus InfoCorp,2.7,(188),IT Services & Consulting,Mumbai +10 other locations
5961,Karuna Greentech,4.5,(188),Electrical Equipment,Kolkata +17 other locations
5962,NIMS University,2.9,(188),Education & Training,Jaipur +14 other locations
5963,Systopic Laboratories,4.4,(189),Pharma,New Delhi +52 other locations
5964,INFRES METHODEX,3.3,(188),Industrial Automation,New Delhi +40 other locations
5965,Overseas Health Care,3.2,(188),Pharma,Phillaur +44 other locations
5966,Fabtech Projects & Engineers,3.8,(188),Engineering & Construction,Pune +21 other locations
5967,Innovel Energy Services,3.6,(188),Power,Kolkata +14 other locations
5968,Fortune Marketing,3.6,(188),Hardware & Networking,New Delhi +31 other locations
5969,Creative Group,4.1,(188),Architecture & Interior Design,New Delhi +19 other locations
5970,NexTurn,3.9,(188),IT Services & Consulting,Hyderabad +2 other locations
5971,Afflatus Gravures,3.8,(188),Printing & Publishing,Noida +14 other locations
5972,Kayjay Forging,3.6,(188),Auto Components,Ludhiana +8 other locations
5973,Sequretek It Solutions,3.5,(188),Emerging Technologies,Mumbai +10 other locations
5974,Gameskraft,4.2,(188),Software Product,Bengaluru +2 other locations
5975,Cheema Boilers,4.1,(188),Industrial Machinery,Sahibzada Ajit Singh Nagar +13 other locations
5976,MSV International,3.9,(188),Engineering & Construction,Gurugram +67 other locations
5977,SHREE VASU LOGISTICS,3.2,(189),Logistics,Raipur +23 other locations
5978,Azure Hospitality,4.0,(188),Hospitality,New Delhi +13 other locations
5979,Lumiq,3.2,(188),IT Services & Consulting,Noida +4 other locations
5980,CPC Diagnostics,3.8,(188),Medical Equipment,Chennai +29 other locations
5981,Cogniter Technologies,3.4,(188),IT Services & Consulting,Hyderabad +21 other locations
5982,Vision IAS,2.3,(188),Education & Training,New Delhi +10 other locations
5983,Privi Speciality Chemicals,3.8,(188),Chemicals,Mahad +13 other locations
5984,Invenio Business Solutions,3.5,(188),IT Services & Consulting,Hyderabad +6 other locations
5985,Apollo Telehealth Services,4.0,(188),Healthcare,Hyderabad +41 other locations
5986,SAT n paper,4.3,(188),New Delhi +4 other locations,N/A
5987,Capricorn Logistics,3.5,(188),Logistics,Mumbai +23 other locations
5988,R-Logic Technology Services,4.1,(188),IT Services & Consulting,Bengaluru +8 other locations
5989,Panchshil Realty,4.3,(188),Real Estate,Pune +3 other locations
5990,Hubergroup,4.0,(188),Chemicals,Vapi +14 other locations
5991,Danblock Brakes,4.0,(188),Industrial Machinery,Sonipat +8 other locations
5992,SPJ group,4.0,(188),Real Estate,New Delhi +14 other locations
5993,Oliva Skin and Hair Clinics,3.8,(188),Healthcare,Hyderabad +11 other locations
5994,Mentorsity,4.4,(187),EdTech,New Delhi +11 other locations
5995,NTC Logistics India,4.0,(187),Logistics,Chennai +24 other locations
5996,VAYA Finserv,4.0,(187),Financial Services,Hyderabad +47 other locations
5997,Massive Restaurants,3.9,(187),Hospitality,New Delhi +17 other locations
5998,"L&T Construction, Mining and Industrial Machinery",4.0,(187),Industrial Machinery,Bengaluru +42 other locations
5999,Raptim Research,4.5,(187),Clinical Research,Mumbai +5 other locations
6000,Psychotropics India,3.8,(187),Pharma,Haridwar +18 other locations
6001,C.G. Marketing,3.9,(187),Marketing & Advertising,Pune +21 other locations
6002,Carwale,3.2,(187),Internet,Mumbai +21 other locations
6003,Government of Bihar,3.5,(187),Government,Patna +33 other locations
6004,LS Automotive India,3.5,(187),Auto Components,Chennai +6 other locations
6005,Abu Dhabi National Hotels,4.0,(187),Hospitality,Abu Dhabi +8 other locations
6006,Aditya Anagha Multi State Credit Co-Operative Society,4.8,(187),Banking,Nagpur +30 other locations
6007,Godrej Tyson Food,3.9,(187),Food Processing,Mumbai +35 other locations
6008,Eshopbox Ecommerce,2.8,(187),Internet,Gurugram +5 other locations
6009,American InfoSource,3.2,(187),IT Services & Consulting,Vadodara +2 other locations
6010,Zenoti,2.8,(187),IT Services & Consulting,Hyderabad +3 other locations
6011,SmartSchool Education,4.6,(187),EdTech,Noida +13 other locations
6012,Illusion Dental Laboratory,3.3,(187),Medical Equipment,Mumbai +26 other locations
6013,Kumar Organic Products,3.4,(187),Chemicals,Bengaluru +16 other locations
6014,Cex Webuy Entertainment,3.5,(187),Retail,Mumbai +10 other locations
6015,Dr. Willmar Schwabe India,3.9,(187),Healthcare,Noida +29 other locations
6016,Eglo India,3.2,(188),Consumer Electronics & Appliances,Bawal +9 other locations
6017,Toto India Industries,3.7,(187),Building Material,Vadodara +14 other locations
6018,Profinch Solutions,3.5,(187),FinTech,Bengaluru +6 other locations
6019,CapitalVia,4.0,(187),Analytics & KPO,Indore +8 other locations
6020,Soch Apparels,4.4,(187),Fashion & Textile,Bengaluru +42 other locations
6021,Bureau of Indian Standards,4.0,(187),Government,New Delhi +28 other locations
6022,OASYS Tech Solutions,3.7,(187),IT Services & Consulting,Bhubaneswar +16 other locations
6023,Inteva Products,3.6,(187),Auto Components,Bengaluru +3 other locations
6024,Gainwell Technologies,4.1,(187),IT Services & Consulting,Bengaluru +10 other locations
6025,Vardhman Special Steels,4.0,(187),Iron & Steel,Ludhiana +5 other locations
6026,Moneyboxx Finance,3.7,(187),NBFC,Mumbai +81 other locations
6027,Toyo INK,4.0,(187),Chemicals,Greater Noida +14 other locations
6028,Crescon Projects & Services,3.6,(187),Engineering & Construction,Chennai +22 other locations
6029,Ican BPO,4.4,(186),BPO,Thane +3 other locations
6030,M*Modal,3.6,(186),IT Services & Consulting,Bengaluru +10 other locations
6031,Vmoksha Technologies,4.5,(186),IT Services & Consulting,Bengaluru +4 other locations
6032,Hogarth Worldwide,3.5,(186),Marketing & Advertising,Chennai +7 other locations
6033,Gangavaram Port,3.4,(186),Ports & Shipping,Visakhapatnam +8 other locations
6034,Arabtec Construction,4.2,(186),Engineering & Construction,New Delhi +12 other locations
6035,EbixCash Financial Technologies,2.8,(186),IT Services & Consulting,Pune +14 other locations
6036,Minda Stoneridge Instruments,3.3,(186),Auto Components,Pune +7 other locations
6037,Cinda Engineering & Construction,4.1,(186),Engineering & Construction,Noida +13 other locations
6038,Swipewire Technologies,3.8,(186),Software Product,Chennai +4 other locations
6039,Fare Labs,2.7,(186),Analytics & KPO,Gurugram +6 other locations
6040,Excel Industries,3.9,(186),Agro Chemicals,Mumbai +24 other locations
6041,Ilensys Technologies,4.1,(186),Engineering & Construction,Hyderabad +3 other locations
6042,ARC Document Solutions,2.7,(186),Printing & Publishing,Kolkata +4 other locations
6043,Blue Rose Technologies,4.0,(186),IT Services & Consulting,Bengaluru +12 other locations
6044,Phenix Construction Technologies,3.9,(186),Engineering & Construction,Ahmedabad +13 other locations
6045,Source One Management Services,3.4,(186),IT Services & Consulting,Bengaluru +12 other locations
6046,Four Seasons Hotel,3.8,(186),Hospitality,Mumbai +19 other locations
6047,Ambuja Cement Foundation,3.9,(186),Non-Profit,Jaipur +63 other locations
6048,Sfc Solutions,3.6,(186),Automobile,Chennai +19 other locations
6049,Symed Labs,3.8,(186),Pharma,Hyderabad +7 other locations
6050,Ecolab Digital Center,3.5,(186),Chemicals,Bengaluru +3 other locations
6051,Auto Ignition,3.7,(186),Auto Components,Faridabad +9 other locations
6052,S kant Healthcare Ltd,4.6,(185),Pharma,Vapi +8 other locations
6053,HEUBACH Colour,3.9,(185),Chemicals,Ankleshwar +14 other locations
6054,JK Agri Genetics,3.5,(185),Biotechnology,Hyderabad +52 other locations
6055,Towell Engineering Group,3.6,(185),Engineering & Construction,Muscat +13 other locations
6056,Appiness Interactive,4.3,(185),IT Services & Consulting,Bengaluru +5 other locations
6057,Accutest Research Laboratories,3.2,(185),Clinical Research,Mumbai +7 other locations
6058,Gunnebo,3.8,(185),Defence & Aerospace,Vadodara +13 other locations
6059,Flowmore,3.6,(185),Industrial Machinery,Ghaziabad +17 other locations
6060,INDIA TODAY GROUP,3.6,(185),Media & Entertainment,Noida +12 other locations
6061,International Travel House,3.9,(185),Hospitality,New Delhi +20 other locations
6062,Kiran Foreign Trade,3.0,(185),Software Product,Sahibzada Ajit Singh Nagar +9 other locations
6063,Walstar Technologies,4.1,(185),IT Services & Consulting,Kolhapur +3 other locations
6064,Flowmore,3.6,(185),Industrial Machinery,Ghaziabad +17 other locations
6065,The Hindu Group,3.8,(185),Printing & Publishing,Chennai +19 other locations
6066,Target Engineering Construction Company,3.9,(185),Engineering & Construction,Abu Dhabi +16 other locations
6067,The Pride Hotel,3.2,(185),Hospitality,Pune +23 other locations
6068,Sadhu Forging,3.6,(185),Industrial Machinery,Faridabad +8 other locations
6069,HLE Glascoat,3.3,(185),Industrial Machinery,Anand +9 other locations
6070,Inspiredge IT Solutions,4.0,(185),IT Services & Consulting,Visakhapatnam +4 other locations
6071,Zuari Agro Chemicals,3.8,(185),Agro Chemicals,Vasco Da Gama +55 other locations
6072,Stumpp Schuele & Somappa Springs,3.3,(185),Industrial Machinery,Bengaluru +9 other locations
6073,VBeyond Corporation,3.9,(185),Recruitment,Lucknow +8 other locations
6074,Euronet Worldwide,3.5,(185),FinTech,Mumbai +10 other locations
6075,The House of Abhinandan Lodha,3.1,(185),Real Estate,Mumbai +9 other locations
6076,Burman Hospitality,3.8,(185),Hospitality,New Delhi +26 other locations
6077,MasterSoft ERP Solutions,3.1,(185),Software Product,Nagpur +14 other locations
6078,Monomark Engineering,4.1,(185),Engineering & Construction,Chittorgarh +25 other locations
6079,AlmaBetter,3.7,(185),Bengaluru +11 other locations,N/A
6080,C-quel Management Services,4.2,(184),Accounting & Auditing,Kolkata +14 other locations
6081,Theon Pharmaceuticals,3.9,(184),Pharma,Baddi +13 other locations
6082,Virbac Animal Health,4.0,(184),Pharma,Mumbai +57 other locations
6083,Apollo Spectra Hospitals,4.4,(184),Healthcare,New Delhi +20 other locations
6084,Maksat Technologies,3.4,(184),Telecom,New Delhi +37 other locations
6085,TALENTEDGE,3.2,(184),EdTech,Pune +11 other locations
6086,Goibibo,2.5,(184),Internet,Gurugram +19 other locations
6087,TVS Automobiles Solutions,3.5,(184),Chennai +37 other locations,N/A
6088,CleanMax Enviro Energy Solutions,4.3,(184),Power,Mumbai +28 other locations
6089,Teleminds Infotech,2.8,(184),BPO,Kolkata +2 other locations
6090,Reliance Smart Point,4.3,(184),Bengaluru +80 other locations,N/A
6091,Labtron Equipment,3.5,(184),Hyderabad +9 other locations,N/A
6092,Cyient DLM,3.8,(184),Hyderabad +5 other locations,N/A
6093,Corient Business Solutions,3.1,(184),Accounting & Auditing,Mumbai +8 other locations
6094,Elsevier,3.6,(184),Printing & Publishing,Bengaluru +11 other locations
6095,Bajaj Steel Industries,3.3,(184),Industrial Machinery,Nagpur +8 other locations
6096,Kyb Motorcycle Suspension,3.8,(184),Industrial Machinery,Chennai +13 other locations
6097,Virinchi Technologies,3.2,(184),IT Services & Consulting,Hyderabad +5 other locations
6098,NMTronics India Private Limited,3.2,(184),Electronics Manufacturing,Noida +10 other locations
6099,Relyon Softech,4.0,(184),Software Product,Bengaluru +15 other locations
6100,INOXCVA,3.2,(184),Engineering & Construction,Vadodara +16 other locations
6101,Eicher Trucks and Buses,4.5,(184),Automobile,Indore +53 other locations
6102,Nandi Toyota,3.8,(184),Automobile,Bengaluru +6 other locations
6103,ASK-EHS Engineering & Consultants,3.6,(184),Engineering & Construction,Surat +32 other locations
6104,Sagar Hospital,4.3,(184),Healthcare,Bengaluru +7 other locations
6105,Celon Laboratories,3.3,(184),Pharma,Hyderabad +23 other locations
6106,Thriveni Sainik Mining,4.3,(184),Metals & Mining,Hazaribag +11 other locations
6107,AMS Comtel BPMS,3.1,(184),IT Services & Consulting,New Delhi +13 other locations
6108,Naresh i Technologies,3.9,(184),IT Services & Consulting,Hyderabad +10 other locations
6109,CTR Manufacturing Industries,3.6,(184),Industrial Machinery,Pune +10 other locations
6110,Architect Hafeez Contractor,3.1,(183),Architecture & Interior Design,Mumbai +9 other locations
6111,TalentServe,2.0,(182),Software Product,Mumbai +8 other locations
6112,KerryIndev Logistics,3.8,(183),Logistics,Chennai +32 other locations
6113,L&T Infrastructure Development Projects,4.0,(183),Engineering & Construction,Chennai +39 other locations
6114,Indian Council of Medical Research,4.2,(183),Healthcare,New Delhi +39 other locations
6115,WNS Denali,3.5,(183),Management Consulting,Pune +10 other locations
6116,Fangs Technology,4.0,(183),Consumer Electronics & Appliances,Chennai +25 other locations
6117,Ansal Api,3.9,(183),Real Estate,New Delhi +17 other locations
6118,Epimoney,3.3,(183),Financial Services,Mumbai +18 other locations
6119,Fiat Chrysler Automobiles,3.7,(183),Automobile,Chennai +13 other locations
6120,SEG Automotive,4.0,(183),Auto Components,Bengaluru +7 other locations
6121,Private Practice,4.5,(183),New Delhi +73 other locations,N/A
6122,Kriya NextWealth,3.6,(183),Chittoor +9 other locations,N/A
6123,Market Xcel Data Matrix,2.7,(183),Analytics & KPO,New Delhi +30 other locations
6124,Mitsuba,3.6,(183),Auto Components,Gurugram +13 other locations
6125,Cloudstrats Technologies,3.0,(183),IT Services & Consulting,Mumbai +12 other locations
6126,Advantage One Tax Consulting,4.0,(183),Financial Services,Hyderabad +4 other locations
6127,MaxVal Group,3.2,(183),IT Services & Consulting,Coimbatore +8 other locations
6128,Accurate Engineering Company,3.2,(183),Industrial Machinery,Pune +26 other locations
6129,GoMechanic,3.3,(183),Internet,Gurugram +23 other locations
6130,Tata Passenger Electric Mobility,4.2,(183),Automobile,Ahmedabad +14 other locations
6131,Karam Safety,4.2,(183),Industrial Machinery,Lucknow +22 other locations
6132,Vestian Global Workplace Services,3.3,(183),Real Estate,Bengaluru +16 other locations
6133,IFB Agro Industries,4.0,(183),Beverage,Kolkata +32 other locations
6134,Jeena & Company,3.6,(183),Logistics,Mumbai +24 other locations
6135,Vilcart,3.7,(183),Internet,Bengaluru +51 other locations
6136,Cornerstone OnDemand,3.3,(183),Software Product,Pune +6 other locations
6137,Mangal Industries,3.8,(183),Auto Components,Tirupati +19 other locations
6138,Aptonline,3.3,(183),IT Services & Consulting,Hyderabad +6 other locations
6139,RattanIndia Power,3.5,(183),Power,Amravati +9 other locations
6140,GoMechanic,3.3,(183),Internet,Gurugram +23 other locations
6141,Tata Passenger Electric Mobility,4.2,(183),Automobile,Ahmedabad +14 other locations
6142,Celio Future Fashion,4.4,(182),Retail,Mumbai +48 other locations
6143,Ring Plus Aqua,4.2,(182),Auto Components,Nashik +7 other locations
6144,Jai Kisan,3.2,(182),Internet,Mumbai +32 other locations
6145,Childline India Foundation,4.3,(182),Non-Profit,Mumbai +70 other locations
6146,Tata Memorial Hospital,4.1,(182),Healthcare,Mumbai +10 other locations
6147,Woodrock Infotech Private Limited,2.9,(182),BPO,Kolkata +5 other locations
6148,Starworth Infrastructure Construction,3.6,(182),Engineering & Construction,Bengaluru +8 other locations
6149,Paisalo Digital,3.5,(182),NBFC,New Delhi +64 other locations
6150,Incrementors Web Solutions,3.9,(182),Financial Services,New Delhi +3 other locations
6151,Hyundai Heavy Industries,3.4,(182),Industrial Machinery,Pune +17 other locations
6152,Oxford University Press,3.1,(182),Printing & Publishing,New Delhi +29 other locations
6153,Walker Chandiok & Co,3.1,(182),Accounting & Auditing,Mumbai +13 other locations
6154,APOLLO POWER SYSTEMS,3.8,(182),Electrical Equipment,Bengaluru +9 other locations
6155,Krystal Integrated Services Limited,4.1,(182),Facility Management Services,Mumbai +25 other locations
6156,SeQuent Scientific,3.7,(182),Pharma,Mumbai +17 other locations
6157,Donear Industries,3.3,(182),Fashion & Textile,Mumbai +19 other locations
6158,Ravi Foods,3.8,(182),Food Processing,Hyderabad +35 other locations
6159,Ghatge Patil Industries,3.8,(182),Industrial Machinery,Kolhapur +8 other locations
6160,cFIRST,3.9,(182),Recruitment,Ahmedabad +7 other locations
6161,Prgx India,3.4,(182),Accounting & Auditing,Pune +2 other locations
6162,S V S Projects India,3.1,(182),Engineering & Construction,Hyderabad +9 other locations
6163,Digital Web Solutions,3.7,(182),IT Services & Consulting,Gurugram +8 other locations
6164,Birdeye,3.1,(182),Marketing & Advertising,Gurugram +4 other locations
6165,Krystal Integrated Services Limited,4.1,(182),Facility Management Services,Mumbai +25 other locations
6166,Ghatge Patil Industries,3.8,(182),Industrial Machinery,Kolhapur +8 other locations
6167,DSM SOFT,3.0,(182),IT Services & Consulting,Tiruchirappalli +6 other locations
6168,SBL Knowledge Services,3.0,(182),IT Services & Consulting,Madurai +15 other locations
6169,APOLLO POWER SYSTEMS,3.8,(182),Electrical Equipment,Bengaluru +9 other locations
6170,Translumina Therapeutics,3.3,(182),Healthcare,New Delhi +16 other locations
6171,GVK Group,3.8,(182),Engineering & Construction,Hyderabad +38 other locations
6172,Holy Family Hospital,3.5,(182),Healthcare,New Delhi +12 other locations
6173,Birla Cellulose,3.6,(182),Pulp & Paper,Bharuch +15 other locations
6174,Saatvik Green Energy,3.9,(182),Power,Ambala +12 other locations
6175,Lohum Cleantech,3.4,(182),Semiconductors,Greater Noida +9 other locations
6176,Jarvis Technology and Strategy Consulting,3.3,(182),Management Consulting,New Delhi +38 other locations
6177,Equentis Wealth Advisory Services,3.4,(182),Financial Services,Mumbai +5 other locations
6178,Maschio Gaspardo,3.7,(182),Industrial Machinery,Pune +26 other locations
6179,Cadworks India,4.9,(182),Design,New Delhi +6 other locations
6180,Vehere Technologies,4.5,(181),IT Services & Consulting,Kolkata +7 other locations
6181,Ayoki Fabricon,3.8,(181),Engineering & Construction,Pune +26 other locations
6182,Prione Business Services,4.4,(181),Retail,Bengaluru +24 other locations
6183,Global Hospital Pune India,3.8,(181),Healthcare,Mumbai +19 other locations
6184,Asianet Satellite Communications,4.5,(181),Internet,Thiruvananthapuram +23 other locations
6185,Li & Fung,3.9,(181),Electrical Equipment,Gurugram +12 other locations
6186,Laminaar Aviation Infotech,2.6,(181),IT Services & Consulting,Bengaluru +5 other locations
6187,Sunera Technologies,3.5,(181),IT Services & Consulting,Hyderabad +5 other locations
6188,Lithium Urban Technologies,3.4,(182),Urban Transport,Bengaluru +13 other locations
6189,Arwade Infrastructure,4.0,(181),Engineering & Construction,Pune +13 other locations
6190,Reliance Corporate IT Park,4.0,(181),Mumbai +38 other locations,N/A
6191,Essencea Infoserv,2.7,(181),BPO,Hyderabad +6 other locations
6192,Oswal Group,3.8,(181),Fashion & Textile,Ludhiana +15 other locations
6193,Bambino Agro Industries,4.0,(181),Food Processing,Hyderabad +30 other locations
6194,Swelect Energy Systems,4.0,(181),Electrical Equipment,Chennai +41 other locations
6195,U.S. Polo Assn,4.4,(181),Retail,Bengaluru +55 other locations
6196,Intense Technologies,3.5,(181),IT Services & Consulting,Hyderabad +13 other locations
6197,Savills,3.7,(181),Real Estate,Bengaluru +15 other locations
6198,SVN SYSTECH INDIA,3.3,(182),IT Services & Consulting,Mumbai +25 other locations
6199,RT Network Solutions,3.4,(181),IT Services & Consulting,Kolkata +34 other locations
6200,Heavy Engineering Corporation,3.6,(181),Engineering & Construction,Ranchi +10 other locations
6201,Intense Technologies,3.5,(181),IT Services & Consulting,Hyderabad +13 other locations
6202,Ayoki Fabricon,3.8,(181),Engineering & Construction,Pune +26 other locations
6203,Blue Tokai Coffee Roasters,3.8,(181),Beverage,New Delhi +10 other locations
6204,Oswal Group,3.8,(181),Fashion & Textile,Ludhiana +15 other locations
6205,PC Financial Services,4.1,(181),Financial Services,Gurugram +4 other locations
6206,National Aerospace Laboratories,4.3,(181),Defence & Aerospace,Bengaluru +2 other locations
6207,RT Network Solutions,3.4,(181),IT Services & Consulting,Kolkata +34 other locations
6208,Zeon Lifesciences,3.9,(181),Fitness & Wellness,Paonta Sahib +6 other locations
6209,SVN SYSTECH INDIA,3.3,(181),IT Services & Consulting,Mumbai +25 other locations
6210,Nippon Konpo,4.1,(181),Logistics,Gurugram +17 other locations
6211,Gateway Group of Companies,2.4,(181),IT Services & Consulting,Ahmedabad +7 other locations
6212,OneAdvanced,2.9,(181),IT Services & Consulting,Bengaluru +6 other locations
6213,Admiral Solutions,3.2,(181),IT Services & Consulting,New Delhi +4 other locations
6214,United Nations Development Programme,4.1,(181),Non-Profit,New Delhi +60 other locations
6215,Savills,3.7,(181),Real Estate,Bengaluru +15 other locations
6216,Impresario Entertainment & Hospitality,4.2,(181),Hospitality,Mumbai +16 other locations
6217,Eurofins Advinus,3.5,(181),Pharma,Bengaluru +7 other locations
6218,Manikaran Power Limited,3.3,(181),Power,New Delhi +13 other locations
6219,A2Z Infraservices,3.9,(181),Facility Management Services,New Delhi +22 other locations
6220,Trellix,3.5,(181),Software Product,Bengaluru +3 other locations
6221,Manikaran Power Limited,3.3,(181),Power,New Delhi +13 other locations
6222,A2Z Infraservices,3.9,(181),Facility Management Services,New Delhi +22 other locations
6223,Admiral Solutions,3.2,(181),IT Services & Consulting,New Delhi +4 other locations
6224,Magnit Global,3.4,(182),Software Product,Vadodara +6 other locations
6225,TezTecch,4.8,(181),IT Services & Consulting,Nagpur
6226,Amentum,3.8,(181),Defence & Aerospace,Bengaluru +21 other locations
6227,Axa Parenterals,3.8,(181),Medical Equipment,Roorkee +9 other locations
6228,PPMS Field Marketing,3.9,(181),Marketing & Advertising,Chennai +34 other locations
6229,Simpa Energy,4.6,(180),Power,Noida +32 other locations
6230,Miraj Group,4.0,(181),Printing & Publishing,Udaipur +26 other locations
6231,Kamdhenu,3.6,(180),Building Material,Gurugram +45 other locations
6232,Citylife Retail,3.3,(180),Retail,Kolkata +45 other locations
6233,Central Institute of Plastics Engineering & Technology,3.7,(180),Education & Training,Chennai +36 other locations
6234,Sistema Shyam Teleservices,4.9,(180),Telecom,Gurugram +42 other locations
6235,Radiant Appliances,4.1,(180),Electronics Manufacturing,Hyderabad +6 other locations
6236,Kolors Healthcare,3.7,(180),Healthcare,Hyderabad +31 other locations
6237,FreshersNow,4.0,(180),Hyderabad +39 other locations,N/A
6238,Maccaferri,3.8,(180),Real Estate,Gurugram +32 other locations
6239,Gangar Eyenation,3.8,(180),Retail,Mumbai +22 other locations
6240,Gangar Eyenation,3.8,(180),Retail,Mumbai +22 other locations
6241,MSL Driveline Systems,4.2,(180),Auto Components,Nashik +8 other locations
6242,Volante Technologies,3.3,(180),FinTech,Chennai +5 other locations
6243,Kamdhenu,3.6,(180),Building Material,Gurugram +45 other locations
6244,SYNCHRONIZED SUPPLY SYSTEMS,4.0,(180),Logistics,Gurugram +19 other locations
6245,Cadmaxx Solutions,3.6,(180),IT Services & Consulting,Bengaluru +13 other locations
6246,Miraj Group,4.0,(181),Printing & Publishing,Udaipur +26 other locations
6247,Nabard Consultancy Services,3.8,(181),Management Consulting,New Delhi +58 other locations
6248,Deccan Cements,4.0,(180),Building Material,Hyderabad +16 other locations
6249,Micromatic Grinding Technologies,4.0,(180),Industrial Machinery,Ghaziabad +7 other locations
6250,Hindustan Platinum,3.5,(180),Metals & Mining,Mumbai +4 other locations
6251,Anytime Fitness,3.6,(180),Fitness & Wellness,New Delhi +31 other locations
6252,Integrated Enterprises,3.8,(180),Financial Services,Chennai +34 other locations
6253,Indus Motors,4.1,(180),Automobile,Kochi +32 other locations
6254,Rajhans Group of Industries,4.2,(180),Real Estate,Surat +17 other locations
6255,Monginis Foods,3.4,(180),Food Processing,Mumbai +28 other locations
6256,Natural Remedies,3.8,(180),Pharma,Bengaluru +21 other locations
6257,Techugo,3.6,(180),Software Product,Noida +7 other locations
6258,Institute of Language Management,4.3,(180),Education & Training,Bengaluru +13 other locations
6259,Graygraph Technologies Private Limited,4.3,(180),IT Services & Consulting,Noida +5 other locations
6260,Dr B Lal Clinical Laboratory,4.0,(180),Healthcare,Jaipur +13 other locations
6261,Healthplix Technologies,3.0,(180),Fitness & Wellness,Bengaluru +30 other locations
6262,Allset Business Solutions,3.8,(181),BPO,Chennai +11 other locations
6263,Arvind Smartspaces Limited,3.6,(180),Real Estate,Ahmedabad +6 other locations
6264,Feedback Energy Distribution Company,3.6,(179),Power,Bhubaneswar +31 other locations
6265,Lakme Salon,3.9,(179),Beauty & Personal Care,Bengaluru +47 other locations
6266,Jayem Automotives,3.4,(179),Auto Components,Coimbatore +8 other locations
6267,Jaslok Hospital and Research Centre,4.0,(179),Healthcare,Mumbai +9 other locations
6268,Lal Baba Seamless Tubes,3.0,(179),Industrial Machinery,Haldia +6 other locations
6269,Veeline Industries,4.3,(179),Surat +7 other locations,N/A
6270,Careers360,3.0,(179),Education & Training,Gurugram +10 other locations
6271,Cubastion Consulting,2.9,(179),IT Services & Consulting,Gurugram +5 other locations
6272,Globe Capital Market,3.4,(179),Investment Banking / Venture Capital / Private Equity,New Delhi +32 other locations
6273,Gpt Infraprojects,3.9,(179),Engineering & Construction,Kolkata +25 other locations
6274,Bhavna Corp.,3.4,(179),IT Services & Consulting,Noida +7 other locations
6275,Matrix Cellular Services,4.2,(179),Telecom,New Delhi +20 other locations
6276,Aptia,2.7,(179),IT Services & Consulting,Mumbai +7 other locations
6277,Aster Cmi Hospital,3.8,(179),Healthcare,Bengaluru +7 other locations
6278,Crif Solutions,3.2,(179),FinTech,Pune +3 other locations
6279,River Engineering,3.6,(179),Industrial Machinery,Greater Noida +10 other locations
6280,Careers360,3.0,(179),Education & Training,Gurugram +10 other locations
6281,Cubastion Consulting,2.9,(179),IT Services & Consulting,Gurugram +5 other locations
6282,Sulphur Mills,3.6,(179),Agro Chemicals,Mumbai +31 other locations
6283,All India Council Technical Education,4.4,(179),New Delhi +30 other locations,N/A
6284,Kapil Chit Funds,4.1,(179),FinTech,Hyderabad +47 other locations
6285,Bhavna Corp.,3.4,(179),IT Services & Consulting,Noida +7 other locations
6286,Divgi Torqtransfer Systems,3.1,(179),Auto Components,Pune +7 other locations
6287,NeST Digital,3.5,(179),IT Services & Consulting,Kochi +9 other locations
6288,Tech2Globe,4.1,(179),IT Services & Consulting,New Delhi +1 other locations
6289,DESIGNCO,4.0,(180),Import & Export,Moradabad +7 other locations
6290,Hitek Syndicate,3.6,(178),Banking,New Delhi +16 other locations
6291,KNNX Corp,2.6,(178),IT Services & Consulting,Noida +7 other locations
6292,ABT Maruti,3.9,(178),Automobile,Chennai +20 other locations
6293,Denso Ten Minda India,4.1,(178),Auto Components,Bawal +10 other locations
6294,Don Bosco Tech Society,4.0,(178),Non-Profit,New Delhi +50 other locations
6295,Shankar Packagings,2.6,(178),Packaging,Vadodara +6 other locations
6296,Sharda Hospital,3.8,(178),Healthcare,Greater Noida +8 other locations
6297,Fichtner Consulting Engineers,3.8,(178),Engineering & Construction,Chennai +24 other locations
6298,Proventech,4.2,(178),Software Product,Hyderabad +4 other locations
6299,Traya Health,3.6,(178),Fitness & Wellness,Mumbai +7 other locations
6300,Novopor Advanced Science,4.1,(178),Chemicals,Visakhapatnam +5 other locations
6301,Infinity Data Technologies,3.4,(178),IT Services & Consulting,Pune +7 other locations
6302,M&G India,3.4,(178),Financial Services,Mumbai +5 other locations
6303,Ananda Dairy,4.0,(178),Agriculture,Noida +34 other locations
6304,Diksha Technologies,3.0,(178),IT Services & Consulting,Bengaluru +6 other locations
6305,SmartQ - Bottle Lab Technologies,4.1,(178),Software Product,Bengaluru +13 other locations
6306,APAC Financial Services,4.1,(178),Financial Services,Mumbai +79 other locations
6307,Geno Pharmaceuticals,3.0,(178),Pharma,Mumbai +42 other locations
6308,nurture.farm,3.2,(178),Agriculture,Bengaluru +44 other locations
6309,Infibeam Avenues,3.2,(178),IT Services & Consulting,Mumbai +11 other locations
6310,RPP Infra Projects,3.9,(178),Engineering & Construction,Chennai +31 other locations
6311,Wellspring Healthcare,2.7,(178),Healthcare,Mumbai +27 other locations
6312,Lalitpur Power Generation,4.3,(178),Power,Lalitpur +10 other locations
6313,Gopalan Enterprises,4.0,(177),Real Estate,Bengaluru +6 other locations
6314,Anand Rathi Wealth Limited,3.2,(178),Financial Services,Mumbai +23 other locations
6315,Experian,3.7,(178),FinTech,Hyderabad +6 other locations
6316,GD Goenka University,3.6,(178),Education & Training,Gurugram +32 other locations
6317,Ciklum,3.5,(178),IT Services & Consulting,Pune +3 other locations
6318,Hyderabad Metro Rail,4.1,(178),Railways,Hyderabad +5 other locations
6319,Bharat Benz,4.3,(179),Automobile,Chennai +78 other locations
6320,Thinksynq Solutions,3.8,(177),Management Consulting,Chennai +14 other locations
6321,Swaraj Engines,3.7,(177),Automobile,Sahibzada Ajit Singh Nagar +10 other locations
6322,Dr ITM,3.2,(177),BPO,Jaipur +15 other locations
6323,GUVI,3.5,(177),EdTech,Chennai +9 other locations
6324,Archean Chemical Industries,3.8,(177),Chemicals,Bhuj +18 other locations
6325,Gnrc Hospital,3.7,(177),Healthcare,Guwahati +13 other locations
6326,NHPC,4.2,(178),Power,Faridabad +26 other locations
6327,Goel Ganga Group,3.5,(177),Real Estate,Pune +4 other locations
6328,Arvind Technocrats & Engineers LLP,3.7,(177),Engineering & Construction,New Delhi +31 other locations
6329,Cipla Industries,4.0,(177),Pharma,Indore +31 other locations
6330,Dayal Group,4.0,(177),Agriculture,Lucknow +44 other locations
6331,CR Asia,3.9,(177),Oil & Gas,Jamnagar +12 other locations
6332,Apollo Cradle,4.2,(177),Healthcare,Bengaluru +13 other locations
6333,Kanerika Software,4.2,(177),IT Services & Consulting,Hyderabad +5 other locations
6334,ObjectWin Technology,3.6,(177),Recruitment,Bengaluru +8 other locations
6335,Aster MIMS,4.4,(177),Healthcare,Kozhikode +19 other locations
6336,Jagatjit Industries,3.6,(178),Beverage,New Delhi +23 other locations
6337,Radix Electrosystems,3.4,(177),Electronics Manufacturing,Mumbai +14 other locations
6338,Ashish Life Science,3.7,(177),Pharma,Mumbai +10 other locations
6339,Polyplastics,3.7,(177),Petrochemicals,Ahmedabad +24 other locations
6340,Aster MIMS,4.4,(177),Healthcare,Kozhikode +19 other locations
6341,Cytecare Cancer Hospital,4.6,(177),Healthcare,Bengaluru +3 other locations
6342,Jubilant Industries,3.8,(177),Agro Chemicals,New Delhi +35 other locations
6343,Ramee Group of Hotels,3.4,(177),Hospitality,Mumbai +17 other locations
6344,Radix Electrosystems,3.4,(177),Electronics Manufacturing,Mumbai +14 other locations
6345,Sun Technologies,3.2,(177),IT Services & Consulting,Bengaluru +7 other locations
6346,Lennox India Technology Centre,3.6,(178),Industrial Machinery,Chennai +2 other locations
6347,Freyr Energy Services,3.6,(177),Power,Hyderabad +30 other locations
6348,Dr Shroff Charity Eye Hospital,3.7,(177),Healthcare,New Delhi +12 other locations
6349,W3Global,3.3,(177),Recruitment,Hyderabad +6 other locations
6350,Sandfits Foundries,4.1,(177),Auto Components,Coimbatore +3 other locations
6351,Kanerika Software,4.2,(177),IT Services & Consulting,Hyderabad +5 other locations
6352,Ashish Life Science,3.7,(177),Pharma,Mumbai +10 other locations
6353,Sitics Logistic Solutions,3.0,(177),Financial Services,Palakkad +52 other locations
6354,Harbinger Systems,3.5,(178),Software Product,Pune +2 other locations
6355,S.M. Consultants,3.4,(178),Management Consulting,Bhubaneswar +23 other locations
6356,L&T Buildings & Factories,3.8,(176),Engineering & Construction,Mumbai +27 other locations
6357,Ultra Engineers,4.0,(176),Industrial Machinery,Pune +8 other locations
6358,Leena Powertech Engineers,3.7,(176),Engineering & Construction,Mumbai +12 other locations
6359,Presidency University,2.6,(176),Education & Training,Bengaluru +7 other locations
6360,MEP Infrastructure Developers,3.8,(176),Engineering & Construction,Mumbai +20 other locations
6361,Poonawalla Finance,3.8,(176),NBFC,Pune +82 other locations
6362,Mandovi Motors,3.7,(176),Auto Components,Bengaluru +6 other locations
6363,Informatica,3.8,(176),Software Product,Bengaluru +10 other locations
6364,Maya Academy of Advanced Cinematics,3.0,(176),Animation & VFX,New Delhi +39 other locations
6365,3F Industries,3.5,(177),Food Processing,Nellore +23 other locations
6366,Sri Ranganathar Industries,3.3,(176),Industrial Machinery,Coimbatore +6 other locations
6367,CRED,3.6,(177),FinTech,Bengaluru +15 other locations
6368,General Diagnostics International Private Limited,3.1,(176),Healthcare,Mumbai +27 other locations
6369,IPL Biologicals,4.1,(176),Agriculture,Gurugram +35 other locations
6370,Inox Green Energy Services,3.9,(176),Electrical Equipment,Rajkot +41 other locations
6371,St. Joseph's School,4.2,(176),Education & Training,Lucknow +67 other locations
6372,DMI,3.9,(176),IT Services & Consulting,Noida +17 other locations
6373,Toyota Boshoku Automotive,4.1,(176),Auto Components,Bengaluru +18 other locations
6374,MiM-Essay,4.5,(178),Education & Training,New Delhi +2 other locations
6375,Metayb,3.9,(176),IT Services & Consulting,Chennai +1 other locations
6376,Cashfree Payments,3.0,(176),FinTech,Bengaluru +6 other locations
6377,Glatt Systems,3.7,(176),Pharma,Pune +2 other locations
6378,Caparo Group,4.0,(176),Oil & Gas,Chennai +29 other locations
6379,General Industrial Controls,3.6,(176),Industrial Automation,Pune +14 other locations
6380,3F Industries,3.5,(177),Food Processing,Nellore +23 other locations
6381,Caparo Group,4.0,(176),Oil & Gas,Chennai +29 other locations
6382,Simple Energy,3.9,(177),Automobile,Bengaluru +8 other locations
6383,Vastu Finserve,4.0,(176),NBFC,New Delhi +69 other locations
6384,Supple Tek Industries,3.4,(176),Food Processing,Amritsar +41 other locations
6385,Pan Gulf Technologies,4.0,(175),Design,Mumbai +8 other locations
6386,EASTMAN EXPORTS GLOBAL CLOTHING PVT.LTD,3.6,(175),Fashion & Textile,Tiruppur +10 other locations
6387,Brandix India Apparel City,3.9,(175),Fashion & Textile,Visakhapatnam +4 other locations
6388,Talwalkars Better Value Fitness,4.1,(175),Fitness & Wellness,Mumbai +55 other locations
6389,Swal Corporation,4.2,(175),Agro Chemicals,Pune +75 other locations
6390,Apptunix,4.2,(175),Software Product,Sahibzada Ajit Singh Nagar +5 other locations
6391,Doordarshan,4.0,(175),Broadcasting,New Delhi +39 other locations
6392,Alliant Talent,2.2,(175),Accounting & Auditing,Hyderabad +4 other locations
6393,Altius Customer Services,3.2,(175),BPO,Nagpur +5 other locations
6394,Pentagon System and Services,3.8,(176),IT Services & Consulting,Mumbai +15 other locations
6395,Som Projects (S.P.L),3.8,(175),Engineering & Construction,New Delhi +24 other locations
6396,Toyota Kirloskar Auto Parts,4.2,(175),Auto Components,Bengaluru +10 other locations
6397,Escorts Construction Equipment,4.2,(175),Industrial Machinery,Faridabad +26 other locations
6398,Indian School of Business,3.3,(175),Analytics & KPO,Hyderabad +9 other locations
6399,Kenvue,3.6,(175),Beauty & Personal Care,Bengaluru +27 other locations
6400,Bharat Coking Coal,4.2,(175),Metals & Mining,Dhanbad +22 other locations
6401,BVC Logistics,3.4,(175),Logistics,Mumbai +30 other locations
6402,KRG Technologies,4.3,(175),IT Services & Consulting,Chennai +6 other locations
6403,Bengal Energy,3.9,(176),Power,Kharagpur +11 other locations
6404,Kaff Appliances (india),3.0,(175),Consumer Electronics & Appliances,Gurugram +33 other locations
6405,Della Group,4.1,(175),Architecture & Interior Design,Mumbai +4 other locations
6406,J Pan Tubular Components,3.4,(175),Industrial Machinery,Greater Noida +10 other locations
6407,Unilog Content Solutions ( P),3.5,(175),Software Product,Mysuru +5 other locations
6408,Tata Realty and Infrastructure,3.9,(175),Real Estate,Mumbai +25 other locations
6409,Unify Technologies,2.9,(175),IT Services & Consulting,Hyderabad +8 other locations
6410,Grupo Bimbo,3.6,(175),FMCG,New Delhi +27 other locations
6411,Collage,4.2,(175),Retail,Hyderabad +77 other locations
6412,Sree Metaliks,3.8,(175),Industrial Machinery,Barbil +20 other locations
6413,VASANTHA TOOL CRAFTS,3.9,(175),Industrial Machinery,Hyderabad +1 other locations
6414,Ascendum Solutions,3.1,(176),IT Services & Consulting,Bengaluru +8 other locations
6415,Akasa Air,3.2,(175),Aviation,Mumbai +14 other locations
6416,Daebu Automotive Seat,3.2,(175),Auto Components,Chennai +9 other locations
6417,Wanfeng Aluminum Wheel,3.7,(175),Industrial Machinery,Bawal +6 other locations
6418,FutureSoft India,3.5,(176),Software Product,Bengaluru +13 other locations
6419,Dar Al Handasah Consultants Shair And Partners,3.0,(175),Engineering & Construction,Pune +13 other locations
6420,Saraca Solutions,4.0,(175),IT Services & Consulting,Noida +9 other locations
6421,John Cockerill,3.2,(175),Industrial Machinery,Mumbai +7 other locations
6422,D.B ENGINEERING,4.2,(175),Industrial Machinery,New Delhi +16 other locations
6423,First Abu Dhabi Bank,3.2,(175),Banking,Bengaluru +7 other locations
6424,Jar,4.4,(175),FinTech,Bengaluru +2 other locations
6425,Accurate Global Alliances,4.7,(174),Recruitment,Noida +6 other locations
6426,IQ City Medical College,3.4,(174),Education & Training,Durgapur +4 other locations
6427,SPIE Oil & Gas Services,4.2,(174),Oil & Gas,Doha +22 other locations
6428,Applus Velosi,3.7,(175),Oil & Gas,Chennai +22 other locations
6429,P C CHANDRA JEWELLERS,3.7,(174),Jewellery,Kolkata +26 other locations
6430,GDX Group,4.1,(174),Law Enforcement & Security,New Delhi +43 other locations
6431,Meditrina Hospital,4.0,(174),Healthcare,Kollam +15 other locations
6432,LiquidHub,3.6,(174),IT Services & Consulting,Hyderabad +8 other locations
6433,ValueFirst Digital Media,3.5,(174),Software Product,Gurugram +8 other locations
6434,Mega Rubber Technologies,3.7,(174),Auto Components,Gurugram +15 other locations
6435,Valiant Organics,3.6,(174),Chemicals,Bharuch +11 other locations
6436,Wibmo,3.1,(174),FinTech,Bengaluru +4 other locations
6437,Liquiloans,2.8,(174),FinTech,Mumbai +11 other locations
6438,Pratibha Syntex,3.9,(174),Fashion & Textile,Indore +13 other locations
6439,NCR Atleos,3.8,(174),Banking,Mumbai +16 other locations
6440,Bry-Air (Asia),3.6,(174),Gurugram +16 other locations,N/A
6441,"CAMP Systems International, Inc.",3.9,(174),Software Product,Hyderabad +6 other locations
6442,Wyzmindz Solutions,3.3,(175),IT Services & Consulting,Bengaluru +6 other locations
6443,Ajanta Shoes,3.4,(174),Fashion & Textile,Kolkata +29 other locations
6444,CFlo,4.5,(174),Industrial Machinery,Kolkata +10 other locations
6445,Apollo Supply Chain,3.8,(174),Logistics,Gurugram +41 other locations
6446,Kuantum Papers,4.1,(174),Pulp & Paper,Hoshiarpur +12 other locations
6447,Shubham K Mart,4.2,(174),Retail,Raipur +21 other locations
6448,Kenstar,3.8,(174),Consumer Electronics & Appliances,Gurugram +54 other locations
6449,Atlassian,3.1,(174),Software Product,Bengaluru +6 other locations
6450,Stantec,3.8,(176),Engineering & Construction,Pune +7 other locations
6451,Qatar Petroleum,4.3,(174),Oil & Gas,Doha +9 other locations
6452,Finecure Pharmaceuticals,3.8,(174),Pharma,Ahmedabad +15 other locations
6453,Ashley Global Capability Center,3.8,(174),IT Services & Consulting,Chennai +7 other locations
6454,Dmi Finance,3.5,(174),NBFC,New Delhi +18 other locations
6455,Hiranandani group,4.0,(174),Real Estate,Mumbai +20 other locations
6456,Yamaha Music India,3.7,(174),Media & Entertainment,Chennai +11 other locations
6457,Rabwin Industries,3.9,(174),Industrial Machinery,Coimbatore +4 other locations
6458,Wintax Solution,4.7,(174),Recruitment,Surat +60 other locations
6459,Sinch,3.6,(174),Internet,Noida +10 other locations
6460,Express Roadways,3.5,(174),Logistics,New Delhi +37 other locations
6461,Srijan Realty,3.7,(174),Real Estate,Kolkata +2 other locations
6462,Miles Education - CPA & CMA Review (Hyderabad),N/A,N/A,Education & Training,Bangalore / Bengaluru +12 other locations
6463,Motwane Manufacturing Company,3.5,(173),Electrical Equipment,Nashik +12 other locations
6464,Compuage Infocom,4.2,(173),Hardware & Networking,Mumbai +41 other locations
6465,Qicpic,2.3,(173),Internet,Bengaluru +56 other locations
6466,Atidan Technologies,4.2,(173),Software Product,Mumbai +6 other locations
6467,Lawrence & Mayo,3.7,(173),Retail,Hyderabad +27 other locations
6468,Automation Anywhere,3.7,(173),Industrial Automation,Bengaluru +13 other locations
6469,Solenis,3.7,(173),Chemicals,Hyderabad +9 other locations
6470,Modelama Exports,4.0,(174),Fashion & Textile,Gurugram +5 other locations
6471,Gujarat Guardian Ltd.,3.6,(173),Building Material,Ankleshwar +18 other locations
6472,Opporture,4.8,(173),Content Development,Hyderabad +1 other locations
6473,Ginger Webs,2.5,(173),IT Services & Consulting,Noida +7 other locations
6474,SEForge,3.3,(173),Engineering & Construction,Coimbatore +6 other locations
6475,Carrefour,3.5,(173),Retail,Gurugram +27 other locations
6476,Indian Register of Shipping,4.0,(173),"Testing, Inspection and Certification (TIC)",Mumbai +35 other locations
6477,Connect Broadband,4.1,(173),Telecom,Sahibzada Ajit Singh Nagar +18 other locations
6478,Nangia & Co. LLP,3.4,(173),Accounting & Auditing,New Delhi +28 other locations
6479,Amnet Systems,3.7,(173),IT Services & Consulting,Chennai +7 other locations
6480,Gowtham Model School,3.8,(173),Education & Training,Hyderabad +15 other locations
6481,Gsa Industries,4.0,(173),Automobile,Patiala +6 other locations
6482,Tynor Orthotics,3.3,(173),Fitness & Wellness,Sahibzada Ajit Singh Nagar +26 other locations
6483,Yashashvi Rasayan,4.1,(173),Metals & Mining,Bharuch +11 other locations
6484,Da Milano Leathers,2.7,(173),Leather,New Delhi +25 other locations
6485,ABP Network,4.0,(173),Broadcasting,Noida +14 other locations
6486,Bajaj Financial Securities,4.2,(173),Financial Services,Pune +26 other locations
6487,Ranjit Buildcon,4.3,(173),Engineering & Construction,Surat +21 other locations
6488,Macmet Engineering,3.9,(173),Industrial Machinery,Kolkata +16 other locations
6489,Bobst India,3.9,(173),Industrial Machinery,Pune +10 other locations
6490,Ascolite - Aswani Industries Pvt. Ltd.,3.9,(173),Engineering & Construction,Surat +24 other locations
6491,FunnL,3.4,(173),Marketing & Advertising,Hyderabad +1 other locations
6492,Peerless Hospital,4.2,(173),Healthcare,Kolkata +7 other locations
6493,Trawex Technologies,4.5,(173),Software Product,Bengaluru +1 other locations
6494,Ind swift ltd. Gbu,3.6,(173),Chandigarh +21 other locations,N/A
6495,Katyayani Organics,3.8,(173),Agriculture,Bhopal +1 other locations
6496,Ferring Pharmaceuticals,3.9,(173),Pharma,Hyderabad +18 other locations
6497,Mafatlal Industries,3.6,(173),Fashion & Textile,Mumbai +21 other locations
6498,B.L. Agro Industries,3.6,(173),Bareilly +21 other locations,N/A
6499,NetCom Learning,3.3,(173),EdTech,Noida +19 other locations
6500,Gowtham Model School,3.8,(173),Education & Training,Hyderabad +15 other locations
6501,Ascolite - Aswani Industries Pvt. Ltd.,3.9,(173),Engineering & Construction,Surat +24 other locations
6502,Biotech Vision Care,3.6,(173),Healthcare,Ahmedabad +27 other locations
6503,Kimbal Technologies,3.6,(173),Power,New Delhi +12 other locations
6504,Varsity Education Management,3.7,(173),Education & Training,Hyderabad +18 other locations
6505,Sahyadri Farms,3.6,(173),Internet,Nashik +14 other locations
6506,Confiance BizSol Private Limited,3.2,(173),Analytics & KPO,Ahmedabad +4 other locations
6507,Garden Reach Shipbuilders & Engineers,4.1,(173),Ports & Shipping,Kolkata +6 other locations
6508,Ruparel Realty,3.8,(174),Real Estate,Mumbai +3 other locations
6509,Keihin India Manufacturing,4.4,(172),Auto Components,Neemrana +9 other locations
6510,Mayoor School,4.4,(172),Education & Training,Noida +9 other locations
6511,Inmakes Infotech,3.7,(172),Kochi +12 other locations,N/A
6512,SKYMAP PHARMACEUTICALS,3.9,(172),Pharma,Roorkee +7 other locations
6513,AIG,3.8,(172),Insurance,Bengaluru +13 other locations
6514,AMBITION JOB,4.2,(172),Recruitment,Hyderabad +26 other locations
6515,SPX Flow Technology,4.3,(172),Industrial Machinery,Bengaluru +7 other locations
6516,CI Infotech,3.6,(172),IT Services & Consulting,New Delhi +15 other locations
6517,UMSL,3.5,(172),Engineering & Construction,Bhubaneswar +19 other locations
6518,Ganges Internationale,2.8,(172),Power,Chennai +9 other locations
6519,Acer India,3.7,(172),IT Services & Consulting,Bengaluru +35 other locations
6520,MGNREGA,3.5,(172),Government,Hyderabad +96 other locations
6521,Best Corporation,3.8,(171),Fashion & Textile,Tiruppur +15 other locations
6522,Singer India,3.9,(172),Consumer Electronics & Appliances,New Delhi +39 other locations
6523,Indian Council of Agricultural Research,3.7,(172),Education & Training,New Delhi +38 other locations
6524,Vitech Systems Asia,3.4,(172),IT Services & Consulting,Hyderabad +2 other locations
6525,Mepro Pharmaceuticals,3.7,(172),Pharma,Vadodara +11 other locations
6526,RC Plasto Tanks And Pipes,3.7,(172),Nagpur +27 other locations,N/A
6527,Rain Carbon,4.1,(172),Visakhapatnam +5 other locations,N/A
6528,Dentsu Communications,3.3,(172),Marketing & Advertising,Pune +8 other locations
6529,Olive Bar & Kitchen,4.0,(172),Hospitality,Mumbai +15 other locations
6530,VISION,3.8,(172),Management Consulting,New Delhi +73 other locations
6531,Metro Tyres,3.6,(172),Auto Components,Ludhiana +35 other locations
6532,ATYETI,3.7,(172),IT Services & Consulting,Pune +7 other locations
6533,Sowparnika,4.0,(172),Real Estate,Bengaluru +12 other locations
6534,Holostik,4.0,(172),Packaging,Noida +13 other locations
6535,Visible Alpha Solutions,3.6,(171),Analytics & KPO,Mumbai +6 other locations
6536,Filo,3.4,(171),Internet,Gurugram +17 other locations
6537,Narayana Junior College,3.7,(171),Education & Training,Hyderabad +29 other locations
6538,IREO,4.5,(172),Real Estate,Gurugram +10 other locations
6539,Layam Flexi Solutions,3.7,(171),Recruitment,Chennai +37 other locations
6540,Delivery.com,3.9,(171),Internet,Hyderabad +68 other locations
6541,Layam Flexi Solutions,3.7,(171),Recruitment,Chennai +37 other locations
6542,Kumar Properties,4.2,(171),Real Estate,Pune +8 other locations
6543,Pathcare Labs,3.6,(171),Healthcare,Hyderabad +38 other locations
6544,AIG Business Solution,3.3,(171),IT Services & Consulting,Gurugram +5 other locations
6545,SMCC Construction India,4.2,(171),Engineering & Construction,New Delhi +22 other locations
6546,Neelachal Ispat Nigam,4.2,(171),Metals & Mining,Jajpur +14 other locations
6547,Decon Telecom Solutions,3.1,(171),Telecom,Gurugram +29 other locations
6548,Chromewell Engineering,3.8,(171),Industrial Machinery,Pune +4 other locations
6549,Lince Soft Solutions,4.6,(171),Recruitment,Hyderabad +5 other locations
6550,Jivo Wellness,3.1,(171),FMCG,New Delhi +22 other locations
6551,Yes Madam,4.1,(171),Internet,Noida +8 other locations
6552,Sterling Software Private Limited,3.4,(171),Software Product,Chennai +3 other locations
6553,Crio.Do,3.0,(171),EdTech,Bengaluru +7 other locations
6554,UTILITY PROJECTS AND SERVICES,3.8,(171),Engineering & Construction,Chennai +18 other locations
6555,Alexander Mann Solutions,3.1,(171),Recruitment,Bengaluru +12 other locations
6556,NNE,3.5,(171),Engineering & Construction,Bengaluru +8 other locations
6557,Ingenero Technologies,4.2,(171),IT Services & Consulting,Mumbai +3 other locations
6558,Nahar Industrial Enterprises,3.7,(172),Fashion & Textile,Chandigarh +16 other locations
6559,Regal Rexnord Corporation,3.6,(171),Consumer Electronics & Appliances,Hyderabad +8 other locations
6560,Jivo Wellness,3.1,(171),FMCG,New Delhi +22 other locations
6561,Expedien eSolutions,3.1,(171),IT Services & Consulting,Noida +9 other locations
6562,L&T Transportation Infrastructure,4.1,(171),Engineering & Construction,Mumbai +34 other locations
6563,ShopX,4.4,(170),Internet,Bengaluru +30 other locations
6564,Damodar Valley Corporation,3.9,(170),Power,Kolkata +18 other locations
6565,Super Auto India,3.7,(170),Industrial Machinery,Pune +5 other locations
6566,NaviSite,3.9,(170),IT Services & Consulting,Gurugram +4 other locations
6567,SEW Infrastructure,3.4,(170),Engineering & Construction,Hyderabad +23 other locations
6568,Shree Maruti Courier Service,4.0,(170),Logistics,Ahmedabad +44 other locations
6569,Technocraft Industries,3.7,(170),Industrial Machinery,Mumbai +12 other locations
6570,Lamprell,4.0,(170),Oil & Gas,Sharjah +13 other locations
6571,Carryfast group,3.4,(170),Logistics,Indore +17 other locations
6572,Jamboree Education,3.5,(170),EdTech,New Delhi +18 other locations
6573,Educational Initiatives,3.0,(170),EdTech,Bengaluru +29 other locations
6574,Mythri Infrastructure and Mining,3.4,(170),Engineering & Construction,Visakhapatnam +12 other locations
6575,Intellect Bizware Services,4.0,(170),IT Services & Consulting,Mumbai +7 other locations
6576,MRCC Solutions,2.9,(170),IT Services & Consulting,Mumbai +9 other locations
6577,Imerys,3.8,(170),Metals & Mining,Visakhapatnam +18 other locations
6578,All Time Plastics,4.0,(170),Petrochemicals,Mumbai +11 other locations
6579,Yotta Infrastructure Solutions,3.6,(171),IT Services & Consulting,Mumbai +13 other locations
6580,Bajaj Electronics,3.8,(170),Retail,Hyderabad +38 other locations
6581,Edwise International,3.8,(170),Education & Training,Mumbai +21 other locations
6582,Thinksys Software,3.7,(170),IT Services & Consulting,Noida +3 other locations
6583,Electronics Mart India,3.5,(170),Retail,Hyderabad +25 other locations
6584,Greaves Electric Mobility,3.3,(170),Automobile,Bengaluru +25 other locations
6585,BYD Electronics,3.4,(170),Electronics Manufacturing,Chennai +15 other locations
6586,Vignesh Polymers,3.5,(170),Auto Components,Chennai +16 other locations
6587,Lepton Software Export & Research,3.6,(170),Software Product,Gurugram +10 other locations
6588,Sms Integrated Facility Services,4.2,(170),Facility Management Services,Mumbai +28 other locations
6589,BG Distributors,3.6,(170),FMCG,Kolkata +32 other locations
6590,Impressions Services,4.0,(171),Facility Management Services,Gurugram +15 other locations
6591,Kutch Copper,3.7,(170),Metals & Mining,Mundra +10 other locations
6592,The Millennium School,4.0,(170),Education & Training,Noida +25 other locations
6593,Lanson Toyota,4.2,(170),Automobile,Chennai +9 other locations
6594,Best Value Chem,3.7,(170),Chemicals,Vadodara +6 other locations
6595,Conviction HR,3.9,(170),Recruitment,Mumbai +13 other locations
6596,MUFG Intime India,3.4,(170),Mumbai +9 other locations,N/A
6597,Ben Franklin,3.5,(170),Retail,Hyderabad +54 other locations
6598,Scribe EMR,3.9,(170),Analytics & KPO,Bengaluru +11 other locations
6599,ART Housing Finance (India),3.7,(170),Financial Services,Gurugram +36 other locations
6600,HP Computing and Printing Systems,3.8,(170),IT Services & Consulting,Bengaluru +14 other locations
6601,Scribe EMR,3.9,(170),Analytics & KPO,Bengaluru +11 other locations
6602,Oben Electric Vehicle,4.1,(170),Automobile,Bengaluru +10 other locations
6603,Amalgam Steel,3.8,(170),Iron & Steel,Jamshedpur +11 other locations
6604,CPA Global,3.8,(169),IT Services & Consulting,Noida +6 other locations
6605,Nisa Industrial Services,3.7,(169),Law Enforcement & Security,Mumbai +37 other locations
6606,Lynk,3.2,(169),Logistics,Chennai +14 other locations
6607,Allied Nippon,3.7,(169),Auto Components,Ghaziabad +15 other locations
6608,Unique Engineers,3.5,(169),Industrial Machinery,Gurugram +33 other locations
6609,Xrbia Developers,2.9,(169),Real Estate,Pune +7 other locations
6610,Claris Lifesciences Ahmedabad,3.3,(169),Healthcare,Ahmedabad +16 other locations
6611,Narayana Medical College & Hospital,3.9,(169),Healthcare,Nellore +12 other locations
6612,Konstelec Engineers,3.5,(169),Engineering & Construction,Mumbai +35 other locations
6613,Naxnova,4.4,(169),Auto Components,Mumbai +11 other locations
6614,Safdarjung Hospital,4.4,(169),Healthcare,New Delhi +4 other locations
6615,Indian Terrain Fashions,4.3,(169),Fashion & Textile,Chennai +40 other locations
6616,Smiiel - A Unit Of Motherson Sumi System,3.5,(169),Semiconductors,Noida +9 other locations
6617,Ray Engineering,4.0,(169),Engineering & Construction,Mumbai +29 other locations
6618,FloBiz,3.4,(169),IT Services & Consulting,Bengaluru +27 other locations
6619,Peninsula Land,4.0,(169),Real Estate,Mumbai +6 other locations
6620,Govind Milk & Milk Products,4.3,(169),Food Processing,Pune +17 other locations
6621,Exemed Pharmaceuticals,3.8,(169),Pharma,Vadodara +8 other locations
6622,Ardex Endura,3.9,(169),Building Material,Bengaluru +50 other locations
6623,Vishay Precision Transducers,3.4,(169),Semiconductors,Chennai +7 other locations
6624,Mahindra Accelo,3.3,(169),Iron & Steel,Pune +14 other locations
6625,Deshpande Foundation,4.0,(169),Non-Profit,Hubballi +20 other locations
6626,Servosys Solutions,2.8,(170),Financial Services,Mumbai +11 other locations
6627,Zebra Technologies,3.6,(169),IT Services & Consulting,Bengaluru +8 other locations
6628,Rhenus Logistics,3.6,(169),Logistics,Mumbai +21 other locations
6629,Brose India Automotive Systems,3.6,(169),Auto Components,Pune +3 other locations
6630,DIN Engineering Services,3.8,(169),Analytics & KPO,Noida +3 other locations
6631,Umang Dairies,3.9,(169),FMCG,New Delhi +16 other locations
6632,SSK Group,3.5,(169),FMCG,Pune +61 other locations
6633,Unimrkt Research,3.2,(169),Analytics & KPO,Gurugram +4 other locations
6634,Paracoat Products,3.6,(169),Auto Components,Hosur +10 other locations
6635,Willowood Chemicals,3.8,(169),Agro Chemicals,Vadodara +38 other locations
6636,Gulf Oil Corporation,4.4,(169),Oil & Gas,Hyderabad +22 other locations
6637,Rotex,3.8,(169),Auto Components,Vadodara +9 other locations
6638,M2P Fintech,3.0,(169),FinTech,Chennai +7 other locations
6639,Deepak Foundation,3.9,(169),Non-Profit,Vadodara +32 other locations
6640,Paracoat Products,3.6,(169),Auto Components,Hosur +10 other locations
6641,Unimrkt Research,3.2,(169),Analytics & KPO,Gurugram +4 other locations
6642,Deepak Foundation,3.9,(169),Non-Profit,Vadodara +32 other locations
6643,Podar Jumbo Kids,4.0,(169),Education & Training,Mumbai +38 other locations
6644,DIN Engineering Services,3.8,(169),Analytics & KPO,Noida +3 other locations
6645,Curateq Biologics,3.3,(169),Biotechnology,Hyderabad +5 other locations
6646,Willowood Chemicals,3.8,(169),Agro Chemicals,Vadodara +38 other locations
6647,Exotel,2.9,(169),Software Product,Bengaluru +7 other locations
6648,Sankara Eye Hospital,4.0,(169),Non-Profit,Bengaluru +27 other locations
6649,ARCHER Transnational Systems Private Limited,3.7,(169),Legal,Vadodara +2 other locations
6650,Mold Tek Packaging,3.8,(169),Packaging,Hyderabad +16 other locations
6651,Kriya It,3.3,(169),Internet,Chittoor +10 other locations
6652,Synergy Property Development Services,3.9,(168),Real Estate,Bengaluru +20 other locations
6653,KodNest,4.1,(168),Bengaluru +12 other locations,N/A
6654,Allahabad Bank,4.4,(168),Banking,Kolkata +52 other locations
6655,Texport Industries,3.6,(168),Fashion & Textile,Bengaluru +16 other locations
6656,Graphite India,3.5,(168),Electrical Equipment,Nashik +10 other locations
6657,OM Careers,2.5,(168),Recruitment,Ludhiana +7 other locations
6658,Rosmerta Safety Systems,3.4,(168),Gurugram +37 other locations,N/A
6659,Universal Cables,3.9,(168),Building Material,Satna +14 other locations
6660,Universal Cables,3.9,(168),Building Material,Satna +14 other locations
6661,Way.com,4.1,(168),Internet,Thiruvananthapuram +4 other locations
6662,NSK,3.9,(168),Industrial Machinery,Chennai +18 other locations
6663,ONKAR DIES,3.7,(169),Engineering & Construction,Pune +5 other locations
6664,Nirvasa Healthcare,3.2,(168),Healthcare,Gurugram +4 other locations
6665,Egon Zehnder International,3.6,(168),Management Consulting,Gurugram +5 other locations
6666,Khaitan Electricals,2.7,(168),Food Processing,Kolkata +39 other locations
6667,Okinawa Autotech,3.4,(168),Auto Components,Gurugram +26 other locations
6668,Kepler Healthcare,3.5,(168),Pharma,Ahmedabad +53 other locations
6669,Goel Construction,3.7,(168),Engineering & Construction,Jaipur +43 other locations
6670,TerraCIS Technologies,3.7,(168),IT Services & Consulting,Gurugram +40 other locations
6671,BYLD Group,3.8,(168),Management Consulting,Gurugram +3 other locations
6672,Prayag Polymers,3.7,(168),Petrochemicals,New Delhi +37 other locations
6673,Maven Silicon,3.9,(168),Semiconductors,Bengaluru +7 other locations
6674,Nina Percept,4.1,(168),Building Material,Mumbai +12 other locations
6675,Conde Nast India,2.8,(168),Printing & Publishing,Bengaluru +4 other locations
6676,Scientific Games,3.7,(168),Gaming,Bengaluru +5 other locations
6677,Honeywell Uop,3.5,(168),Oil & Gas,Gurugram +6 other locations
6678,Newfold Digital,3.7,(168),IT Services & Consulting,Mumbai +12 other locations
6679,Hughes Communications,3.4,(168),Gurugram +22 other locations,N/A
6680,Vee Gee Industrial Enterprises,3.9,(168),Electronics Manufacturing,Faridabad +9 other locations
6681,Qualsquad Infotech,3.1,(168),IT Services & Consulting,Pune +3 other locations
6682,Jindal Industries Private Limited,3.5,(168),Iron & Steel,Kolkata +21 other locations
6683,D A V School,3.9,(168),Education & Training,Chennai +77 other locations
6684,Royal Bank of Scotland International,4.2,(168),Banking,Chennai +8 other locations
6685,JioHotstar,3.6,(168),Internet,Mumbai +11 other locations
6686,Linkquest Telecom,3.4,(168),Telecom,Noida +30 other locations
6687,Ideaforge Technology,3.5,(168),Internet,Mumbai +7 other locations
6688,Scorpion Express,3.5,(168),Logistics,Mumbai +38 other locations
6689,SHARON BIO MEDICINE,4.0,(168),Pharma,Dehradun +6 other locations
6690,Real Estate Group,4.2,(168),Real Estate,Mumbai +49 other locations
6691,Federal Mogul Powertrain,3.7,(167),Auto Components,Bhiwadi +14 other locations
6692,Ognibene India,3.7,(167),Industrial Machinery,Pune +7 other locations
6693,Nerdy Turtlez,2.4,(167),EdTech,Kolkata +4 other locations
6694,Fraazo,3.4,(167),Internet,Mumbai +13 other locations
6695,Harvest Gold Industries,3.8,(167),Food Processing,New Delhi +19 other locations
6696,iBall,4.1,(167),Consumer Electronics & Appliances,Mumbai +38 other locations
6697,Macmillan Publishers,3.3,(167),Printing & Publishing,Chennai +29 other locations
6698,Nahar Group of Companies,3.5,(167),Fashion & Textile,Ludhiana +27 other locations
6699,Jewelex India,4.0,(167),Jewellery,Mumbai +4 other locations
6700,Amar Cars,3.9,(167),Automobile,Vadodara +11 other locations
6701,Sellcraft Global Solutions,3.4,(167),IT Services & Consulting,Pune +10 other locations
6702,Abu Dhabi Oil Refining Company,4.4,(168),Oil & Gas,Abu Dhabi +14 other locations
6703,DCW,3.7,(167),Chemicals,Thoothukudi +13 other locations
6704,Agrawal Metal Works,3.9,(168),Metals & Mining,Bhiwadi +9 other locations
6705,Kamal Fincap,4.0,(167),Financial Services,Kota +81 other locations
6706,Salzer Electronics,3.9,(167),Electrical Equipment,Coimbatore +14 other locations
6707,SISA Information Security,3.0,(167),IT Services & Consulting,Bengaluru +17 other locations
6708,Lapp India,4.1,(167),Electrical Equipment,Bengaluru +16 other locations
6709,DHL IT Services,3.7,(167),IT Services & Consulting,Chennai +8 other locations
6710,Nanavati Max Super Speciality Hospital,3.6,(167),Mumbai +6 other locations,N/A
6711,Benzo Chem Industries,4.0,(167),Chemicals,Bharuch +13 other locations
6712,Kewal Kiran Clothing,3.8,(168),Fashion & Textile,Mumbai +37 other locations
6713,Marsh India Insurance Brokers,4.2,(167),Insurance,Mumbai +12 other locations
6714,MyGlamm,3.5,(167),Internet,Mumbai +33 other locations
6715,Lrs Services,3.5,(167),IT Services & Consulting,Mumbai +24 other locations
6716,Lilac Insights,3.2,(168),Fitness & Wellness,Mumbai +23 other locations
6717,Ajmal Perfumes,4.0,(167),Beauty & Personal Care,Mumbai +29 other locations
6718,GXO,3.7,(167),Mumbai +16 other locations,N/A
6719,Wonderchef Home Appliances,4.0,(167),Consumer Electronics & Appliances,Mumbai +31 other locations
6720,Nv Group,3.7,(167),Beverage,New Delhi +25 other locations
6721,Happy Forging,3.8,(167),Auto Components,Ludhiana +5 other locations
6722,Arihant Capital Markets,4.1,(167),Financial Services,Indore +18 other locations
6723,iNeuron.ai,4.1,(167),Bengaluru +6 other locations,N/A
6724,Coverfox,3.7,(167),Insurance,Mumbai +9 other locations
6725,Kewal Kiran Clothing,3.8,(167),Fashion & Textile,Mumbai +37 other locations
6726,Ajmal Perfumes,4.0,(167),Beauty & Personal Care,Mumbai +29 other locations
6727,Lilac Insights,3.1,(167),Fitness & Wellness,Mumbai +23 other locations
6728,Amagi Media Labs,3.4,(167),Software Product,Bengaluru +3 other locations
6729,Recykal,4.0,(167),Internet,Hyderabad +12 other locations
6730,Lrs Services,3.5,(167),IT Services & Consulting,Mumbai +24 other locations
6731,Arcon TechSolutions,3.3,(167),IT Services & Consulting,Mumbai +12 other locations
6732,Newtech Medical Devices,3.7,(166),Medical Equipment,Faridabad +9 other locations
6733,Ind Innovations,3.2,(166),IT Services & Consulting,New Delhi +28 other locations
6734,Prudent Corporate Advisory Services,4.0,(166),Investment Banking / Venture Capital / Private Equity,Ahmedabad +55 other locations
6735,Oceanic Pharmachem,4.1,(166),Pharma,Mumbai +2 other locations
6736,EssentiallySports,3.8,(166),Media & Entertainment,New Delhi +11 other locations
6737,Techno India Group,3.3,(166),EdTech,Kolkata +21 other locations
6738,L&T Geostructure,3.9,(166),Chennai +29 other locations,N/A
6739,Arunachala Logistics,4.0,(166),Logistics,Hyderabad +21 other locations
6740,Arunachala Logistics,4.0,(166),Logistics,Hyderabad +21 other locations
6741,Mount Talent Consulting,2.9,(166),Recruitment,Noida +7 other locations
6742,Toluna,3.4,(166),Analytics & KPO,Gurugram +6 other locations
6743,AMPLUS SOLAR,4.3,(166),Internet,Gurugram +19 other locations
6744,Swiss Garnier Life Sciences,3.5,(166),Pharma,Chennai +10 other locations
6745,Gmr Airport Developers,3.8,(166),Engineering & Construction,Hyderabad +10 other locations
6746,CDS Infra Projects,3.4,(166),Engineering & Construction,New Delhi +32 other locations
6747,Baskin Robbins,3.9,(166),Food Processing,Mumbai +47 other locations
6748,United Industries,3.7,(166),Industrial Machinery,Chennai +15 other locations
6749,Chembond Chemicals,3.8,(166),Agro Chemicals,Mumbai +23 other locations
6750,Anthea Pharma,4.1,(166),Pharma,Hyderabad +4 other locations
6751,Eicher Engineering Components,4.1,(166),Auto Components,Dewas +14 other locations
6752,West Bengal State Electricity Distribution Company,3.2,(166),Power,Kolkata +24 other locations
6753,Urban Money,2.9,(166),Mumbai +47 other locations,N/A
6754,Trinity Touch,4.4,(166),Electrical Equipment,Faridabad +11 other locations
6755,Bharti Foundation,3.6,(166),Non-Profit,Gurugram +34 other locations
6756,GreenCell Mobility,3.5,(166),Logistics,Mumbai +26 other locations
6757,Eduvanz,3.4,(166),FinTech,Mumbai +10 other locations
6758,Focus Softnet,3.6,(166),Software Product,Hyderabad +11 other locations
6759,New Era Technology,3.5,(166),IT Services & Consulting,Bengaluru +4 other locations
6760,Urban Money,2.9,(166),Mumbai +47 other locations,N/A
6761,Hire Glocal,4.2,(166),Recruitment,Mumbai +7 other locations
6762,Bharti Foundation,3.6,(166),Non-Profit,Gurugram +34 other locations
6763,Eicher Engineering Components,4.1,(166),Auto Components,Dewas +14 other locations
6764,Qapitol Qa,4.0,(166),IT Services & Consulting,Bengaluru +8 other locations
6765,Azmeel Contracting,4.1,(166),Engineering & Construction,Al Jubail +8 other locations
6766,DataTracks,3.4,(166),FinTech,Chennai +4 other locations
6767,Bose,3.5,(166),Consumer Electronics & Appliances,New Delhi +30 other locations
6768,Trinity Touch,4.4,(166),Electrical Equipment,Faridabad +11 other locations
6769,Niyo Solutions,3.2,(166),Financial Services,Bengaluru +15 other locations
6770,Eduvanz,3.4,(166),FinTech,Mumbai +10 other locations
6771,Johnson Electric,3.6,(166),Electronics Manufacturing,Chennai +7 other locations
6772,GreenCell Mobility,3.5,(166),Logistics,Mumbai +26 other locations
6773,CGS,3.4,(166),IT Services & Consulting,Hyderabad +10 other locations
6774,Verinite Technologies,4.2,(166),IT Services & Consulting,Pune +3 other locations
6775,SEED Infotech,4.0,(165),IT Services & Consulting,Pune +18 other locations
6776,Nordusk Led,4.4,(165),Electronics Manufacturing,Kolkata +12 other locations
6777,BUDDI.AI,3.6,(165),Software Product,Chennai +6 other locations
6778,Government of Odisha,4.0,(165),Government,Bhubaneswar +36 other locations
6779,MResult Services,3.7,(165),IT Services & Consulting,Bengaluru +5 other locations
6780,Government of Odisha,4.0,(165),Government,Bhubaneswar +36 other locations
6781,Nucon Aerospace,3.8,(165),Defence & Aerospace,Hyderabad +5 other locations
6782,MResult Services,3.7,(165),IT Services & Consulting,Bengaluru +5 other locations
6783,otsuka chemical india,3.9,(166),Chemicals,Jaipur +11 other locations
6784,Yuken India,3.4,(165),Industrial Machinery,Bengaluru +9 other locations
6785,vSplash Techlabs,2.0,(165),IT Services & Consulting,Hyderabad +2 other locations
6786,St. Mary's School,3.9,(165),Education & Training,New Delhi +64 other locations
6787,Experion Technologies,4.0,(165),IT Services & Consulting,Kochi +5 other locations
6788,Ellucian Higher Education Systems,3.6,(165),IT Services & Consulting,Bengaluru +3 other locations
6789,Somika Sarl,4.1,(165),Metals & Mining,Vadodara +16 other locations
6790,EKA Mobility,3.4,(165),Automobile,Pune +10 other locations
6791,Prateek Group,3.8,(165),Real Estate,Noida +5 other locations
6792,Indovision Services,3.7,(165),IT Services & Consulting,New Delhi +23 other locations
6793,Egniol Services Private Limited,2.3,(165),Legal,Ahmedabad +13 other locations
6794,VWR International,3.6,(165),Pharma,Coimbatore +6 other locations
6795,Aranca,3.4,(165),Analytics & KPO,Mumbai +5 other locations
6796,FCS Software Solutions,3.7,(165),IT Services & Consulting,Noida +14 other locations
6797,Indian Coast Guard,4.0,(166),Defence & Aerospace,Chennai +29 other locations
6798,Hansa Direct,3.2,(165),Marketing & Advertising,Mumbai +5 other locations
6799,TVS - SUNDARAM BRAKE LININGS,3.2,(165),Auto Components,Chennai +14 other locations
6800,AmpleLogic,3.7,(165),Software Product,Hyderabad +1 other locations
6801,Covestro,4.5,(165),Petrochemicals,Greater Noida +10 other locations
6802,Pravin Masalewale,4.0,(165),FMCG,Pune +42 other locations
6803,Yashoda Super Speciality Hospitals,3.9,(165),Hyderabad +9 other locations,N/A
6804,Canteen Stores Department,4.4,(165),Mumbai +63 other locations,N/A
6805,Idexcel Technologies,3.1,(165),IT Services & Consulting,Bengaluru +12 other locations
6806,Flatworld Mortgage Processing,3.5,(165),IT Services & Consulting,Bengaluru +4 other locations
6807,IPG Mediabrands,3.3,(165),Marketing & Advertising,Pune +10 other locations
6808,Consern Pharma Limited,4.6,(165),Pharma,Ludhiana +26 other locations
6809,Chowgule Industries,3.5,(165),Auto Components,Pune +18 other locations
6810,Triveni Almirah,3.3,(165),Furniture & Furnishing,Noida +28 other locations
6811,Ivangel Sales & Services,3.6,(165),BPO,Mumbai +36 other locations
6812,Scope eKnowledge Center,3.5,(164),IT Services & Consulting,Chennai +5 other locations
6813,Orchid Hotel,3.6,(164),Hospitality,Mumbai +17 other locations
6814,Rysun Labs,3.5,(164),IT Services & Consulting,Ahmedabad +6 other locations
6815,Vanesa Care,4.2,(164),Beauty & Personal Care,New Delhi +38 other locations
6816,PCS Technology,3.7,(164),IT Services & Consulting,Mumbai +45 other locations
6817,Zodiac Clothing Company,3.3,(164),Fashion & Textile,Mumbai +26 other locations
6818,Henkel,4.0,(164),Chemicals,Chennai +24 other locations
6819,LeapScholar,3.3,(164),Bengaluru +16 other locations,N/A
6820,M.P. Power Transmission Company,4.0,(164),Power,Jabalpur +38 other locations
6821,Satvat Infosol,3.2,(164),IT Services & Consulting,Chennai +5 other locations
6822,Orchid Hotel,3.6,(164),Hospitality,Mumbai +17 other locations
6823,TruCap Finance,3.8,(164),Financial Services,Mumbai +37 other locations
6824,Thirdware Solutions,4.2,(164),IT Services & Consulting,Chennai +3 other locations
6825,Acute Informatics,3.2,(164),IT Services & Consulting,Ahmedabad +32 other locations
6826,Techno Exponent,3.8,(164),Financial Services,Kolkata +5 other locations
6827,Dynamic Techno Medicals,3.8,(164),Medical Equipment,Kochi +36 other locations
6828,Chandak Group,4.2,(164),Real Estate,Mumbai +6 other locations
6829,Sankara Nethralaya,3.8,(164),Non-Profit,Chennai +8 other locations
6830,Grand View Research,3.2,(164),Analytics & KPO,Pune +3 other locations
6831,Rysun Labs,3.5,(164),IT Services & Consulting,Ahmedabad +6 other locations
6832,Si Creva Capital Services,3.5,(166),Mumbai +63 other locations,N/A
6833,Pritam International,3.3,(164),Consumer Electronics & Appliances,Roorkee +18 other locations
6834,Geltec,3.3,(164),Pharma,Bengaluru +9 other locations
6835,Wysetek Systems Technologists,3.5,(164),IT Services & Consulting,Mumbai +11 other locations
6836,Xotik Frujus,2.5,(164),Beverage,Mumbai +44 other locations
6837,Net2source,3.3,(164),Recruitment,Noida +8 other locations
6838,Sharp Sight,4.1,(164),Healthcare,New Delhi +13 other locations
6839,DavaIndia,3.6,(164),Kolkata +51 other locations,N/A
6840,Prudent Insurance Brokers,3.7,(164),Insurance,Mumbai +10 other locations
6841,Indo European Educational Services,4.3,(165),Education & Training,New Delhi +9 other locations
6842,Net2source,3.3,(164),Recruitment,Noida +8 other locations
6843,Sharp Sight,4.1,(164),Healthcare,New Delhi +13 other locations
6844,Geltec,3.3,(164),Pharma,Bengaluru +9 other locations
6845,Xotik Frujus,2.5,(164),Beverage,Mumbai +44 other locations
6846,Pritam International,3.3,(164),Consumer Electronics & Appliances,Roorkee +18 other locations
6847,Wysetek Systems Technologists,3.5,(164),IT Services & Consulting,Mumbai +11 other locations
6848,Grand View Research,3.2,(164),Analytics & KPO,Pune +3 other locations
6849,Sankara Nethralaya,3.8,(164),Non-Profit,Chennai +8 other locations
6850,Si Creva Capital Services,3.5,(166),Mumbai +63 other locations,N/A
6851,Armstrong International,3.9,(164),Industrial Machinery,Chennai +24 other locations
6852,DavaIndia,3.6,(164),Kolkata +51 other locations,N/A
6853,Spun Micro Processing,4.0,(164),Auto Components,Gurugram +8 other locations
6854,Suven Life Sciences,3.6,(164),Pharma,Hyderabad +6 other locations
6855,Clearwater Analytics,2.7,(164),Internet,Noida +6 other locations
6856,Merilytics,2.9,(164),Analytics & KPO,Hyderabad +6 other locations
6857,Maheshwari Mining,3.6,(164),Metals & Mining,Kolkata +29 other locations
6858,Endress Hauser,4.2,(164),Industrial Automation,Mumbai +20 other locations
6859,Stonex,4.0,(164),Metals & Mining,New Delhi +26 other locations
6860,Nipha Exports,3.8,(164),Industrial Machinery,Kolkata +9 other locations
6861,Ramco Steels,4.0,(163),Iron & Steel,Faridabad +6 other locations
6862,SmartED Innovations,4.1,(163),Education & Training,Bengaluru +4 other locations
6863,Celebi Delhi Cargo Terminal Management,4.2,(163),Aviation,New Delhi +2 other locations
6864,ASSET DEALS,4.3,(163),Gurugram +4 other locations,N/A
6865,Privi Organics,3.8,(163),Chemicals,Mahad +15 other locations
6866,MBit Computraining,3.7,(163),Recruitment,Hyderabad +20 other locations
6867,Jobby Engineers,4.2,(163),Engineering & Construction,Mumbai +22 other locations
6868,Pramata Knowledge Solutions,3.2,(163),Software Product,Bengaluru +4 other locations
6869,Safeguard Global,3.6,(163),Recruitment,New Delhi +8 other locations
6870,Acuvate Software,3.1,(163),Software Product,Hyderabad +4 other locations
6871,Xpo Logistics,3.7,(163),Logistics,Pune +19 other locations
6872,ARSS Infrastructure Projects,3.7,(163),Engineering & Construction,Bhubaneswar +20 other locations
6873,Population Services International (PSI),4.0,(163),Non-Profit,New Delhi +40 other locations
6874,Corpone Staffing Solutions,3.8,(163),BPO,Hyderabad +8 other locations
6875,Hotel Park Plaza,4.0,(163),Hospitality,New Delhi +17 other locations
6876,Hyland Software Solutions India LLP,3.8,(163),IT Services & Consulting,Kolkata +3 other locations
6877,Saint-Gobain Weber,3.9,(163),Engineering & Construction,Mumbai +33 other locations
6878,Ivis International,3.4,(163),Law Enforcement & Security,Hyderabad +16 other locations
6879,HYOSUNG,3.4,(163),Electronics Manufacturing,Chhatrapati Sambhajinagar +11 other locations
6880,Attero Recycling,4.4,(163),Semiconductors,Noida +13 other locations
6881,Camlin Fine Sciences,3.5,(163),Chemicals,Mumbai +17 other locations
6882,Krishna Buildestates,3.7,(163),Engineering & Construction,New Delhi +13 other locations
6883,Aakash Health Care,3.9,(163),Healthcare,New Delhi +5 other locations
6884,Fukoku,3.6,(164),Automobile,Pune +2 other locations
6885,Billroth Hospitals,3.6,(163),Healthcare,Chennai +3 other locations
6886,West Coast Pharmaceuticals,2.9,(163),Pharma,Ahmedabad +11 other locations
6887,Hills Cement Company,3.0,(163),Engineering & Construction,Guwahati +10 other locations
6888,CoinDCX,4.0,(163),Emerging Technologies,Bengaluru +6 other locations
6889,Gea Process Engineering India,4.0,(163),Food Processing,Vadodara +7 other locations
6890,Infiniminds,3.7,(163),IT Services & Consulting,Bengaluru +27 other locations
6891,Dipty Lal Judge Mal,3.9,(163),Retail,Noida +11 other locations
6892,ICONMA,2.9,(163),Recruitment,Hyderabad +4 other locations
6893,Graphic Era University,3.6,(163),Education & Training,Dehradun +11 other locations
6894,B M Birla Heart Research Centre,3.6,(163),Healthcare,Kolkata +5 other locations
6895,Ccl Products,4.1,(163),Beverage,Hyderabad +26 other locations
6896,Topre India,4.2,(163),Auto Components,Ahmedabad +10 other locations
6897,High Court Lucknow,4.5,(163),Law Enforcement & Security,Lucknow +25 other locations
6898,India Power Corporation,3.7,(163),Power,Kolkata +8 other locations
6899,Namra Finance,3.9,(163),Financial Services,Ahmedabad +78 other locations
6900,Namra Finance,3.9,(163),Financial Services,Ahmedabad +78 other locations
6901,Gea Process Engineering India,4.0,(163),Food Processing,Vadodara +7 other locations
6902,Arya Collateral Warehousing Services,4.3,(163),Agriculture,Noida +39 other locations
6903,Nimbus BPO,3.1,(163),BPO,Ranchi +7 other locations
6904,Bayer Zydus Pharma,3.5,(163),Pharma,Mumbai +39 other locations
6905,MRC Logistics,3.9,(163),Logistics,Pune +43 other locations
6906,Maharashtra State Road Transport Corporation,3.9,(162),Government,Mumbai +33 other locations
6907,StrategicERP,4.2,(162),Software Product,Mumbai +10 other locations
6908,Sterling Information Resources,3.5,(162),Analytics & KPO,Mumbai +5 other locations
6909,Anabeeb,4.0,(162),Oil & Gas,Al Jubail +14 other locations
6910,Faasos Food Services,3.8,(162),Internet,Mumbai +16 other locations
6911,Centelon,3.0,(162),IT Services & Consulting,Pune +9 other locations
6912,RevFin,4.0,(162),Financial Services,New Delhi +30 other locations
6913,MAT Brakes,4.1,(162),Industrial Machinery,Sonipat +9 other locations
6914,Innovassynth Technologies,3.5,(162),Chemicals,Khopoli +10 other locations
6915,Roto Pumps,3.7,(162),Industrial Machinery,Noida +9 other locations
6916,East India Technologies,3.0,(162),Electronics Manufacturing,Noida +8 other locations
6917,3Pillar Global,3.1,(162),Software Product,Noida +4 other locations
6918,Export Trading group,3.5,(162),IT Services & Consulting,Bengaluru +20 other locations
6919,Hansa Cequity,2.9,(162),Marketing & Advertising,Mumbai +5 other locations
6920,GP Strategies,3.5,(162),Management Consulting,Chennai +12 other locations
6921,Health Prime International,3.2,(162),Analytics & KPO,Mumbai +7 other locations
6922,VOLTECH O AND M SERVICES,4.0,(162),Oil & Gas,Chennai +41 other locations
6923,Amity International School,3.8,(164),Education & Training,New Delhi +17 other locations
6924,myTVS Parts & Accessories,3.7,(161),Auto Components,Chennai +29 other locations
6925,Concentric,3.6,(162),Industrial Machinery,Bengaluru +18 other locations
6926,India1 Payments,3.7,(162),Financial Services,Bengaluru +26 other locations
6927,Hartex Rubber,3.3,(162),Auto Components,Hyderabad +14 other locations
6928,Goodricke Group,4.0,(162),Food Processing,Kolkata +35 other locations
6929,ROI NET Solution,4.3,(162),FinTech,Gurugram +40 other locations
6930,Warner Bros. Discovery,3.7,(162),Media & Entertainment,Hyderabad +7 other locations
6931,Semac Consultants,3.9,(162),Engineering & Construction,Bengaluru +20 other locations
6932,Daramic Battery Separator India,3.6,(162),Electrical Equipment,Bharuch +8 other locations
6933,iVistec Partners India Private Limited,3.9,(162),IT Services & Consulting,Noida +5 other locations
6934,Hansa Cequity,2.9,(162),Marketing & Advertising,Mumbai +5 other locations
6935,Jotun Paints,4.0,(162),Petrochemicals,Pune +24 other locations
6936,Frick India,3.8,(162),Industrial Machinery,Faridabad +14 other locations
6937,Tulip Diagnostics,3.8,(162),Medical Equipment,Kolkata +39 other locations
6938,Sterling Biotech,3.9,(162),Pharma,Vadodara +4 other locations
6939,STEM Learning,4.3,(162),Education & Training,Mumbai +17 other locations
6940,Khadi Natural Healthcare,4.2,(163),Fitness & Wellness,New Delhi +10 other locations
6941,Tracks Components,3.2,(162),Pune +8 other locations,N/A
6942,Inductotherm,3.9,(162),Industrial Machinery,Ahmedabad +13 other locations
6943,Grundfos,4.2,(162),Industrial Machinery,Chennai +18 other locations
6944,Ace Pipeline Contracts,4.2,(163),Engineering & Construction,Mumbai +40 other locations
6945,Shree Technocrat Communication Systems,3.8,(162),Telecom,New Delhi +21 other locations
6946,PMI Electro Mobility Solutions,3.8,(162),Automobile,Dharuhera +23 other locations
6947,Makino Auto Industries,3.8,(163),Automobile,Noida +10 other locations
6948,Deepija Telecom,3.8,(163),Software Product,Hyderabad +14 other locations
6949,Capline Services,3.9,(164),Healthcare,Noida +5 other locations
6950,Emmbi Industries,3.7,(163),Packaging,Dadra & Nagar Haveli +15 other locations
6951,Punjab & Sind Bank,3.2,(162),Banking,New Delhi +48 other locations
6952,Enlist Management Consultants,3.1,(161),Recruitment,Kolkata +18 other locations
6953,TAL Manufacturing Solutions,3.5,(161),Industrial Machinery,Nagpur +6 other locations
6954,CollegePur,4.6,(161),Education & Training,Ghaziabad +7 other locations
6955,Garuda Power,3.0,(161),Industrial Machinery,Kolkata +22 other locations
6956,JCT Limited,3.8,(161),Fashion & Textile,Phagwara +12 other locations
6957,Americana Group,3.6,(161),Food Processing,Hyderabad +23 other locations
6958,Enzen Global Solutions,2.6,(161),Power,Bengaluru +17 other locations
6959,RPSG,3.7,(162),FMCG,Kolkata +34 other locations
6960,Sundaram Industries,3.5,(162),Auto Components,Chennai +15 other locations
6961,Gibraltar Technologies,3.9,(161),IT Services & Consulting,Bengaluru +22 other locations
6962,Kesari Tours,3.4,(161),Travel & Tourism,Mumbai +14 other locations
6963,Pyrotech Electronics,3.0,(161),Electronics Manufacturing,Udaipur +11 other locations
6964,MathWorks,3.9,(161),Software Product,Bengaluru +5 other locations
6965,Sonyo Management Consultants,4.4,(161),Recruitment,New Delhi +11 other locations
6966,Encotec Energy,4.2,(161),Power,Noida +31 other locations
6967,Amphenol Omniconnect - India,3.9,(161),Electronics Manufacturing,Chennai +4 other locations
6968,Cherry Hill Interiors,4.1,(161),Architecture & Interior Design,New Delhi +11 other locations
6969,Modenik Lifestyle,3.6,(161),Fashion & Textile,Bengaluru +31 other locations
6970,Jaypee Brothers Medical Publishers,3.3,(161),Printing & Publishing,New Delhi +14 other locations
6971,Mohani Tea Leaves,4.0,(161),FMCG,Kanpur +22 other locations
6972,Trafigura,3.2,(161),Logistics,Mumbai +4 other locations
6973,Vitromed Healthcare,3.5,(161),Medical Equipment,Jaipur +6 other locations
6974,ShopDeck,3.6,(161),Internet,Bengaluru +6 other locations
6975,Hubtown,3.4,(161),Engineering & Construction,Mumbai +9 other locations
6976,TVS Upasana Engineering,3.6,(161),Automobile,Hosur +7 other locations
6977,Peekay Steel Castings,4.1,(161),Iron & Steel,Coimbatore +8 other locations
6978,HYOSUNG T&D,3.9,(161),Electrical Equipment,Pune +6 other locations
6979,Zerodha,4.0,(161),FinTech,Bengaluru +22 other locations
6980,Parsons International,4.1,(161),IT Services & Consulting,Doha +14 other locations
6981,IIT Delhi,4.2,(161),Education & Training,New Delhi +8 other locations
6982,KRYFS POWER COMPONENTS,3.9,(161),Industrial Machinery,Mumbai +17 other locations
6983,Lilavati Hospital & Research Centre,3.9,(161),Healthcare,Mumbai +9 other locations
6984,Homesfy Realty,3.5,(161),Real Estate,Mumbai +9 other locations
6985,Enquero,4.2,(161),IT Services & Consulting,Bengaluru +5 other locations
6986,Iprogrammer Solutions,4.1,(161),IT Services & Consulting,Pune +3 other locations
6987,Petroexcel Technology Services,3.4,(161),Oil & Gas,Vadodara +10 other locations
6988,Smart Drive Systems,3.4,(161),IT Services & Consulting,Hyderabad +5 other locations
6989,Apparel Group UAE,3.4,(160),Retail,Dubai +9 other locations
6990,AYTB,3.8,(160),Engineering & Construction,Al Jubail +15 other locations
6991,Seco Tools,4.3,(160),Metals & Mining,Pune +8 other locations
6992,Kemwell Biopharma,3.4,(160),Biotechnology,Bengaluru +4 other locations
6993,Kanakadurga Finance,3.7,(160),NBFC,Vijayawada +53 other locations
6994,Vulcan Express,3.6,(160),Logistics,New Delhi +38 other locations
6995,Saraswati Accountants Software,4.5,(160),IT Services & Consulting,New Delhi +4 other locations
6996,Melorra,3.1,(160),Internet,Bengaluru +15 other locations
6997,Eastern Coalfields,4.1,(160),Metals & Mining,Asansol +18 other locations
6998,TIL,3.8,(160),Industrial Machinery,Kolkata +19 other locations
6999,Zuno General Insurance,3.9,(160),Financial Services,Mumbai +9 other locations
7000,HCL Foundation,4.4,(160),Non-Profit,Lucknow +12 other locations
7001,Helo.ai by VivaConnect,4.3,(160),Telecom,Mumbai +2 other locations
7002,Steer Engineering,3.1,(162),Engineering & Construction,Bengaluru +4 other locations
7003,Nexus Select Trust,4.0,(160),Retail,Bengaluru +17 other locations
7004,Milestone Gears,4.0,(160),Auto Components,Baddi +8 other locations
7005,Uniproducts,3.5,(160),Auto Components,Rewari +14 other locations
7006,ACE Group,4.1,(160),Real Estate,Noida +25 other locations
7007,American Institute of Pathology and Laboratory Sciences,4.3,(160),Healthcare,Hyderabad +30 other locations
7008,Lokmat Media,3.9,(160),Printing & Publishing,Mumbai +22 other locations
7009,Cease Fire,2.8,(161),New Delhi +42 other locations,N/A
7010,Enaltec Labs,2.9,(160),Pharma,Mumbai +6 other locations
7011,TeamLease Edtech,3.2,(161),EdTech,Mumbai +26 other locations
7012,Escorts Railway Equipment Division,3.8,(159),Industrial Machinery,Faridabad +5 other locations
7013,Premium Chick Feeds,3.6,(160),Agriculture,Pune +53 other locations
7014,Welspun Specialty Solutions,3.8,(160),Iron & Steel,Bharuch +11 other locations
7015,MELCO,3.6,(160),Industrial Machinery,Faridabad +31 other locations
7016,Webdew,4.5,(160),IT Services & Consulting,Sahibzada Ajit Singh Nagar +9 other locations
7017,The Dollar Business,3.1,(160),IT Services & Consulting,Hyderabad +7 other locations
7018,DCM Infotech,3.4,(160),IT Services & Consulting,New Delhi +13 other locations
7019,Eastman Industries,3.8,(160),Auto Components,Ludhiana +6 other locations
7020,Strategic Learning Solutions,4.0,(160),BPO,Gurugram +29 other locations
7021,CDW,4.3,(160),IT Services & Consulting,Chennai +4 other locations
7022,Desai Construction,4.2,(160),Engineering & Construction,Valsad +21 other locations
7023,Pearl Beverages,3.1,(160),Beverage,Guntur +20 other locations
7024,Sahu Exports,4.2,(160),Fashion & Textile,Noida +6 other locations
7025,Group Pharmaceuticals,3.8,(160),Pharma,Bengaluru +27 other locations
7026,Integrace Health,3.5,(164),Pharma,Mumbai +34 other locations
7027,KDDL,3.5,(160),Metals & Mining,Bengaluru +10 other locations
7028,Cyntexa,3.4,(160),IT Services & Consulting,Jaipur +2 other locations
7029,GA Infra Private Limited,3.8,(161),Engineering & Construction,Jaipur +25 other locations
7030,Sharp Business Systems India,3.5,(161),Consumer Electronics & Appliances,New Delhi +26 other locations
7031,CTX Life Science,3.7,(160),Pharma,Surat +6 other locations
7032,Bimal Auto Agency,3.6,(160),Auto Components,Bengaluru +7 other locations
7033,Skechers South Asia,4.2,(160),Retail,Mumbai +35 other locations
7034,ACI Worldwide,3.9,(160),Software Product,Bengaluru +5 other locations
7035,Everest Group,2.7,(159),Analytics & KPO,Gurugram +14 other locations
7036,Farmson Pharmaceutical,3.1,(160),Pharma,Vadodara +10 other locations
7037,Manomav Engineers,4.0,(161),Engineering & Construction,Noida +15 other locations
7038,Automotive Research Association of India,4.1,(160),Auto Components,Pune +3 other locations
7039,Nido Machineries,3.5,(160),Industrial Machinery,Mumbai +16 other locations
7040,Nido Machineries,3.5,(160),Industrial Machinery,Mumbai +16 other locations
7041,Manipal HealthMap,4.0,(160),Healthcare,New Delhi +36 other locations
7042,IFFCO Kisan Finance,3.6,(160),New Delhi +45 other locations,N/A
7043,Datavail Infotech,3.3,(160),IT Services & Consulting,Hyderabad +7 other locations
7044,5K Car Care,4.4,(159),Other,Coimbatore +13 other locations
7045,Delphi Automotive Systems,3.8,(159),Auto Components,Bengaluru +18 other locations
7046,Oakridge International School,3.5,(159),Education & Training,Hyderabad +11 other locations
7047,Sterlite Industries,3.9,(159),Other,Thoothukudi +19 other locations
7048,Be10X,4.4,(159),Education & Training,Kolkata +4 other locations
7049,Aligarh Muslim University,4.5,(159),Education & Training,Aligarh +10 other locations
7050,K.R.Mangalam World School,4.1,(159),Education & Training,New Delhi +10 other locations
7051,EAPRO Global Ltd,4.3,(159),Consumer Electronics & Appliances,Roorkee +18 other locations
7052,Indian Steel Corporation,4.1,(159),Iron & Steel,Gandhidham +11 other locations
7053,TI METAL FORMING,4.0,(159),Auto Components,Chennai +14 other locations
7054,Amanta Healthcare,4.1,(159),Pharma,Ahmedabad +18 other locations
7055,Tcs And Associates,3.4,(159),IT Services & Consulting,Bengaluru +22 other locations
7056,Ultratech India,3.9,(159),Pharma,Mumbai +59 other locations
7057,Goel Ganga Developments,3.6,(159),Real Estate,Pune +2 other locations
7058,Voith,3.6,(159),Pulp & Paper,Noida +14 other locations
7059,Atotech,3.9,(159),Chemicals,Gurugram +11 other locations
7060,Nivara Home Finance,3.8,(159),Financial Services,Bengaluru +36 other locations
7061,Topsel Toyota,3.9,(159),Automobile,Kolkata +9 other locations
7062,Envision Enterprise Solutions,2.7,(159),IT Services & Consulting,Hyderabad +7 other locations
7063,Verity Knowledge Solutions,3.1,(159),Investment Banking / Venture Capital / Private Equity,Hyderabad +5 other locations
7064,Gujarat State Electricity Corporation,4.4,(159),Government,Ahmedabad +23 other locations
7065,B5 Plus,3.1,(160),Iron & Steel,Tema +13 other locations
7066,Baggit,2.6,(159),Fashion & Textile,Mumbai +28 other locations
7067,Anvil Cables,3.7,(159),Semiconductors,Kolkata +29 other locations
7068,IG Defence,4.6,(159),Bhubaneswar +4 other locations,N/A
7069,Shinhan Bank,3.1,(159),Banking,Mumbai +10 other locations
7070,Kalburgi Cement,3.3,(159),Building Material,Kalaburagi +16 other locations
7071,Gera Developments,4.0,(160),Real Estate,Pune +5 other locations
7072,Trayee Business Solutions,3.5,(159),BPO,Chennai +2 other locations
7073,Sensiple,3.4,(159),IT Services & Consulting,Chennai
7074,Bsa Corporation,3.8,(159),Auto Components,Pune +28 other locations
7075,bgr Mining infra pvt Ltd,4.1,(160),Metals & Mining,Hyderabad +17 other locations
7076,Modi Builders & Realtors,2.9,(159),Engineering & Construction,Hyderabad +3 other locations
7077,Krishna Institute of Medical Sciences,3.8,(159),Healthcare,Hyderabad +18 other locations
7078,Makino,3.7,(159),Auto Components,Bengaluru +16 other locations
7079,Synchronoss Technologies,4.2,(159),Telecom,Bengaluru +4 other locations
7080,Nivara Home Finance,3.8,(159),Financial Services,Bengaluru +36 other locations
7081,IG Defence,4.6,(159),Bhubaneswar +4 other locations,N/A
7082,Makino,3.7,(159),Auto Components,Bengaluru +16 other locations
7083,Modi Builders & Realtors,2.9,(159),Engineering & Construction,Hyderabad +3 other locations
7084,Lotus Footwear Enterprises,4.0,(159),Fashion & Textile,Chennai +10 other locations
7085,Synchronoss Technologies,4.2,(159),Telecom,Bengaluru +4 other locations
7086,Chloride Metals,3.5,(159),Haldia +12 other locations,N/A
7087,Juspay Technologies,3.8,(159),FinTech,Bengaluru +6 other locations
7088,NimbusPost,3.4,(159),Logistics,Gurugram +10 other locations
7089,Rayden Interactive,2.7,(159),IT Services & Consulting,Pune +2 other locations
7090,Solera,3.1,(159),IT Services & Consulting,Bengaluru +3 other locations
7091,Webvio Technologies,4.3,(159),IT Services & Consulting,Kolkata +2 other locations
7092,Basicfirst Learning,2.7,(158),EdTech,New Delhi +25 other locations
7093,Broadcast Engineering Consultants India,3.4,(158),Government,New Delhi +26 other locations
7094,Nehru Yuva Kendra Sangathan,4.4,(158),Non-Profit,New Delhi +91 other locations
7095,University of Delhi,4.2,(158),Education & Training,New Delhi +4 other locations
7096,IBM Consulting,3.7,(158),Bengaluru +12 other locations,N/A
7097,Topsoe,3.9,(158),Chemicals,Faridabad +5 other locations
7098,Outlook,2.9,(158),New Delhi +14 other locations,N/A
7099,AYN InfoTech,4.5,(158),IT Services & Consulting,Pune +12 other locations
7100,University of Delhi,4.2,(158),Education & Training,New Delhi +4 other locations
7101,Sapphire Infocom,4.8,(158),IT Services & Consulting,Ahmedabad +4 other locations
7102,Thomson Press India,4.2,(158),Printing & Publishing,Faridabad +10 other locations
7103,TC Global,3.6,(158),Education & Training,New Delhi +17 other locations
7104,98thPercentile,4.1,(164),EdTech,Hyderabad +5 other locations
7105,Conserve Solution,3.9,(158),Engineering & Construction,Chennai +8 other locations
7106,Colgate Global Business Services,3.5,(158),IT Services & Consulting,Mumbai +4 other locations
7107,Srijan Technologies,3.2,(158),IT Services & Consulting,New Delhi +13 other locations
7108,TAAZAA,4.0,(158),IT Services & Consulting,Noida +2 other locations
7109,Interactive Avenues,3.2,(159),Marketing & Advertising,Mumbai +6 other locations
7110,Futran Solutions,3.9,(158),Software Product,Hyderabad +3 other locations
7111,IBM Consulting,3.7,(160),Bengaluru +12 other locations,N/A
7112,Ram Kripal Singh Construction,3.6,(158),Engineering & Construction,Ranchi +31 other locations
7113,SugarFit,4.0,(158),Healthcare,Bengaluru +4 other locations
7114,Opus Technologies,3.1,(158),FinTech,Pune +6 other locations
7115,Zeta Global,3.3,(158),Software Product,Hyderabad +5 other locations
7116,Sanyo Special Steel Manufacturing,4.2,(158),Iron & Steel,Khopoli +8 other locations
7117,Dixcy Textiles,4.2,(158),Bengaluru +34 other locations,N/A
7118,Crowe Horwath,3.7,(158),Accounting & Auditing,Noida +10 other locations
7119,Topsoe,3.9,(158),Chemicals,Faridabad +5 other locations
7120,Vizza Insurance Broking Services,3.3,(158),Insurance,Chennai +17 other locations
7121,Badri Rai and Company,3.9,(158),Engineering & Construction,Guwahati +18 other locations
7122,M Tech Innovations,3.8,(158),Electronics Manufacturing,Pune +8 other locations
7123,Raam Group,3.4,(158),Automobile,Hyderabad +8 other locations
7124,Mosaic Wellness,3.4,(158),Fitness & Wellness,Mumbai +8 other locations
7125,Elektrobit India,4.0,(158),IT Services & Consulting,Bengaluru +2 other locations
7126,Speed Engineering Solutions,3.8,(158),Industrial Machinery,Pune +3 other locations
7127,Mahavir Die Casters,3.8,(158),Auto Components,Gurugram +6 other locations
7128,Marsh McLennan Global Services,4.1,(158),Financial Services,Mumbai +6 other locations
7129,T&N Business Services,4.8,(158),Recruitment,Aligarh +9 other locations
7130,FreshMenu,3.2,(158),Internet,Bengaluru +10 other locations
7131,EMB Global,4.3,(158),Internet,Gurugram +2 other locations
7132,Alp Overseas,3.6,(158),Auto Components,Neemrana +12 other locations
7133,Paushak,3.8,(158),Chemicals,Vadodara +6 other locations
7134,Ceratizit,4.3,(164),Industrial Machinery,Bengaluru +14 other locations
7135,Kartavya Healtheon,3.7,(158),Internet,Mumbai +29 other locations
7136,Creditas Solutions,2.7,(158),FinTech,Gurugram +4 other locations
7137,Sobha Constructions,3.5,(158),Engineering & Construction,Bengaluru +16 other locations
7138,BigStep Technologies,4.3,(157),IT Services & Consulting,Gurugram +2 other locations
7139,Rorito International,3.8,(157),Other,Chennai +36 other locations
7140,Ankur Seeds,4.1,(157),Agriculture,Nagpur +43 other locations
7141,Innovision,3.0,(157),Facility Management Services,Gurugram +34 other locations
7142,SECON Private Limited Bangalore INDIA,3.3,(157),Engineering & Construction,Bengaluru +16 other locations
7143,Euro School,3.6,(158),Education & Training,Bengaluru +16 other locations
7144,Khushi Advertising Ideas Private Limited,4.5,(157),Marketing & Advertising,Mumbai +22 other locations
7145,Texila Educational And Management Services,3.9,(157),Education & Training,Coimbatore +7 other locations
7146,Edujobs Academy,3.3,(157),Education & Training,Kolkata +28 other locations
7147,Sampark Logistics,3.4,(157),Logistics,Faridabad +21 other locations
7148,American India Foundation,3.8,(157),Non-Profit,New Delhi +40 other locations
7149,Ajit Industries Pvt.Ltd,4.2,(157),Chemicals,New Delhi +35 other locations
7150,Prabha Engineering,3.8,(157),Auto Components,Pune +15 other locations
7151,RS Software (India) Ltd.,3.4,(157),FinTech,Kolkata +4 other locations
7152,Central Coalfields,4.5,(157),Metals & Mining,Ranchi +11 other locations
7153,Data Bridge Market Research,2.9,(157),Analytics & KPO,Pune +4 other locations
7154,B.P. Poddar Hospital & Medical Research,2.9,(157),Healthcare,Kolkata +4 other locations
7155,Doms Industries,3.7,(157),Other,Umbergaon +29 other locations
7156,AECC Global,3.1,(157),Financial Services,Chennai +21 other locations
7157,Bankai Infotech,3.2,(157),IT Services & Consulting,Ahmedabad +7 other locations
7158,Gulshan Polyols,3.5,(158),Chemicals,New Delhi +17 other locations
7159,Netcon Technologies,3.6,(157),IT Services & Consulting,Chennai +13 other locations
7160,Naari Pharma,2.9,(157),Pharma,Rudrapur +11 other locations
7161,Rozana Rural Commerce Private Limited,3.1,(157),Internet,New Delhi +16 other locations
7162,Airpay Payment Services,2.7,(157),FinTech,Mumbai +50 other locations
7163,Enercon,4.1,(157),Power,Bengaluru +23 other locations
7164,Synmac Consultants,4.1,(157),Accounting & Auditing,Chennai +3 other locations
7165,Khivraj Motors,3.9,(157),Automobile,Chennai +7 other locations
7166,Amgen,2.8,(157),Biotechnology,Hyderabad +7 other locations
7167,Sikka Group,3.4,(157),Real Estate,New Delhi +11 other locations
7168,Milltec Machinery Pvt Ltd Bangalore,4.1,(157),Industrial Machinery,Bengaluru +23 other locations
7169,Satec Envir Engineering (I),4.1,(157),Engineering & Construction,Mumbai +7 other locations
7170,Auto Mechanics,2.7,(157),Kolkata +8 other locations,N/A
7171,PMJ Gems & Jewellers,3.5,(158),Jewellery,Hyderabad +19 other locations
7172,TV9 Network,3.7,(157),Media & Entertainment,Noida +12 other locations
7173,Niveus Solutions (Part of NTT Data),3.7,(157),IT Services & Consulting,Mangaluru +5 other locations
7174,RxLogix Corporation,2.2,(157),Software Product,Noida +5 other locations
7175,Teliolabs,3.9,(157),Emerging Technologies,Hyderabad +4 other locations
7176,First Solar,4.0,(157),Internet,Chennai +9 other locations
7177,Him Teknoforge,3.5,(157),Auto Components,Baddi +13 other locations
7178,Ceigall,3.1,(157),Engineering & Construction,Ludhiana +20 other locations
7179,Avantha Technologies,3.5,(157),IT Services & Consulting,Gurugram +10 other locations
7180,Delhi Integrated Multi Modal Transit System,3.6,(157),Government,New Delhi +12 other locations
7181,Ceigall,3.1,(157),Engineering & Construction,Ludhiana +20 other locations
7182,Amgen,2.8,(157),Biotechnology,Hyderabad +7 other locations
7183,Teliolabs,3.9,(157),Emerging Technologies,Hyderabad +4 other locations
7184,Sikka Group,3.4,(157),Real Estate,New Delhi +11 other locations
7185,First Solar,4.0,(157),Internet,Chennai +9 other locations
7186,The Knowledge Academy,2.7,(157),Education & Training,Bengaluru +7 other locations
7187,Signzy Technologies,2.9,(157),Software Product,Bengaluru +8 other locations
7188,Sony Pictures Networks,3.5,(157),Mumbai +20 other locations,N/A
7189,IREP Credit Capital,4.1,(158),Financial Services,Hyderabad +59 other locations
7190,Cadeploy Engineering,3.2,(157),Engineering & Construction,Hyderabad +6 other locations
7191,CLIRNet,3.6,(157),Internet,Kolkata +1 other locations
7192,Hirschvogel Components,4.0,(157),Auto Components,Pune +4 other locations
7193,Rolls-Royce,3.8,(156),Defence & Aerospace,Bengaluru +11 other locations
7194,Unicorn DenMart,4.0,(156),Medical Equipment,New Delhi +22 other locations
7195,GAIN Credit,3.9,(156),FinTech,Chennai +6 other locations
7196,Shimizu,4.1,(156),Engineering & Construction,Bengaluru +15 other locations
7197,SKS Fasteners,3.3,(156),Auto Components,Pune +5 other locations
7198,CBSE,4.3,(156),Education & Training,New Delhi +75 other locations
7199,Metal Power Analytical,3.3,(156),Electronics Manufacturing,Mumbai +19 other locations
7200,Bhartiya International,3.5,(156),Fashion & Textile,Bengaluru +12 other locations
7201,MGM Medical College & Hospital,3.8,(156),Healthcare,Chhatrapati Sambhajinagar +16 other locations
7202,Narayan Seva Sansthan,4.2,(156),Non-Profit,Udaipur +10 other locations
7203,Hyatt Place,4.0,(156),Hospitality,Pune +25 other locations
7204,JCBL,3.5,(156),Auto Components,Chandigarh +18 other locations
7205,YuppTV,3.5,(156),Broadcasting,Hyderabad +4 other locations
7206,Embassy Group,4.1,(156),Real Estate,Bengaluru +15 other locations
7207,Deepak Novochem Technologies,4.0,(156),Chemicals,Chiplun +4 other locations
7208,Tamilnadu Petroproducts,4.1,(156),Petrochemicals,Chennai +4 other locations
7209,Vasant Masala,4.1,(156),Retail,Ahmedabad +24 other locations
7210,IndianOil Skytanking,3.0,(156),Oil & Gas,New Delhi +14 other locations
7211,MedTourEasy,4.7,(156),Internet,New Delhi +9 other locations
7212,Inube Software Solutions,3.3,(156),Software Product,Bengaluru +6 other locations
7213,Sportz Interactive,3.0,(156),Internet,Mumbai +4 other locations
7214,Plintron Global Technology Solutions,3.1,(156),Telecom,Chennai +3 other locations
7215,SoftTech Engineers Limited,3.3,(156),Engineering & Construction,Pune +23 other locations
7216,Unirac,3.9,(156),Power,Hyderabad +3 other locations
7217,Pasco Automobiles,4.1,(156),Automobile,Gurugram +10 other locations
7218,Back Office,4.0,(156),BPO,Mumbai +47 other locations
7219,Jasper Industries,4.2,(156),Automobile,Hyderabad +13 other locations
7220,Sresta Natural Bioproducts,3.6,(156),FMCG,Hyderabad +37 other locations
7221,Flexsin Technologies,3.9,(158),IT Services & Consulting,Noida +5 other locations
7222,Embassy Group,4.1,(156),Real Estate,Bengaluru +15 other locations
7223,HMD Global,3.6,(156),Electronics Manufacturing,Gurugram +42 other locations
7224,Newton School: Pay after Placement,3.5,(157),Internet,Bengaluru +8 other locations
7225,thinkbridge,3.5,(156),IT Services & Consulting,Pune +6 other locations
7226,Modi Naturals,4.0,(156),Agro Chemicals,New Delhi +31 other locations
7227,Jasper Industries,4.2,(156),Automobile,Hyderabad +13 other locations
7228,Back Office,4.0,(156),BPO,Mumbai +47 other locations
7229,KLM Laboratories,3.6,(156),Pharma,Vadodara +33 other locations
7230,Axis Sales,4.4,(156),Financial Services,Mumbai +67 other locations
7231,Vasant Masala,4.1,(156),Retail,Ahmedabad +24 other locations
7232,Augustus Healthcare Solutions,3.7,(157),Healthcare,Pune +5 other locations
7233,Sarla Advantech,3.9,(156),Engineering & Construction,Pune +12 other locations
7234,Simple Logic IT,3.4,(156),IT Services & Consulting,Mumbai +3 other locations
7235,Motovolt Mobility,3.9,(155),Automobile,Kolkata +22 other locations
7236,Reynolds,4.3,(156),Other,Chennai +30 other locations
7237,FreshToHome,3.5,(156),Retail,Bengaluru +20 other locations
7238,Rubicon Skill Development,2.5,(155),Pune +13 other locations,N/A
7239,Vortex Engineering,4.0,(155),IT Services & Consulting,Chennai +25 other locations
7240,Meil Anpara Power,3.8,(155),Sonbhadra +11 other locations,N/A
7241,Qatargas,4.6,(156),Oil & Gas,Mumbai +15 other locations
7242,Air India Engineering Services,3.6,(155),Industrial Machinery,Mumbai +11 other locations
7243,Rubicon Skill Development,2.5,(155),Pune +13 other locations,N/A
7244,Partha Dental,3.7,(155),Healthcare,Hyderabad +16 other locations
7245,IonIdea,3.1,(155),Software Product,Bengaluru +10 other locations
7246,Exim Logistics,4.1,(155),Logistics,Bhubaneswar +21 other locations
7247,L&T Smart World & Communication,4.2,(155),IT Services & Consulting,Chennai +31 other locations
7248,Banas Dairy,4.0,(155),Food Processing,Palanpur +22 other locations
7249,VFS Capital,3.7,(157),NBFC,Kolkata +41 other locations
7250,Shubhalakshmi Polyesters,3.7,(155),Fashion & Textile,Bharuch +11 other locations
7251,Auditics Private Limited,3.8,(155),Accounting & Auditing,Chennai +10 other locations
7252,JConnect Infotech,3.5,(155),Recruitment,Noida +9 other locations
7253,Uno Minda Kyoraku,3.9,(155),Automobile,Bawal +11 other locations
7254,BIZONGO,3.2,(155),Emerging Technologies,Mumbai +11 other locations
7255,Quba Architectural Products,4.3,(155),Architecture & Interior Design,Mumbai +24 other locations
7256,Diversey,3.9,(155),Chemicals,Mumbai +31 other locations
7257,Intec Infra-Technologies,3.8,(155),Gurugram +5 other locations,N/A
7258,Nitika Pharmaceutical Specialities,3.5,(156),Pharma,Nagpur +3 other locations
7259,Electrolab,3.5,(155),Medical Equipment,Mumbai +13 other locations
7260,HTIC Global,3.6,(155),Management Consulting,Kochi +6 other locations
7261,Shubhalakshmi Polyesters,3.7,(155),Fashion & Textile,Bharuch +11 other locations
7262,Diversey,3.9,(155),Chemicals,Mumbai +31 other locations
7263,Indian Armed Forces,4.6,(155),Government,New Delhi +40 other locations
7264,Electrolab,3.5,(155),Medical Equipment,Mumbai +13 other locations
7265,Ki Mobility Solution,3.3,(155),Internet,Chennai +29 other locations
7266,Donaldson India Filter Systems,3.9,(155),Industrial Machinery,Gurugram +8 other locations
7267,Interglobe Air Transport,3.4,(155),Aviation,New Delhi +27 other locations
7268,Samvardhana Motherson Auto Component,3.8,(156),Electrical Equipment,Chennai +17 other locations
7269,Mahanadi Coalfields,4.5,(155),Metals & Mining,Sambalpur +22 other locations
7270,F5 Networks,3.2,(155),IT Services & Consulting,Hyderabad +4 other locations
7271,Intec Infra-Technologies,3.8,(155),Gurugram +5 other locations,N/A
7272,Nitika Pharmaceutical Specialities,3.5,(156),Pharma,Nagpur +3 other locations
7273,Indivillage Tech Solutions,3.6,(155),IT Services & Consulting,Yemmiganur +12 other locations
7274,Multi Commodity Exchange of India,3.3,(155),Financial Services,Mumbai +10 other locations
7275,Sabyasachi Couture,3.8,(155),Fashion & Textile,Kolkata +5 other locations
7276,KK Spun Pipes,3.2,(155),Industrial Machinery,New Delhi +18 other locations
7277,Orange City Water,3.7,(155),Waste Management,Nagpur +3 other locations
7278,Replicon,3.5,(155),Software Product,Bengaluru +4 other locations
7279,High Street Essentials,3.5,(155),Retail,Noida +18 other locations
7280,Sindhuja Microcredit,3.6,(155),NBFC,Noida +59 other locations
7281,High Street Essentials,3.5,(155),Retail,Noida +18 other locations
7282,Thermo Systems India,4.1,(155),Semiconductors,Hyderabad +26 other locations
7283,Delval Flow Controls,4.2,(155),Industrial Machinery,Pune +8 other locations
7284,Fair Exports,3.4,(155),Import & Export,New Delhi +23 other locations
7285,Suraksha Gold Industries Private Limited,4.3,(155),Building Material,New Delhi +29 other locations
7286,Tara Consultancy Services,2.7,(156),Chennai +16 other locations,N/A
7287,Franciscan Solutions,2.8,(154),IT Services & Consulting,Noida +21 other locations
7288,Airtel Business,3.6,(154),Telecom,Gurugram +44 other locations
7289,"PKF Sridhar & Santhanam LLP, Chartered Accountants",3.4,(154),Accounting & Auditing,Mumbai +7 other locations
7290,Deendayal Antyodaya Yojana-National Rural Livelihoods Mission,4.0,(154),Government,New Delhi +72 other locations
7291,MoreTasks,4.3,(154),IT Services & Consulting,Gurugram +2 other locations
7292,Volvo Construction Equipment,4.3,(154),Industrial Machinery,Bengaluru +27 other locations
7293,Tata Ficosa Automotive Systems,N/A,N/A,Auto Components,Pune +13 other locations
7294,Gopaljee Dairy Foods,4.4,(154),Food Processing,Noida +26 other locations
7295,Rinder India,4.0,(154),Automobile,Pune +8 other locations
7296,Agilent Technologies International,4.1,(154),Gurugram +7 other locations,N/A
7297,Rich Graviss Products,4.0,(154),FMCG,Pune +29 other locations
7298,Optimus Information,3.0,(154),IT Services & Consulting,Noida +6 other locations
7299,Cape East,3.4,(154),Industrial Machinery,Doha +12 other locations
7300,Corbus,3.5,(154),IT Services & Consulting,Noida +5 other locations
7301,Akrivia Automation,4.4,(154),IT Services & Consulting,Visakhapatnam +4 other locations
7302,Cape East,3.4,(154),Industrial Machinery,Doha +12 other locations
7303,Anchor Health and Beauty Care,4.0,(154),Beauty & Personal Care,Mumbai +40 other locations
7304,Durr India,3.4,(154),Industrial Automation,Chennai +7 other locations
7305,Jharkhand State Livelihood Promotion Society,3.6,(154),Government,Ranchi +31 other locations
7306,Isha Foundation,4.2,(154),Non-Profit,Coimbatore +15 other locations
7307,Eagleview,3.2,(154),Software Product,Bengaluru +4 other locations
7308,Executive Ship Management,4.0,(154),Ports & Shipping,Mumbai +15 other locations
7309,Altair Engineering,3.8,(154),IT Services & Consulting,Bengaluru +7 other locations
7310,SembCorp,3.9,(154),Power,Gurugram +29 other locations
7311,GIRDHARI LAL CONSTRUCTIONS,3.9,(154),Engineering & Construction,New Delhi +25 other locations
7312,Teach For India,3.6,(154),Non-Profit,New Delhi +13 other locations
7313,Brindavan Beverages,3.9,(154),Beverage,Bareilly +12 other locations
7314,RealEstateIndia.com,4.8,(154),Real Estate,New Delhi +3 other locations
7315,Volvo Construction Equipment,4.3,(154),Industrial Machinery,Bengaluru +27 other locations
7316,Theorem Incorporation,3.3,(154),Marketing & Advertising,Mysuru +6 other locations
7317,Deccan iServices,3.7,(154),Chennai +7 other locations,N/A
7318,Vibracoustic,3.6,(154),Automobile,Noida +10 other locations
7319,Isprava,3.2,(155),Real Estate,Mumbai +9 other locations
7320,Simpl,2.9,(154),Internet,Bengaluru +1 other locations
7321,Isha Foundation,4.2,(154),Non-Profit,Coimbatore +15 other locations
7322,Executive Ship Management,4.0,(154),Ports & Shipping,Mumbai +15 other locations
7323,GIRDHARI LAL CONSTRUCTIONS,3.9,(154),Engineering & Construction,New Delhi +25 other locations
7324,Altair Engineering,3.8,(154),IT Services & Consulting,Bengaluru +7 other locations
7325,Eagleview,3.2,(154),Software Product,Bengaluru +4 other locations
7326,Head Digital Works,4.3,(154),Gaming,Hyderabad +5 other locations
7327,Aurolab,3.9,(154),Medical Equipment,Madurai +30 other locations
7328,Brindavan Beverages,3.9,(154),Beverage,Bareilly +12 other locations
7329,Teach For India,3.6,(154),Non-Profit,New Delhi +13 other locations
7330,HelpAge India,4.0,(154),Non-Profit,New Delhi +55 other locations
7331,Kaseya Software,3.3,(154),Software Product,Bengaluru +4 other locations
7332,RealEstateIndia.com,4.8,(154),Real Estate,New Delhi +3 other locations
7333,Pioneer e Solutions,3.6,(155),IT Services & Consulting,New Delhi +37 other locations
7334,Advance Auto Parts,3.6,(154),Retail,Hyderabad +1 other locations
7335,Apicore Pharmaceuticals,3.7,(154),Pharma,Vadodara +9 other locations
7336,Axis Securities and Sales,3.5,(154),Mumbai +59 other locations,N/A
7337,Horizontal Integration,3.5,(154),IT Services & Consulting,Bengaluru +12 other locations
7338,Vasavi Group,3.8,(154),Real Estate,Hyderabad +5 other locations
7339,Shivalik Rasayan,3.5,(154),Agro Chemicals,Bharuch +14 other locations
7340,Vehant Technologies,3.9,(154),IT Services & Consulting,Noida +17 other locations
7341,Magma Housing Finance,4.5,(152),Financial Services,Kolkata +61 other locations
7342,Ayu Health Hospitals,3.6,(153),Healthcare,Bengaluru +8 other locations
7343,Lupin Diagnostics,4.0,(153),Medical Equipment,Mumbai +34 other locations
7344,Classcanyon,4.5,(153),Education & Training,Greater Noida +4 other locations
7345,Future Consumer,4.4,(153),FMCG,Mumbai +28 other locations
7346,Bill Forge,4.2,(153),Auto Components,Bengaluru +8 other locations
7347,SightSpectrum Technology Solutions,3.3,(153),IT Services & Consulting,Chennai +3 other locations
7348,Java R & D,2.8,(153),IT Services & Consulting,Bhopal +7 other locations
7349,Bhilai Iron And Steel Processing Company,4.0,(153),Iron & Steel,Bhilai Nagar +11 other locations
7350,Enova Facilities Management LLC,4.2,(153),Facility Management Services,Dubai +15 other locations
7351,Brickwork Ratings,3.4,(153),Financial Services,Bengaluru +22 other locations
7352,Chandan Healthcare,3.2,(153),Healthcare,Lucknow +15 other locations
7353,Sumeru Software Solutions,3.3,(153),IT Services & Consulting,Bengaluru +13 other locations
7354,Muvi,4.1,(153),Internet,Bhubaneswar +3 other locations
7355,DDB Mudra Group,3.6,(153),Marketing & Advertising,Mumbai +23 other locations
7356,ValGenesis,3.0,(153),Software Product,Chennai +5 other locations
7357,BlueBinaries Engineering and Solutions,2.6,(153),Software Product,Bengaluru +5 other locations
7358,Kirloskar Ebara Pumps,3.7,(153),Industrial Machinery,Pune +10 other locations
7359,FMI Automotive Components,4.0,(153),Auto Components,Gurugram +4 other locations
7360,Vega Industries,4.0,(153),Beauty & Personal Care,Noida +28 other locations
7361,ADINATH MOTORS,3.7,(153),New Delhi +82 other locations,N/A
7362,ZaranTech,3.2,(153),Education & Training,Bengaluru +13 other locations
7363,Linedata,2.9,(153),Internet,Mumbai +8 other locations
7364,Dedicated Freight Corridor Corporation Of India,4.1,(153),Government,New Delhi +35 other locations
7365,Ogilvy,3.5,(153),Marketing & Advertising,Mumbai +11 other locations
7366,Ritco Logistics,3.6,(153),Logistics,Gurugram +34 other locations
7367,Reliance Consumer Products,3.6,(154),Bengaluru +39 other locations,N/A
7368,Polestar Consulting,4.3,(153),IT Services & Consulting,Pune +17 other locations
7369,KHD Humboldt Wedag,4.3,(153),Industrial Machinery,New Delhi +6 other locations
7370,Unschool Learning,3.3,(153),EdTech,Hyderabad +7 other locations
7371,Kirtane & Pandit,3.5,(153),Accounting & Auditing,Pune +11 other locations
7372,Unicommerce Esolutions,3.0,(153),Software Product,Gurugram +8 other locations
7373,Scymes Services,3.4,(153),IT Services & Consulting,Mumbai +11 other locations
7374,Casepoint,3.3,(153),IT Services & Consulting,Surat +5 other locations
7375,Dr.SNS Rajalakshmi College Of Arts and Science,4.9,(153),Education & Training,Coimbatore +1 other locations
7376,Euronics Industries,3.7,(153),Building Material,Gurugram +18 other locations
7377,Sarvatra Technologies,4.3,(154),IT Services & Consulting,Pune +10 other locations
7378,BAIF Development Research Foundation,3.7,(153),Non-Profit,Pune +48 other locations
7379,SAGE Publications,3.2,(153),Media & Entertainment,New Delhi +7 other locations
7380,Thoucentric,3.7,(153),Management Consulting,Bengaluru +7 other locations
7381,Computer Generated Solutions,3.1,(153),IT Services & Consulting,Hyderabad +6 other locations
7382,Msc Cruises,4.3,(153),Ports & Shipping,Mumbai +11 other locations
7383,SAGE Publications,3.2,(153),Media & Entertainment,New Delhi +7 other locations
7384,BAIF Development Research Foundation,3.7,(153),Non-Profit,Pune +48 other locations
7385,MRI Software,3.2,(154),Software Product,Bengaluru +7 other locations
7386,Baxter Pharmaceuticals,4.2,(153),Pharma,Ahmedabad +8 other locations
7387,Polestar Consulting,4.3,(153),IT Services & Consulting,Pune +17 other locations
7388,Sun Flag Steel,3.5,(153),Iron & Steel,Bhandara +10 other locations
7389,Transcom India,2.4,(154),BPO,Gurugram +5 other locations
7390,Reliance Consumer Products,3.6,(154),Bengaluru +39 other locations,N/A
7391,Rabindranath Tagore International Institute of Cardiac Sciences,3.9,(153),Healthcare,Kolkata +8 other locations
7392,Tarento Technologies,3.7,(153),IT Services & Consulting,Bengaluru +5 other locations
7393,AKM Global,4.1,(153),Accounting & Auditing,Gurugram +12 other locations
7394,Community Health Center,4.3,(153),Healthcare,Lucknow +75 other locations
7395,eBIZ.com,2.6,(152),EdTech,Noida +23 other locations
7396,Arabian Fal,2.9,(152),Oil & Gas,Ras Tanura +16 other locations
7397,Damro Furniture,3.5,(152),Furniture & Furnishing,Bengaluru +29 other locations
7398,Alcatel-Lucent,4.3,(152),Telecom,Bengaluru +24 other locations
7399,SDP & Associates (Office),3.7,(152),Accounting & Auditing,Kolkata +6 other locations
7400,Alcatel-Lucent,4.3,(152),Telecom,Bengaluru +24 other locations
7401,University of Engineering and Management,4.4,(152),Education & Training,Kolkata +16 other locations
7402,BEO Software,4.2,(152),IT Services & Consulting,Kochi +3 other locations
7403,Damro Furniture,3.5,(152),Furniture & Furnishing,Bengaluru +29 other locations
7404,Elkayem Auto Ancillaries,3.4,(152),Industrial Machinery,Hosur +7 other locations
7405,Wipro Insurance Solutions,3.6,(152),Mumbai +11 other locations,N/A
7406,Hestabit Technologies,3.7,(152),IT Services & Consulting,Noida +5 other locations
7407,Dream Plast India,3.5,(152),Industrial Machinery,Pune +6 other locations
7408,Axis Mutual Fund,3.8,(152),Financial Services,Mumbai +43 other locations
7409,Safeducate,4.1,(152),Education & Training,New Delhi +31 other locations
7410,Geodis Overseas,3.4,(152),Logistics,Chennai +14 other locations
7411,Junomoneta Finsol,2.7,(152),Investment Banking / Venture Capital / Private Equity,Rajkot +10 other locations
7412,Mcpi,4.3,(152),Chemicals,Haldia +5 other locations
7413,Planit Testing India,3.3,(152),IT Services & Consulting,Hyderabad +5 other locations
7414,Virtuoso,3.5,(152),Industrial Automation,Pune +5 other locations
7415,Norwin Technologies,3.9,(152),IT Services & Consulting,Bengaluru +5 other locations
7416,CBTS TECHNOLOGY SOLUTIONS INDIA LLP,3.8,(152),IT Services & Consulting,Chennai +4 other locations
7417,Toll Group,4.0,(152),Logistics,Pune +18 other locations
7418,Polaris,3.9,(153),Automobile,Bengaluru +15 other locations
7419,Pioneer Wincon,4.3,(152),Power,Chennai +17 other locations
7420,NetProphets Cyberworks,3.4,(153),IT Services & Consulting,Noida +14 other locations
7421,ARK Infosolutions,3.8,(152),IT Services & Consulting,Noida +13 other locations
7422,Abryl Laboratories Manufacturing Unit,3.7,(152),Pharma,Chandigarh +9 other locations
7423,Liebherr,3.8,(152),Industrial Machinery,Mumbai +27 other locations
7424,Brigosha Technologies,2.1,(152),IT Services & Consulting,Bengaluru +3 other locations
7425,Systech Solutions,3.6,(152),Analytics & KPO,Chennai +9 other locations
7426,Costa Coffee,3.7,(152),Beverage,New Delhi +28 other locations
7427,Premier Irrigation Adritec,3.8,(152),Agriculture,Kolkata +30 other locations
7428,OakNorth,2.9,(152),Banking,Gurugram +5 other locations
7429,SanDisk India Device Design Centre,3.8,(153),Hardware & Networking,Bengaluru +9 other locations
7430,Dexian India Technologies,3.5,(154),IT Services & Consulting,Chennai +8 other locations
7431,Meenakshi Mission Hospital & Research Centre,4.1,(152),Healthcare,Madurai +12 other locations
7432,Creativelipi Webtech,2.8,(152),IT Services & Consulting,Noida +7 other locations
7433,Icomm Tele,4.0,(152),Telecom,Hyderabad +15 other locations
7434,Dr D Y Patil Medical College,4.1,(152),Healthcare,Pune +7 other locations
7435,Kearney,3.1,(152),Management Consulting,Gurugram +8 other locations
7436,Alcove Realty,3.9,(152),Real Estate,Kolkata +5 other locations
7437,Milliman,3.2,(152),Management Consulting,Gurugram +4 other locations
7438,Ocl Iron & Steel,3.6,(152),Iron & Steel,Rourkela +16 other locations
7439,P.N. International,4.0,(151),Import & Export,Lucknow +8 other locations
7440,Log 9 Materials Scientific,3.3,(151),Emerging Technologies,Bengaluru +10 other locations
7441,Concorde Motors,3.8,(151),Automobile,Bengaluru +12 other locations
7442,HomeShop18,4.0,(151),Internet,Noida +14 other locations
7443,Shri Mahant Indiresh Hospital,3.3,(151),Healthcare,Dehradun +7 other locations
7444,Million Minds Management Services,3.5,(151),Recruitment,New Delhi +39 other locations
7445,Magnum Group,3.2,(151),BPO,Bhopal +11 other locations
7446,Veeraraghavan & Company,2.9,(151),Accounting & Auditing,Mumbai +22 other locations
7447,Shine,2.8,(151),Internet,Gurugram +23 other locations
7448,Swastik Infralogics Private Limited,3.8,(151),Engineering & Construction,Mumbai +23 other locations
7449,Nium,3.3,(151),FinTech,Mumbai +11 other locations
7450,CapGrid Solutions,3.8,(151),Internet,Gurugram +16 other locations
7451,Uttam Strips,3.5,(151),Iron & Steel,Bhiwadi +10 other locations
7452,Global Trade Plaza,4.8,(151),Internet,Kanpur +4 other locations
7453,CignaTTk Health Insurance,4.0,(151),Insurance,Mumbai +42 other locations
7454,Jhajharia Nirman Limited,4.2,(151),Engineering & Construction,Bilaspur +34 other locations
7455,Shri Kshetra Dharmasthala Rural Development Project,4.0,(151),Bengaluru +49 other locations,N/A
7456,Intelux Electronics,4.1,(151),Electronics Manufacturing,Pune +13 other locations
7457,SAI Consulting Engineers,4.3,(151),Engineering & Construction,Ahmedabad +33 other locations
7458,Casino Air Caterers & Flight Services,4.1,(151),Facility Management Services,Kochi +19 other locations
7459,SP Apparels,4.0,(151),Fashion & Textile,Coimbatore +19 other locations
7460,Frost & Sullivan,3.0,(151),Management Consulting,Chennai +8 other locations
7461,Infoblox,3.8,(151),IT Services & Consulting,Bengaluru +6 other locations
7462,Dozco,4.0,(151),Industrial Machinery,Visakhapatnam +29 other locations
7463,ETP International,3.0,(151),Power,Mumbai +4 other locations
7464,The Calcutta Medical Research Institute,3.9,(151),Healthcare,Kolkata +5 other locations
7465,ARDEE INDUSTRIES LIMITED,4.1,(151),Metals & Mining,New Delhi +12 other locations
7466,Shilpa Biologicals,2.8,(151),Dharwad +10 other locations,N/A
7467,Amp Motors,3.9,(151),Automobile,Gurugram +13 other locations
7468,TQ Cert Services,3.8,(152),Hyderabad +36 other locations,N/A
7469,Pacific Global Solutions,3.2,(152),Ahmedabad +5 other locations,N/A
7470,BDG Metal & Power,3.8,(151),Iron & Steel,Durgapur +6 other locations
7471,Xcaliber Infotech,3.1,(151),IT Services & Consulting,Pune +4 other locations
7472,Advaith Motors,4.2,(151),Automobile,Bengaluru +11 other locations
7473,PerkinElmer,4.2,(151),Pharma,Mumbai +18 other locations
7474,Rajasthan Aushdhalaya,3.5,(151),Pharma,Mumbai +25 other locations
7475,Specsmakers Opticians,3.6,(151),Retail,Chennai +19 other locations
7476,Pace Power Systems,3.5,(151),Electrical Equipment,Bengaluru +39 other locations
7477,Batra Hospital,3.7,(151),Healthcare,New Delhi +7 other locations
7478,Astute Corporate Services,3.1,(151),Other,Pune +24 other locations
7479,Hindustan Colas,3.4,(151),Engineering & Construction,Mumbai +17 other locations
7480,Alice Blue Commodities,2.9,(151),FinTech,Bengaluru +21 other locations
7481,Hykon,4.4,(151),Electronics Manufacturing,Thrissur +14 other locations
7482,Tekskills,3.7,(151),IT Services & Consulting,Hyderabad +12 other locations
7483,HexaView Technologies,3.3,(151),IT Services & Consulting,Noida +5 other locations
7484,Outbooks Outsourcing,3.7,(151),Accounting & Auditing,New Delhi +9 other locations
7485,Mobase,3.6,(151),Auto Components,Noida +10 other locations
7486,Sun King,3.6,(152),Electronics Manufacturing,Mumbai +33 other locations
7487,Accentuate Technology,4.0,(151),IT Services & Consulting,Bengaluru +12 other locations
7488,Arundhati Jewellers,3.6,(151),Jewellery,Bhubaneswar +10 other locations
7489,ETV Bharat,4.0,(150),Broadcasting,Hyderabad +6 other locations
7490,Great White Global,3.9,(150),Electrical Equipment,Mumbai +30 other locations
7491,Agility E Services,3.7,(151),IT Services & Consulting,Hyderabad +2 other locations
7492,Ambrane India,4.6,(151),Consumer Electronics & Appliances,New Delhi +10 other locations
7493,Oerlikon Graziano Transmission,4.3,(150),Industrial Machinery,Ahmedabad +12 other locations
7494,Dr. Amin Controllers,3.8,(150),Engineering & Construction,Mumbai +26 other locations
7495,IndiaLends,3.3,(150),Financial Services,Gurugram +4 other locations
7496,Progility Technologies,3.5,(150),IT Services & Consulting,Mumbai +25 other locations
7497,Spinco Biotech,3.5,(150),Biotechnology,Chennai +17 other locations
7498,Altigreen Propulsion Labs,3.5,(150),Electronics Manufacturing,Bengaluru +17 other locations
7499,SysArc Infomatix,3.5,(150),FinTech,Chennai +5 other locations
7500,Best Koki Automotive,3.4,(150),Auto Components,Gurugram +11 other locations
7501,SysArc Infomatix,3.5,(150),FinTech,Chennai +5 other locations
7502,DIC India,3.7,(150),Chemicals,Noida +15 other locations
7503,Suwasthi,2.4,(150),Beauty & Personal Care,Noida +5 other locations
7504,DRYCHEM SOLUTIONS,4.0,(150),Building Material,Mumbai +18 other locations
7505,ResearchAyu,4.1,(150),Healthcare,Navi Mumbai +6 other locations
7506,J&F,3.6,(150),Engineering & Construction,Chennai +5 other locations
7507,Sohan Lal Commodity Management,3.8,(150),Logistics,New Delhi +31 other locations
7508,Ambrane India,4.6,(151),Consumer Electronics & Appliances,New Delhi +10 other locations
7509,Bimbo Bakeries India,3.6,(150),FMCG,New Delhi +19 other locations
7510,Aditya Birla Chemicals,3.7,(150),Chemicals,Bharuch +20 other locations
7511,CARS24 Financial Services,3.3,(150),Gurugram +27 other locations,N/A
7512,Takahata Precision,4.1,(151),Auto Components,Neemrana +5 other locations
7513,MRL Tyres,3.5,(150),Auto Components,New Delhi +17 other locations
7514,SAP-Concur,4.1,(150),Software Product,Bengaluru +5 other locations
7515,Poct Services,3.9,(150),Medical Equipment,Lucknow +37 other locations
7516,Louis Dreyfus Company,4.1,(150),Agriculture,Gurugram +19 other locations
7517,Shri Ram Finance Corporation,3.0,(150),Financial Services,Raipur +57 other locations
7518,Nxtra Data,4.1,(150),IT Services & Consulting,Pune +13 other locations
7519,Paperpedia,1.9,(150),EdTech,Kolkata +7 other locations
7520,IMMCO,3.2,(150),Kochi +9 other locations,N/A
7521,Acies,4.0,(150),Software Product,Mumbai +5 other locations
7522,SunTec Business Solutions,3.0,(150),IT Services & Consulting,Thiruvananthapuram +10 other locations
7523,Surya Food & Agro Limited,3.0,(150),Food Processing,Noida +34 other locations
7524,Takenaka,4.2,(150),Architecture & Interior Design,Gurugram +17 other locations
7525,NPCC Engineering,3.7,(150),Oil & Gas,Mumbai +12 other locations
7526,Nelco,3.9,(150),Telecom,Mumbai +22 other locations
7527,Kabra Extrusion Technik,3.6,(150),Industrial Machinery,Pune +12 other locations
7528,Puma Energy,3.0,(150),Power,Mumbai +8 other locations
7529,Fasal,3.3,(150),Agriculture,Bengaluru +24 other locations
7530,Sri Balaji Action Medical Institute,3.8,(150),Healthcare,New Delhi +3 other locations
7531,Jai Beverages,3.5,(150),Beverage,Jammu +15 other locations
7532,More Mega Store,4.2,(150),Retail,Bengaluru +33 other locations
7533,Ecozen Solutions,4.2,(149),Internet,Pune +18 other locations
7534,Puropale Creations & IT Solutions,4.7,(149),IT Services & Consulting,Hyderabad +1 other locations
7535,Karam Industries,3.9,(149),Engineering & Construction,Lucknow +20 other locations
7536,Montage Enterprises,3.0,(149),Packaging,Gwalior +13 other locations
7537,Chiripal Industries,3.5,(149),Fashion & Textile,Ahmedabad +7 other locations
7538,Apollo Medskills,3.8,(149),Healthcare,Hyderabad +25 other locations
7539,Edac Engineering,3.9,(149),Engineering & Construction,Chennai +19 other locations
7540,e-Centric Solutions,3.3,(149),IT Services & Consulting,Hyderabad +29 other locations
7541,Edac Engineering,3.9,(149),Engineering & Construction,Chennai +19 other locations
7542,Montage Enterprises,3.0,(149),Packaging,Gwalior +13 other locations
7543,Chiripal Industries,3.5,(149),Fashion & Textile,Ahmedabad +7 other locations
7544,Apollo Medskills,3.8,(149),Healthcare,Hyderabad +25 other locations
7545,Market Research Future Reports,3.3,(149),Analytics & KPO,Pune +2 other locations
7546,Kotak Mahindra Asset Management Company,4.0,(149),Financial Services,Mumbai +54 other locations
7547,Evertogen Life Sciences,3.1,(149),Pharma,Hyderabad +5 other locations
7548,Element14,3.8,(149),Semiconductors,Bengaluru +6 other locations
7549,PharmaZell,4.2,(149),Pharma,Visakhapatnam +5 other locations
7550,Revlon,3.8,(149),Beauty & Personal Care,New Delhi +30 other locations
7551,KollegeApply,3.9,(149),EdTech,Gurugram +3 other locations
7552,Locobuzz,2.9,(149),Software Product,Mumbai +7 other locations
7553,Silver Consumer Electricals,3.2,(150),Industrial Machinery,Rajkot +33 other locations
7554,Agriculture Insurance Company of India,4.1,(149),Insurance,New Delhi +53 other locations
7555,Spc Life Sciences,3.4,(149),Chemicals,Ankleshwar +5 other locations
7556,MAHLE Engine Components,3.9,(149),Automobile,Chennai +18 other locations
7557,VLink,3.8,(149),IT Services & Consulting,Gurugram +5 other locations
7558,Europ Assistance India,3.6,(149),Insurance,Mumbai +10 other locations
7559,Patil Automation,3.3,(149),Industrial Automation,Pune +11 other locations
7560,Manorama Industries Limited,4.5,(149),FMCG,Raipur +5 other locations
7561,Cairn Oil,4.1,(149),Barmer +16 other locations,N/A
7562,Kama Jewelry,4.4,(149),Jewellery,Mumbai +4 other locations
7563,Annapurna Group,3.8,(149),FMCG,Guwahati +19 other locations
7564,ENTRI SOFTWARE,3.9,(149),EdTech,Kochi +11 other locations
7565,Ravindra Bharathi Schools,3.5,(149),Education & Training,Hyderabad +27 other locations
7566,Hind Terminals,4.0,(149),Logistics,Mumbai +21 other locations
7567,illumifin,3.3,(150),Insurance,Hyderabad +6 other locations
7568,Dairy Classic Ice Creams,4.2,(149),Food Processing,Bengaluru +30 other locations
7569,SequelOne,3.3,(149),IT Services & Consulting,Gurugram +22 other locations
7570,Altruistic Technology Labs,3.5,(149),IT Services & Consulting,Bengaluru +15 other locations
7571,Aditya Birla Lifestyle Brands,4.0,(149),Bengaluru +37 other locations,N/A
7572,Zacks Research,2.8,(149),Financial Services,Kolkata +1 other locations
7573,KLT Automotive & Tubular Products,3.5,(150),Auto Components,Mumbai +15 other locations
7574,STPL,3.6,(149),IT Services & Consulting,Lucknow +29 other locations
7575,Naiknavare Developers,3.8,(149),Real Estate,Pune +4 other locations
7576,Creative Garments,3.9,(149),Fashion & Textile,Mumbai +13 other locations
7577,Being human,4.2,(149),Fashion & Textile,Mumbai +42 other locations
7578,CriticalRiver,3.0,(149),IT Services & Consulting,Hyderabad +5 other locations
7579,Talent Corner HR Services,3.7,(149),Recruitment,Mumbai +28 other locations
7580,K2k Infrastructure,4.1,(149),Engineering & Construction,Bengaluru +8 other locations
7581,WAE,3.4,(149),Waste Management,Noida +11 other locations
7582,Infinite HR Solutions,3.2,(149),Bengaluru +15 other locations,N/A
7583,Shubham EPC,4.1,(149),Engineering & Construction,Pune +6 other locations
7584,Rhysley Private Limited,3.1,(149),Fashion & Textile,Faridabad +6 other locations
7585,Etraveli Group,2.7,(149),Internet,Pune +7 other locations
7586,PICL,3.7,(149),Semiconductors,Faridabad +12 other locations
7587,Xcelore,4.8,(149),IT Services & Consulting,Noida +3 other locations
7588,EMotorad,4.4,(150),Automobile,Pune +4 other locations
7589,Barco Electronic Systems,4.1,(149),Consumer Electronics & Appliances,Noida +5 other locations
7590,Apcotex Industries,3.6,(149),Chemicals,Navi Mumbai +11 other locations
7591,Portescap,3.7,(148),Electronics Manufacturing,Mumbai +5 other locations
7592,Cognus Technology,2.1,(148),IT Services & Consulting,Jaipur +6 other locations
7593,Western Coalfields,4.4,(148),Metals & Mining,Nagpur +19 other locations
7594,Meena Bazaar,3.5,(148),Fashion & Textile,New Delhi +22 other locations
7595,Borosil Renewables,3.8,(148),Power,Bharuch +12 other locations
7596,Raj Industries,3.6,(148),Packaging,Ludhiana +37 other locations
7597,Hanu Software Solutions,3.3,(148),IT Services & Consulting,Noida +5 other locations
7598,Onicra Credit Rating Agency,3.2,(148),FinTech,Noida +32 other locations
7599,Vedic International School,4.5,(148),Education & Training,Sambalpur +4 other locations
7600,Shakti Precision Components,3.6,(148),Other,Bengaluru +7 other locations
7601,Cogencis Information Services,3.2,(148),IT Services & Consulting,Mumbai +7 other locations
7602,Hilton Garden Inn,4.0,(148),Hospitality,New Delhi +16 other locations
7603,Kantar Operations,4.0,(148),Analytics & KPO,Hyderabad +17 other locations
7604,Crescendo Global,4.3,(148),Recruitment,Ludhiana +5 other locations
7605,OPK e Services,2.8,(149),BPO,Gurugram +5 other locations
7606,Klassic Wheels,2.7,(148),Auto Components,Ahilyanagar +10 other locations
7607,Prestige Estates Projects,4.5,(148),Real Estate,Bengaluru +9 other locations
7608,Vipul Motors,3.5,(148),Automobile,Faridabad +8 other locations
7609,IIT Kharagpur,4.2,(148),Education & Training,Kharagpur +11 other locations
7610,Gail Gas,3.5,(148),Oil & Gas,Bengaluru +35 other locations
7611,SPD Constructions,3.8,(148),Bhubaneswar +14 other locations,N/A
7612,Mindcrest,2.5,(148),Legal,Pune +3 other locations
7613,ATC (Assam),4.1,(148),Logistics,Hosur +44 other locations
7614,Syniverse Technologies,3.7,(148),IT Services & Consulting,Bengaluru +4 other locations
7615,Sourcefuse Technologies,3.0,(148),IT Services & Consulting,Noida +8 other locations
7616,Kamdhenu Paints,2.9,(148),Building Material,Gurugram +47 other locations
7617,Pixon Energy,4.1,(148),Electrical Equipment,Rajkot +10 other locations
7618,Sakshi,3.6,(148),Printing & Publishing,Hyderabad +27 other locations
7619,Delux Bearings,4.2,(148),Auto Components,Surendranagar +18 other locations
7620,Tcil,3.7,(148),Telecom,New Delhi +40 other locations
7621,Techouts,4.0,(148),IT Services & Consulting,Hyderabad +5 other locations
7622,Jupiter Wagons,3.6,(148),Railways,Kolkata +10 other locations
7623,Verka milk dairy,4.1,(148),Agriculture,Chandigarh +17 other locations
7624,Publicis Global Delivery,4.0,(148),Media & Entertainment,Gurugram +10 other locations
7625,Goodrich Logistics Pvt. Ltd.,3.4,(148),Ports & Shipping,Mumbai +20 other locations
7626,Unify Facility Management,4.3,(148),Facility Management Services,Mumbai +15 other locations
7627,Meghmani Group,3.4,(148),Bharuch +14 other locations,N/A
7628,Indian Institute of Management,3.7,(148),Education & Training,Ahmedabad +21 other locations
7629,Synamedia,3.4,(148),Software Product,Bengaluru +7 other locations
7630,Thar Worx,3.9,(148),BPO,Bengaluru +7 other locations
7631,Nirmal Industrial Controls,3.7,(148),Industrial Automation,Mumbai +20 other locations
7632,FinAdvantage,4.0,(148),Accounting & Auditing,Bengaluru +3 other locations
7633,Shree Hari Infraprojects,3.3,(148),Engineering & Construction,Jaipur +20 other locations
7634,Houzeo,3.8,(148),Mumbai +2 other locations,N/A
7635,Galderma,3.5,(148),Healthcare,Mumbai +35 other locations
7636,Sidel,3.7,(148),Industrial Machinery,Pune +7 other locations
7637,TripFactory,2.1,(149),Internet,Bengaluru +14 other locations
7638,Sidwal Refrigeration Industries,4.2,(148),Electrical Equipment,Faridabad +19 other locations
7639,Futures First info Services,3.4,(148),Financial Services,Gurugram +9 other locations
7640,Paras Spices,3.6,(148),Food Processing,Moga +12 other locations
7641,Vee Gee Auto Components,4.0,(148),Auto Components,Ahmedabad +7 other locations
7642,Voylla,3.2,(148),Jewellery,Jaipur +35 other locations
7643,Complere Infosystem,4.2,(148),Software Product,Ambala +5 other locations
7644,Bennett University,3.8,(148),Education & Training,Greater Noida +7 other locations
7645,Rivulis Irrigation,4.4,(148),Agriculture,Vadodara +39 other locations
7646,Major Brands,3.9,(147),Retail,Mumbai +16 other locations
7647,Faber Sindoori Management Services,3.6,(147),Facility Management Services,Hyderabad +21 other locations
7648,Solitaire World,4.2,(147),Real Estate,Pune +3 other locations
7649,Srei Sahaj e-Village,4.5,(147),Retail,Kolkata +33 other locations
7650,Dealmoney Securities,2.9,(147),Financial Services,Mumbai +16 other locations
7651,Multani Pharmaceuticals,4.1,(147),Pharma,New Delhi +19 other locations
7652,Mehta Cad Cam Systems,3.9,(147),Industrial Machinery,Ahmedabad +19 other locations
7653,Peerless Biotech,4.4,(147),Medical Equipment,Chennai +24 other locations
7654,"MAT Holdings, Inc",3.8,(147),Sonipat +6 other locations,N/A
7655,Ameyo,3.7,(147),Software Product,Gurugram +7 other locations
7656,Techved Consulting,3.5,(147),IT Services & Consulting,Mumbai +7 other locations
7657,Fedora Solutions,3.3,(147),IT Services & Consulting,Ahmedabad +2 other locations
7658,W3Softech India,4.1,(147),IT Services & Consulting,Hyderabad +2 other locations
7659,All Out,3.7,(147),FMCG,Gurugram +43 other locations
7660,Gujarat State Petronet,3.9,(147),Oil & Gas,Ahmedabad +29 other locations
7661,GTT Communications,3.3,(147),Hardware & Networking,Pune +6 other locations
7662,Mehta Cad Cam Systems,3.9,(147),Industrial Machinery,Ahmedabad +19 other locations
7663,Drytech Processes (I),3.8,(147),Food Processing,Pandhurna +8 other locations
7664,Krishak Bharati Cooperative,4.4,(147),Agro Chemicals,Surat +23 other locations
7665,Privat Hospital,4.1,(147),Healthcare,Chennai +64 other locations
7666,Multani Pharmaceuticals,4.1,(147),Pharma,New Delhi +19 other locations
7667,Rotork Controls,3.3,(147),Industrial Machinery,Chennai +14 other locations
7668,CommVault,3.7,(147),Software Product,Bengaluru +7 other locations
7669,UNI Klinger,3.9,(147),Industrial Machinery,Pune +10 other locations
7670,SEDER GROUP,4.1,(147),Engineering & Construction,Bengaluru +15 other locations
7671,Asclepius Wellness,3.8,(147),Fitness & Wellness,Jaipur +22 other locations
7672,Classic Marble Company,3.5,(147),Building Material,Mumbai +18 other locations
7673,Share India Securities,3.7,(147),Consumer Electronics & Appliances,New Delhi +13 other locations
7674,Tim Hortons,3.1,(147),New Delhi +21 other locations,N/A
7675,BizGurukul,4.2,(147),EdTech,New Delhi +12 other locations
7676,Healthworld Hospitals,4.0,(147),Healthcare,Durgapur +6 other locations
7677,Etihad Airways,4.4,(147),Aviation,Abu Dhabi +13 other locations
7678,Alliance University,3.7,(147),Education & Training,Bengaluru +5 other locations
7679,BANGMETRIC,4.0,(147),IT Services & Consulting,Noida +7 other locations
7680,Healthworld Hospitals,4.0,(147),Healthcare,Durgapur +6 other locations
7681,Asclepius Wellness,3.8,(147),Fitness & Wellness,Jaipur +22 other locations
7682,Drytech Processes (I),3.7,(148),Food Processing,Pandhurna +8 other locations
7683,Etihad Airways,4.4,(147),Aviation,Abu Dhabi +13 other locations
7684,Alliance University,3.7,(147),Education & Training,Bengaluru +5 other locations
7685,RKC Infrabiult Private Limited,3.8,(147),Engineering & Construction,Ahmedabad +16 other locations
7686,Priyagold Biscuits,2.7,(148),Food Processing,Noida +39 other locations
7687,Lotus Wireless Technologies,2.9,(147),IT Services & Consulting,Visakhapatnam +15 other locations
7688,Ravi Infrabuild Projects,3.7,(147),Engineering & Construction,Udaipur +27 other locations
7689,Alteus Biogenics,2.6,(147),Pharma,Kolkata +29 other locations
7690,First Step Babywear,4.1,(147),Fashion & Textile,Hosur +7 other locations
7691,Calix,3.9,(147),Telecom,Bengaluru +3 other locations
7692,SKS Ispat & Power,3.2,(146),Industrial Machinery,Raipur +7 other locations
7693,Mtg Learning Media,3.7,(146),Printing & Publishing,Gurugram +13 other locations
7694,JQR SPORTS,4.0,(146),New Delhi +13 other locations,N/A
7695,Teletext Holidays,3.3,(146),Travel & Tourism,Hyderabad +4 other locations
7696,Ojas Innovative Technologies,3.6,(146),IT Services & Consulting,Hyderabad +3 other locations
7697,GKB RX Lens,4.0,(146),Medical Equipment,Gurugram +20 other locations
7698,Amazon Pay,3.7,(146),Bengaluru +30 other locations,N/A
7699,Reserve Bank of India,4.7,(146),Government,Mumbai +25 other locations
7700,Bombay Hospital,3.5,(146),Healthcare,Mumbai +5 other locations
7701,DOGUS SOMA JV,4.1,(146),Engineering & Construction,Mumbai +3 other locations
7702,Apraava Energy,4.3,(146),Power,Mumbai +24 other locations
7703,Accel Limited,3.5,(146),IT Services & Consulting,Chennai +31 other locations
7704,Qualtech Consultants,3.6,(146),IT Services & Consulting,Noida +5 other locations
7705,ETV Network,4.1,(146),Broadcasting,Hyderabad +12 other locations
7706,Frontier Business Systems,3.2,(146),IT Services & Consulting,Bengaluru +16 other locations
7707,Cronus Pharma Specialities India,3.5,(146),Pharma,Hyderabad +5 other locations
7708,Shiksha Financial Services India,4.4,(147),NBFC,Chennai +30 other locations
7709,Ojas Innovative Technologies,3.6,(146),IT Services & Consulting,Hyderabad +3 other locations
7710,CEC International,3.9,(146),Engineering & Construction,New Delhi +15 other locations
7711,JQR SPORTS,4.0,(146),New Delhi +13 other locations,N/A
7712,LimeRoad,2.6,(146),Internet,Gurugram +8 other locations
7713,ESSPL,4.0,(146),IT Services & Consulting,Bhubaneswar +7 other locations
7714,GKN Sinter Metals,3.9,(146),Auto Components,Pune +9 other locations
7715,Allyis India,3.1,(146),IT Services & Consulting,Hyderabad +4 other locations
7716,Teletext Holidays,3.3,(146),Travel & Tourism,Hyderabad +4 other locations
7717,GoBoult,3.5,(146),Consumer Electronics & Appliances,Gurugram +4 other locations
7718,Ansys Software Private Limited,4.1,(146),IT Services & Consulting,Pune +6 other locations
7719,Geo Designs And Research,3.5,(146),Engineering & Construction,Vadodara +35 other locations
7720,PubMatic,3.5,(146),IT Services & Consulting,Pune +3 other locations
7721,Qualtech Consultants,3.6,(146),IT Services & Consulting,Noida +5 other locations
7722,Frontier Business Systems,3.2,(146),IT Services & Consulting,Bengaluru +16 other locations
7723,Shiksha Financial Services India,4.4,(147),NBFC,Chennai +30 other locations
7724,Cronus Pharma Specialities India,3.5,(146),Pharma,Hyderabad +5 other locations
7725,ETV Network,4.1,(146),Broadcasting,Hyderabad +12 other locations
7726,Cubic Transportation Systems,3.1,(146),Software Product,Hyderabad +3 other locations
7727,Light & Wonder,3.8,(146),Software Product,Bengaluru +8 other locations
7728,ESSPL,4.0,(146),IT Services & Consulting,Bhubaneswar +7 other locations
7729,PGIMER,4.4,(146),Education & Training,Chandigarh +9 other locations
7730,GKN Sinter Metals,3.9,(146),Auto Components,Pune +9 other locations
7731,Victoria's Secret,3.9,(146),IT Services & Consulting,Bengaluru +9 other locations
7732,Allyis India,3.1,(146),IT Services & Consulting,Hyderabad +4 other locations
7733,Alniche Life Sciences,3.5,(146),Pharma,New Delhi +26 other locations
7734,Kerry Ingredients,3.3,(146),Food Processing,Bengaluru +17 other locations
7735,SHRI LAKSHMI STEEL SUPPLIERS,4.1,(146),Iron & Steel,Bengaluru +22 other locations
7736,Thyssenkrupp Industries and Services,4.0,(146),Pune +32 other locations,N/A
7737,Ewac Alloys,4.1,(146),Industrial Machinery,Ankleshwar +34 other locations
7738,L&T Power Transmission & Distribution,4.3,(146),Power,Chennai +30 other locations
7739,Enfusion,3.2,(146),FinTech,Mumbai +6 other locations
7740,Karnataka Co-operative Milk Producers Federation,4.1,(146),Food Processing,Bengaluru +30 other locations
7741,Reliance Foundation India,3.9,(145),Education & Training,Mumbai +39 other locations
7742,Ford Motor Credit Company,4.0,(145),Financial Services,Chennai +15 other locations
7743,"Apollo Gleneagles Hospitals, Kolkata",4.1,(145),Healthcare,Kolkata +1 other locations
7744,Bijak,3.4,(145),Internet,Gurugram +14 other locations
7745,Pramati Technologies,4.4,(145),IT Services & Consulting,Hyderabad +3 other locations
7746,Bando India,4.1,(145),Auto Components,Bengaluru +12 other locations
7747,Dangote Cement,4.1,(145),Building Material,Hyderabad +7 other locations
7748,Omninos Solutions,4.2,(145),Software Product,Sahibzada Ajit Singh Nagar +9 other locations
7749,Zeco Aircon,4.2,(145),Industrial Machinery,New Delhi +10 other locations
7750,BCITS,3.6,(145),IT Services & Consulting,Bengaluru +41 other locations
7751,Continuum Managed Services,4.1,(145),IT Services & Consulting,Mumbai +8 other locations
7752,Core Diagnostics,3.8,(145),Healthcare,Gurugram +20 other locations
7753,JL Morison India,4.4,(145),FMCG,Mumbai +45 other locations
7754,GMP Technical Solutions,4.0,(145),Industrial Machinery,Mumbai +21 other locations
7755,Factspan,3.3,(145),IT Services & Consulting,Bengaluru +3 other locations
7756,Pearson,3.7,(145),Education & Training,Bengaluru +18 other locations
7757,PolicyX.com,2.8,(145),FinTech,Gurugram +5 other locations
7758,John Energy,3.9,(145),Oil & Gas,Ahmedabad +15 other locations
7759,Rakshit Drugs,3.8,(145),Pharma,Visakhapatnam +5 other locations
7760,Brickwork India,3.5,(145),Financial Services,Bengaluru +3 other locations
7761,CL Educate,3.7,(145),Education & Training,New Delhi +22 other locations
7762,Ascent Meditech,3.4,(145),Other,Mumbai +32 other locations
7763,Cello World,3.4,(146),Consumer Electronics & Appliances,Mumbai +26 other locations
7764,Aero Club-Woodland Store,3.3,(145),Fashion & Textile,New Delhi +53 other locations
7765,Kohinoor Group,3.8,(145),Real Estate,Pune +6 other locations
7766,Indian Institute of Technology Madras,4.1,(145),Education & Training,Chennai +9 other locations
7767,Sirca Paints India,4.2,(145),Chemicals,New Delhi +43 other locations
7768,Machino Polymers,3.4,(145),Petrochemicals,Gurugram +12 other locations
7769,Beekay Steel Industries,2.9,(145),Iron & Steel,Kolkata +14 other locations
7770,National Oilwell Varco,4.0,(145),Oil & Gas,Mumbai +17 other locations
7771,Delta Technology,3.5,(145),IT Services & Consulting,Hyderabad +10 other locations
7772,Chemveda Life Sciences,3.9,(145),Clinical Research,Hyderabad +5 other locations
7773,Rakshit Drugs,3.8,(145),Pharma,Visakhapatnam +5 other locations
7774,GMP Technical Solutions,4.0,(145),Industrial Machinery,Mumbai +21 other locations
7775,Factspan,3.3,(145),IT Services & Consulting,Bengaluru +3 other locations
7776,Pearson,3.7,(145),Education & Training,Bengaluru +18 other locations
7777,Jodo,3.7,(145),FinTech,Bengaluru +20 other locations
7778,Komatsu,3.6,(145),Industrial Machinery,Chennai +15 other locations
7779,7 Eleven,3.5,(145),Retail,Bengaluru +19 other locations
7780,Captain Tractors,4.4,(145),Automobile,Rajkot +18 other locations
7781,Mistral Solutions,3.5,(145),IT Services & Consulting,Bengaluru +6 other locations
7782,Capital Finserve,4.7,(145),NBFC,Salem +8 other locations
7783,Kitex Garments,3.6,(145),Fashion & Textile,Kochi +16 other locations
7784,Harsha Engineers International,3.9,(145),Ahmedabad +2 other locations,N/A
7785,Akshara Enterprises,3.3,(145),IT Services & Consulting,Hyderabad +23 other locations
7786,Bdh Industries,4.7,(145),Pharma,Mumbai +6 other locations
7787,KEM Hospital,3.6,(145),Healthcare,Pune +5 other locations
7788,Bottomline,3.3,(145),Software Product,Bengaluru +4 other locations
7789,Bhadra International,3.7,(144),Logistics,Chennai +8 other locations
7790,Byju's Future School,3.3,(145),Bengaluru +25 other locations,N/A
7791,Girl Power Talk,4.6,(144),Internet,Sahibzada Ajit Singh Nagar +4 other locations
7792,Jamia Hamdard University,3.9,(144),Education & Training,New Delhi +3 other locations
7793,Nayati Hospital,3.4,(144),Healthcare,Mathura +10 other locations
7794,Arch Pharmalabs,3.9,(144),Pharma,Mumbai +14 other locations
7795,Seashell Logistics,3.7,(144),Logistics,Navi Mumbai +17 other locations
7796,Vibatel Solutions,3.6,(144),BPO,Hyderabad +5 other locations
7797,B.L Agro Oils,3.9,(144),Food Processing,Bareilly +30 other locations
7798,HealthAsyst,3.9,(144),IT Services & Consulting,Bengaluru +2 other locations
7799,Neverskip,3.7,(144),Education & Training,Chennai +28 other locations
7800,Nippon Toyota,3.6,(144),Auto Components,Kochi +11 other locations
7801,Adhunik Metaliks,3.4,(144),Metals & Mining,Rourkela +15 other locations
7802,Tarasafe International Private Limited,4.5,(144),Kolkata +2 other locations,N/A
7803,Shreeji Infrastructure,3.7,(144),Engineering & Construction,Bhopal +21 other locations
7804,Wellknown Polyesters,3.6,(144),Fashion & Textile,Vapi +13 other locations
7805,Neverskip,3.7,(144),Education & Training,Chennai +28 other locations
7806,Schbang,3.0,(144),Marketing & Advertising,Mumbai +5 other locations
7807,Haqdarshak Empowerment Solutions,3.8,(144),Non-Profit,Pune +44 other locations
7808,Gesco Healthcare,3.7,(144),Medical Equipment,Chennai +11 other locations
7809,Dr L H Hiranandani Hospital,3.6,(144),Healthcare,Mumbai +7 other locations
7810,Karnataka Power Transmission Corporation,4.2,(144),Power,Bengaluru +37 other locations
7811,Envirocare Labs,4.0,(144),Clinical Research,Mumbai +7 other locations
7812,India Pistons,2.6,(144),Auto Components,Chennai +6 other locations
7813,MariApps Marine Solutions,3.3,(144),IT Services & Consulting,Kochi +6 other locations
7814,Colan Infotech,3.2,(144),IT Services & Consulting,Chennai +7 other locations
7815,Sun Pharma Advanced Research Company,3.5,(144),Pharma,Vadodara +14 other locations
7816,4i apps solutions,3.6,(144),IT Services & Consulting,Chennai +2 other locations
7817,Panoli Intermediates India,4.1,(144),Chemicals,Vadodara +5 other locations
7818,Trident Automobiles,4.6,(144),Auto Components,Bengaluru +7 other locations
7819,Spinks Softech,4.1,(144),Auto Components,Gurugram +9 other locations
7820,Colan Infotech,3.2,(144),IT Services & Consulting,Chennai +7 other locations
7821,MariApps Marine Solutions,3.3,(144),IT Services & Consulting,Kochi +6 other locations
7822,Dr L H Hiranandani Hospital,3.6,(144),Healthcare,Mumbai +7 other locations
7823,India Pistons,2.6,(144),Auto Components,Chennai +6 other locations
7824,Envirocare Labs,4.0,(144),Clinical Research,Mumbai +7 other locations
7825,Karnataka Power Transmission Corporation,4.2,(144),Power,Bengaluru +37 other locations
7826,Chai Break,4.6,(144),Kolkata +3 other locations,N/A
7827,Moris Media,4.4,(144),Marketing & Advertising,Dubai +17 other locations
7828,Rina India,3.8,(144),"Testing, Inspection and Certification (TIC)",Mumbai +35 other locations
7829,Ambience Group,3.7,(145),Real Estate,New Delhi +12 other locations
7830,Curia,3.7,(144),Hyderabad +3 other locations,N/A
7831,Encalm Hospitality,4.0,(144),New Delhi +6 other locations,N/A
7832,Jash Engineering,3.9,(144),Engineering & Construction,Indore +4 other locations
7833,Disposafe Health And Life Care,3.3,(144),Medical Equipment,Faridabad +5 other locations
7834,Bambino Pasta Food Industries,4.1,(144),Food Processing,Hyderabad +37 other locations
7835,Desire Energy Solution,3.7,(144),Financial Services,Jaipur +16 other locations
7836,The Wadhwa Group,3.5,(144),Real Estate,Mumbai +5 other locations
7837,Fulcrum Worldwide Software,4.3,(144),IT Services & Consulting,Pune +1 other locations
7838,Alpha Corp,4.4,(144),Real Estate,Gurugram +9 other locations
7839,Megha Gas,3.6,(144),Oil & Gas,Hyderabad +32 other locations
7840,LUCKY MINERALS,3.8,(143),Metals & Mining,Jagdalpur +15 other locations
7841,Shipping Corporation of India,4.4,(143),Logistics,Mumbai +11 other locations
7842,Archidply Industries,3.4,(143),Furniture & Furnishing,New Delhi +40 other locations
7843,ITC Group,3.8,(143),Kolkata +37 other locations,N/A
7844,Sri Ramachandra University,4.3,(143),Education & Training,Chennai +6 other locations
7845,Amps Electrical Facility Services,3.1,(143),Facility Management Services,Bengaluru +16 other locations
7846,Madras Medical Mission,4.2,(143),Healthcare,Chennai +3 other locations
7847,ECE Industries,3.7,(143),Electrical Equipment,Ghaziabad +24 other locations
7848,Demech Chemical Products,4.4,(143),Chemicals,Pune +24 other locations
7849,UptoSkills,4.6,(143),New Delhi +11 other locations,N/A
7850,YFC PROJECTS,3.6,(143),Engineering & Construction,New Delhi +16 other locations
7851,DRN Infrastructure,3.1,(143),Power,Hubballi +21 other locations
7852,ApplyBoard,2.5,(143),Internet,Gurugram +8 other locations
7853,CBNITS,3.8,(143),IT Services & Consulting,Kolkata +2 other locations
7854,Dantal Hydraulics,4.2,(143),Industrial Machinery,Gurugram +11 other locations
7855,DLF Brands,3.7,(143),Retail,New Delhi +18 other locations
7856,Maiva Pharma,3.8,(143),Hosur +3 other locations,N/A
7857,yellow.ai,3.0,(143),Software Product,Bengaluru +4 other locations
7858,Foiwe Info Global Solution,4.4,(143),IT Services & Consulting,Bengaluru +2 other locations
7859,AAI Cargo Logistics and Allied Services Company,3.0,(143),Chennai +29 other locations,N/A
7860,Printo Document Services,3.5,(143),Retail,Bengaluru +10 other locations
7861,Velammal Educational Trust,3.8,(143),Education & Training,Chennai +10 other locations
7862,Aster Medcity,4.6,(143),Healthcare,Kochi +10 other locations
7863,MDI NetworX,4.0,(143),IT Services & Consulting,Pune +1 other locations
7864,Esme Consumer,4.0,(145),Beauty & Personal Care,Gurugram +31 other locations
7865,Foiwe Info Global Solution,4.4,(143),IT Services & Consulting,Bengaluru +2 other locations
7866,DLF Brands,3.7,(143),Retail,New Delhi +18 other locations
7867,yellow.ai,3.0,(143),Software Product,Bengaluru +4 other locations
7868,Maiva Pharma,3.8,(143),Hosur +3 other locations,N/A
7869,Eldeco Infrastructure & Properties,4.2,(143),Real Estate,New Delhi +12 other locations
7870,NewAge Software & Solutions,3.7,(143),IT Services & Consulting,Chennai +8 other locations
7871,Institutional Shareholder Services,3.6,(144),Analytics & KPO,Mumbai +6 other locations
7872,Codilar Technologies,4.0,(143),IT Services & Consulting,Bengaluru +7 other locations
7873,AAI Cargo Logistics and Allied Services Company,3.0,(143),Chennai +29 other locations,N/A
7874,Bharuch Enviro Infrastructure,3.9,(143),Real Estate,Ankleshwar +12 other locations
7875,Smart Call Center Solutions,3.2,(143),BPO,Kolkata +8 other locations
7876,Luker Electric Technologies,3.8,(144),Financial Services,Coimbatore +37 other locations
7877,Areteans,3.5,(143),IT Services & Consulting,Hyderabad +8 other locations
7878,Flynaut SaaS,3.1,(143),IT Services & Consulting,Pune +8 other locations
7879,Redisolve Software,2.7,(143),Software Product,Chennai +8 other locations
7880,Aarthi Scans and Labs,3.4,(143),Healthcare,Chennai +16 other locations
7881,Flynaut SaaS,3.1,(143),IT Services & Consulting,Pune +8 other locations
7882,Turner & Townsend,3.9,(143),Engineering & Construction,Mumbai +12 other locations
7883,Rockman Group,3.9,(143),Auto Components,Tirupati +18 other locations
7884,Birla Fertility & IVF,3.9,(143),Healthcare,New Delhi +25 other locations
7885,Drake & Scull International PJSC,4.4,(142),Engineering & Construction,Mumbai +15 other locations
7886,Nesma Trading,4.2,(141),Engineering & Construction,Al Khobar +11 other locations
7887,SurePrep,4.0,(142),Software Product,Mumbai +4 other locations
7888,SkillCircle,4.1,(142),EdTech,New Delhi +10 other locations
7889,Antraweb Technologies,3.8,(142),IT Services & Consulting,Mumbai +7 other locations
7890,Suntara Cosmetics,3.7,(142),Beauty & Personal Care,Ahmedabad +7 other locations
7891,Madhavbaug,4.0,(142),Healthcare,Mumbai +38 other locations
7892,Mahesh Edible Oil Industries,3.6,(142),FMCG,Agra +29 other locations
7893,LAKME ACADEMY,3.3,(142),Beauty & Personal Care,New Delhi +41 other locations
7894,Milacron,3.8,(142),Ahmedabad +6 other locations,N/A
7895,Agastya International Foundation,3.5,(142),Non-Profit,Bengaluru +35 other locations
7896,Radixweb,3.4,(142),IT Services & Consulting,Ahmedabad +2 other locations
7897,Nikhil Adhesives,3.8,(142),Chemicals,Mumbai +35 other locations
7898,A. Menarini India,3.4,(141),Pharma,Mumbai +26 other locations
7899,REC Power Development and Consultancy,4.1,(142),New Delhi +37 other locations,N/A
7900,Sunil Hitech Engineers,4.3,(142),Engineering & Construction,Nagpur +29 other locations
7901,Interactive Brokers,3.3,(142),Financial Services,Mumbai +4 other locations
7902,Heranba Industries,3.8,(143),Agro Chemicals,Vapi +23 other locations
7903,IVL Dhunseri Petrochem Industries,3.7,(142),Chemicals,Haldia +7 other locations
7904,B New Mobiles,3.3,(142),Electronics Manufacturing,Hyderabad +31 other locations
7905,ATS ELGI,4.2,(142),Industrial Machinery,Coimbatore +18 other locations
7906,Doctors for you,3.7,(142),Non-Profit,New Delhi +42 other locations
7907,Lokmanya Multipurpose Co-op Society,3.0,(142),Financial Services,Pune +25 other locations
7908,Loyal Textile Mills,3.6,(142),Fashion & Textile,Chennai +13 other locations
7909,V2soft,3.4,(142),IT Services & Consulting,Bengaluru +7 other locations
7910,Ajeet Seeds,3.7,(143),Agriculture,Chhatrapati Sambhajinagar +31 other locations
7911,Gujarat Energy Transmission Corporation,4.2,(142),Government,Vadodara +38 other locations
7912,Bijnis,3.7,(142),Internet,New Delhi +36 other locations
7913,NLMK India,3.6,(142),Metals & Mining,Chhatrapati Sambhajinagar +11 other locations
7914,Signity Software Solutions,4.4,(142),IT Services & Consulting,Chandigarh +3 other locations
7915,Magna Steyr,4.0,(142),Automobile,Pune +2 other locations
7916,The Oriental Insurance Co.,4.3,(142),Insurance,New Delhi +61 other locations
7917,Luxor International,3.6,(142),Retail,Noida +6 other locations
7918,SNS College of Technology,4.7,(142),Education & Training,Coimbatore +3 other locations
7919,Kamlesh Kumar Singh Engineers,4.4,(142),Engineering & Construction,Panipat +20 other locations
7920,A.t.e. Enterprises,4.0,(142),Industrial Machinery,Ahmedabad +11 other locations
7921,IFortis Worldwide,3.8,(142),IT Services & Consulting,Bengaluru +10 other locations
7922,Jsw Infrastructure,4.2,(142),Engineering & Construction,Mumbai +20 other locations
7923,One Trust,3.0,(142),Software Product,Bengaluru +6 other locations
7924,Hyundai Steel,3.8,(142),Iron & Steel,Chennai +10 other locations
7925,Aksh Optifibre,3.9,(142),Telecom,New Delhi +16 other locations
7926,Quality Evaluation And Systems Team,3.8,(142),Engineering & Construction,Bengaluru +30 other locations
7927,Tanla Platforms,3.0,(142),Telecom,Hyderabad +5 other locations
7928,OptiSol Business Solutions,3.8,(142),IT Services & Consulting,Chennai +5 other locations
7929,Cogneesol,3.4,(142),BPO,Sahibzada Ajit Singh Nagar +5 other locations
7930,Eskag Pharma,3.0,(142),Pharma,Kolkata +26 other locations
7931,Quarks Technosoft,3.6,(143),IT Services & Consulting,Noida +7 other locations
7932,Axis Asset Management Company,3.6,(142),Financial Services,Mumbai +55 other locations
7933,MTX Group,3.2,(142),IT Services & Consulting,Hyderabad +4 other locations
7934,Perto,3.5,(142),Electrical Equipment,Jaipur +17 other locations
7935,Indian School Finance Company,4.6,(141),NBFC,Hyderabad +38 other locations
7936,Winman Software,4.1,(141),Software Product,Mangaluru
7937,New Swan Enterprises,3.8,(141),Industrial Machinery,Ludhiana +9 other locations
7938,Cooper-Standard Automotive,4.1,(141),Auto Components,Chennai +12 other locations
7939,India Retails & Hospitality,4.4,(141),Retail,New Delhi +9 other locations
7940,New Swan Enterprises,3.8,(141),Industrial Machinery,Ludhiana +9 other locations
7941,Cooper-Standard Automotive,4.1,(141),Auto Components,Chennai +12 other locations
7942,India Retails & Hospitality,4.4,(141),Retail,New Delhi +9 other locations
7943,Chiripal Group,4.0,(141),Fashion & Textile,Ahmedabad +10 other locations
7944,Winman Software,4.1,(141),Software Product,Mangaluru
7945,Dulux,4.2,(141),Building Material,Mumbai +66 other locations
7946,Future Market Insights,1.5,(141),Analytics & KPO,Pune +1 other locations
7947,Quadgen Wireless Solutions,3.8,(141),Telecom,Bengaluru +18 other locations
7948,Ultimate Flexipack,3.6,(141),Petrochemicals,Haridwar +8 other locations
7949,rProcess Outsourcing Services,3.4,(141),Analytics & KPO,Mysuru +3 other locations
7950,New India Co-Op Bank,3.1,(141),Banking,Mumbai +6 other locations
7951,Symbiosis International University,3.8,(141),Education & Training,Pune +9 other locations
7952,Maneesh Pharmaceuticals,4.0,(141),Pharma,Mumbai +20 other locations
7953,Moving Picture Company,3.7,(141),Media & Entertainment,Bengaluru +15 other locations
7954,Frugal Testing,4.6,(141),IT Services & Consulting,Hyderabad +1 other locations
7955,Government of Delhi,4.4,(141),Government,New Delhi +1 other locations
7956,Brady Corporation,4.1,(141),Printing & Publishing,Bengaluru +13 other locations
7957,Actis Technologies,4.1,(142),IT Services & Consulting,Mumbai +11 other locations
7958,Nova IVF Fertility,3.6,(141),Healthcare,Bengaluru +39 other locations
7959,Q Connect Corp,3.6,(141),BPO,Hyderabad +15 other locations
7960,Brady Corporation,4.1,(141),Printing & Publishing,Bengaluru +13 other locations
7961,Infosys Springboard,4.6,(141),Bengaluru +31 other locations,N/A
7962,Sitec Labs,4.1,(141),Pharma,Mumbai +2 other locations
7963,Royal HaskoningDHV,4.5,(141),Engineering & Construction,Noida +29 other locations
7964,Nova IVF Fertility,3.6,(141),Healthcare,Bengaluru +39 other locations
7965,Euronet Global Development Center,3.9,(141),FinTech,Mumbai +11 other locations
7966,Peoplelink Unified Communications,3.7,(142),Consumer Electronics & Appliances,Hyderabad +21 other locations
7967,Yeshshree Press Comps,3.5,(142),Auto Components,Chhatrapati Sambhajinagar +7 other locations
7968,Avon Cycles,3.9,(141),Automobile,Ludhiana +5 other locations
7969,Birla Precision Technologies,3.4,(141),Industrial Machinery,Chhatrapati Sambhajinagar +15 other locations
7970,INDOASIAN,4.1,(141),Semiconductors,Noida +31 other locations
7971,Quinte Financial Technologies,3.7,(141),Chennai +2 other locations,N/A
7972,Raheja Universal,4.0,(141),Real Estate,Mumbai +5 other locations
7973,Aligned Automation,3.7,(141),IT Services & Consulting,Pune +4 other locations
7974,Sterling Auxiliaries,3.1,(141),Chemicals,Bharuch +6 other locations
7975,Sofcon India Pvt Ltd,3.3,(141),Education & Training,Pune +20 other locations
7976,Outscale Partners,2.3,(142),IT Services & Consulting,Gurugram +3 other locations
7977,Q Connect Corp,3.6,(141),BPO,Hyderabad +15 other locations
7978,Nichino,3.5,(141),Hyderabad +38 other locations,N/A
7979,IndiGrid,4.1,(141),Real Estate,Mumbai +29 other locations
7980,Aligned Automation,3.7,(141),IT Services & Consulting,Pune +4 other locations
7981,SOGEFI,3.4,(141),Auto Components,Pune +7 other locations
7982,Sterling Auxiliaries,3.1,(141),Chemicals,Bharuch +6 other locations
7983,Worldpay,4.1,(141),FinTech,Pune +5 other locations
7984,G7 CR Technologies,2.9,(141),IT Services & Consulting,Bengaluru +2 other locations
7985,KMC Constructions,4.4,(141),Engineering & Construction,Hyderabad +26 other locations
7986,Cummins Sales and Service,4.0,(141),Auto Components,Noida +19 other locations
7987,AL-SUWAIDI INDUSTRIAL SERVICES,3.5,(141),Oil & Gas,Al Jubail +15 other locations
7988,Royal HaskoningDHV,4.5,(141),Engineering & Construction,Noida +29 other locations
7989,Hegde & Hegde Pharmaceutica,3.8,(141),Pharma,Mumbai +38 other locations
7990,Rus Education,4.3,(141),Education & Training,New Delhi +24 other locations
7991,Merlin Group,3.8,(141),Real Estate,Kolkata +8 other locations
7992,FarMart,4.0,(141),Internet,Gurugram +26 other locations
7993,TerraPay,3.3,(141),FinTech,Bengaluru +2 other locations
7994,Academor,2.6,(141),Education & Training,Bengaluru +6 other locations
7995,Raheja Universal,4.0,(141),Real Estate,Mumbai +5 other locations
7996,Sofcon India Pvt Ltd,3.3,(141),Education & Training,Pune +20 other locations
7997,AUO Mobility Solutions,3.9,(141),Auto Components,Pune +2 other locations
7998,Eisneramper LLP,2.9,(141),Accounting & Auditing,Mumbai +11 other locations
7999,Mankind Specialities,3.8,(141),Pharma,Mumbai +47 other locations
8000,Daicel Chiral Technologies,4.2,(141),Pharma,Hyderabad +2 other locations
8001,IIT Kanpur,3.9,(140),Education & Training,Kanpur +9 other locations
8002,ChicMic,4.1,(140),Gaming,Sahibzada Ajit Singh Nagar +2 other locations
8003,UTI Technology Services,3.1,(140),IT Services & Consulting,Hyderabad +20 other locations
8004,Ascend Telecom Infrastructure,4.2,(140),Telecom,Bengaluru +25 other locations
8005,Technofab Engineering,4.1,(140),Oil & Gas,Faridabad +22 other locations
8006,Global Consumer Products,4.3,(140),FMCG,Bengaluru +37 other locations
8007,Proziod Analytics,3.5,(140),IT Services & Consulting,Bengaluru +4 other locations
8008,Napier Healthcare Solutions,2.4,(140),IT Services & Consulting,Hyderabad +6 other locations
8009,94.3 MY FM,3.5,(140),Broadcasting,Jaipur +29 other locations
8010,FICCI,3.5,(140),Government,New Delhi +14 other locations
8011,HealthAssure,3.3,(140),Healthcare,Mumbai +10 other locations
8012,Housr,4.3,(140),Hospitality,Gurugram +7 other locations
8013,THERMAL SYSTEMS,3.7,(140),Industrial Machinery,Hyderabad +7 other locations
8014,Preet Group,3.8,(140),Ghaziabad +9 other locations,N/A
8015,IRIS RegTech Solutions Limited,3.5,(140),IT Services & Consulting,Mumbai +10 other locations
8016,HMT Machine Tools,4.0,(140),Industrial Machinery,Hyderabad +17 other locations
8017,Surya Hospital,3.7,(140),Healthcare,Mumbai +22 other locations
8018,Detox Group,4.0,(141),Chemicals,Ankleshwar +17 other locations
8019,Deutsche Telekom,3.2,(140),Telecom,Pune +6 other locations
8020,Ascend Telecom Infrastructure,4.2,(140),Telecom,Bengaluru +25 other locations
8021,Altos Global Services,3.7,(140),BPO,Noida +5 other locations
8022,BrowserStack,3.5,(140),Software Product,Mumbai +5 other locations
8023,iSource,2.9,(140),Recruitment,Noida +17 other locations
8024,Stanvac Chemicals,3.0,(140),Chemicals,Gurugram +29 other locations
8025,Prabha Automotive Engineers,3.8,(140),Hosur +11 other locations,N/A
8026,MediaTek India Technology,3.7,(140),Semiconductors,Noida +7 other locations
8027,Weir Minerals,4.1,(140),Metals & Mining,Bengaluru +9 other locations
8028,Azuga Telematics,3.6,(140),Software Product,Bengaluru +5 other locations
8029,NCDEX,3.3,(140),Financial Services,Mumbai +19 other locations
8030,DigiLantern,3.4,(140),IT Services & Consulting,Noida +7 other locations
8031,Ideas 4 Transformation,2.9,(140),IT Services & Consulting,Mumbai +18 other locations
8032,Sandvik Coromant,4.1,(140),Industrial Machinery,Pune +9 other locations
8033,Dana TM4,4.0,(140),Power,Pune +5 other locations
8034,SANY Group,3.8,(140),Industrial Machinery,Pune +26 other locations
8035,ClinicAnywhere,3.2,(140),Bengaluru +8 other locations,N/A
8036,Gapbridge Software Services,3.2,(140),IT Services & Consulting,Bengaluru +18 other locations
8037,Zenith Leisure Holidays,3.4,(140),Travel & Tourism,New Delhi +17 other locations
8038,Modern Insulators,4.0,(140),Electrical Equipment,Abu Road +12 other locations
8039,ESIC Medical College and Hospital,3.8,(140),Education & Training,New Delhi +20 other locations
8040,Azuga Telematics,3.6,(140),Software Product,Bengaluru +5 other locations
8041,MediaTek India Technology,3.7,(140),Semiconductors,Noida +7 other locations
8042,Gapbridge Software Services,3.2,(140),IT Services & Consulting,Bengaluru +18 other locations
8043,Stanvac Chemicals,3.0,(140),Chemicals,Gurugram +29 other locations
8044,builder.ai,2.8,(140),Software Product,Gurugram +8 other locations
8045,Star Paper Mills,3.8,(140),Pulp & Paper,Saharanpur +5 other locations
8046,Titan Biotech,3.5,(140),Biotechnology,New Delhi +6 other locations
8047,HM Constructions,4.6,(140),Real Estate,Bengaluru +7 other locations
8048,Sberbank Branch in India,2.9,(140),Banking,Bengaluru +5 other locations
8049,S S Enterprises,3.8,(140),Industrial Machinery,Mumbai +47 other locations
8050,v4c.ai,4.6,(143),Pune +2 other locations,N/A
8051,Drums Food International,4.6,(140),Food Processing,Mumbai +25 other locations
8052,Alpha Net Consulting,4.6,(140),IT Services & Consulting,Sahibzada Ajit Singh Nagar +5 other locations
8053,GIC Housing Finance,3.5,(141),NBFC,Mumbai +33 other locations
8054,Chemie Tech,3.5,(139),Oil & Gas,Vadodara +17 other locations
8055,Brand Factory,4.7,(139),Retail,Mumbai +39 other locations
8056,KLES Dr. Prabhakar Kore Hospital & M.R.C,3.6,(139),Healthcare,Belagavi +9 other locations
8057,AI Engineering Services,3.5,(139),New Delhi +11 other locations,N/A
8058,Christ University,3.1,(139),Education & Training,Bengaluru +5 other locations
8059,Saint-Gobain Abrasives,3.5,(139),Building Material,Bengaluru +26 other locations
8060,Abu Dhabi Commercial Bank,3.5,(139),Banking,Mumbai +7 other locations
8061,Ashida Electronics,3.8,(139),Electronics Manufacturing,Mumbai +15 other locations
8062,Valdel Engineers & Constructors,3.0,(139),Oil & Gas,Bengaluru +8 other locations
8063,Sakal Media Group,3.5,(139),Media & Entertainment,Pune +18 other locations
8064,Yanfeng Automotive Interiors,3.8,(139),Auto Components,Pune +7 other locations
8065,Shyplite,3.8,(139),Logistics,New Delhi +2 other locations
8066,Saudi Oger,4.5,(139),Engineering & Construction,Riyadh +13 other locations
8067,Mindenious Edutech,4.4,(139),Education & Training,Bengaluru +4 other locations
8068,BASIX Academy for Building Lifelong Employability,3.9,(139),Education & Training,New Delhi +44 other locations
8069,Overnite Express,3.8,(139),Logistics,New Delhi +34 other locations
8070,Lycatel BPO,2.6,(139),BPO,Chennai +3 other locations
8071,Airef Engineers,3.8,(139),Engineering & Construction,Gurugram +15 other locations
8072,Amec Foster Wheeler,3.9,(139),Oil & Gas,Chennai +14 other locations
8073,ERA's Lucknow Medical College & Hospital,3.8,(139),Education & Training,Lucknow +3 other locations
8074,ASA & Associates,3.5,(139),Accounting & Auditing,New Delhi +11 other locations
8075,Affiliated Computer Services,3.6,(139),IT Services & Consulting,Bengaluru +14 other locations
8076,Decision Point,3.3,(139),Analytics & KPO,Gurugram +4 other locations
8077,INDIAN DESIGNS,3.9,(139),Fashion & Textile,Bengaluru +8 other locations
8078,Naaraayani Sons,3.1,(139),Metals & Mining,Kolkata +20 other locations
8079,Maple Digital Technology,3.2,(139),Retail,Mumbai +14 other locations
8080,Lakshmikumaran & Sridharan,3.5,(139),Legal,New Delhi +13 other locations
8081,ESRI India Technologies,3.7,(139),IT Services & Consulting,Noida +12 other locations
8082,Zaggle Prepaid Ocean Services,3.0,(139),FinTech,Hyderabad +6 other locations
8083,Gemini Consulting & Services,3.7,(139),IT Services & Consulting,Hyderabad +9 other locations
8084,42Gears Mobility Systems,3.9,(139),Software Product,Bengaluru +4 other locations
8085,Pro1 Health Systems,3.5,(139),Medical Equipment,Chennai +9 other locations
8086,New Swan Multitech,3.9,(139),Industrial Machinery,Ludhiana +5 other locations
8087,APL Logistics,3.7,(140),Logistics,Chennai +29 other locations
8088,SURYA INTERNATIONAL ENTERPRISE,3.9,(139),Power,Bhubaneswar +9 other locations
8089,Preet Tractors,2.6,(139),Automobile,Nabha +26 other locations
8090,Freudenberg Gala Household Product,4.0,(140),Consumer Electronics & Appliances,Mumbai +27 other locations
8091,Gits Food Products,4.0,(139),FMCG,Pune +35 other locations
8092,POSCO,4.0,(139),Metals & Mining,Pune +20 other locations
8093,Mittsure Technologies,3.1,(139),Education & Training,Jaipur +30 other locations
8094,TML Business Services,3.8,(139),IT Services & Consulting,Pune +15 other locations
8095,Toshiba Johnson Elevators,4.2,(140),Industrial Machinery,Mumbai +13 other locations
8096,EIH,3.8,(139),Hospitality,New Delhi +12 other locations
8097,Krishna Penstone Automotive,3.9,(138),Gurugram +10 other locations,N/A
8098,The Hackett Group,3.2,(139),IT Services & Consulting,Hyderabad +5 other locations
8099,Aquera,4.6,(139),IT Services & Consulting,Bengaluru +1 other locations
8100,New Swan Multitech,3.9,(139),Industrial Machinery,Ludhiana +5 other locations
8101,Pro1 Health Systems,3.5,(139),Medical Equipment,Chennai +9 other locations
8102,42Gears Mobility Systems,3.9,(139),Software Product,Bengaluru +4 other locations
8103,Preet Tractors,2.6,(139),Automobile,Nabha +26 other locations
8104,POSCO,4.0,(139),Metals & Mining,Pune +20 other locations
8105,SURYA INTERNATIONAL ENTERPRISE,3.9,(139),Power,Bhubaneswar +9 other locations
8106,Piramal Group,4.0,(139),Financial Services,Mumbai +48 other locations
8107,Mobineers Info Systems,4.2,(139),IT Services & Consulting,New Delhi +15 other locations
8108,Forbes Facility Services,4.2,(139),Facility Management Services,Mumbai +18 other locations
8109,Mittsure Technologies,3.1,(139),Education & Training,Jaipur +30 other locations
8110,Crif High Mark Credit Information Services,2.8,(139),Analytics & KPO,Pune +3 other locations
8111,Sungwoo Hitech,4.0,(139),Auto Components,Chennai +9 other locations
8112,AIDA Cruises,3.5,(138),Travel & Tourism,Mumbai +12 other locations
8113,Vtc Tradewings,4.1,(138),Logistics,Noida +24 other locations
8114,Birla Century,4.1,(138),Fashion & Textile,Bharuch +11 other locations
8115,Nuvento Systems,3.2,(138),IT Services & Consulting,Kochi +12 other locations
8116,Aditya Birla SunLife Asset Management Company,3.8,(138),Financial Services,Mumbai +53 other locations
8117,Seeds Fincap,3.7,(138),NBFC,Gurugram +45 other locations
8118,YCH Logistics,3.7,(138),Logistics,Chennai +20 other locations
8119,SAVE Solutions,4.0,(138),Financial Services,New Delhi +41 other locations
8120,Centurion University of Technology and Management,3.3,(138),Education & Training,Bhubaneswar +15 other locations
8121,LRQA,3.3,(138),Analytics & KPO,Mumbai +19 other locations
8122,Shiksha.com,3.3,(138),Internet,Noida +20 other locations
8123,Lloyd Electric & Engineering,3.5,(138),Industrial Machinery,New Delhi +39 other locations
8124,Unique Measurement Service,4.5,(138),Auto Components,Chennai +9 other locations
8125,TTEC Digital,3.8,(138),IT Services & Consulting,Hyderabad +5 other locations
8126,Mahindra Aerospace,3.8,(138),Defence & Aerospace,Bengaluru +9 other locations
8127,Smile Foundation,4.1,(138),Non-Profit,New Delhi +30 other locations
8128,Rural Electrification Corporation,3.7,(138),Power,New Delhi +34 other locations
8129,HPI Limited,3.6,(138),Internet,Bengaluru +12 other locations
8130,Robt Stone (ME) LLC,2.8,(138),Oil & Gas,Abu Dhabi +7 other locations
8131,CG Corp Global,3.0,(138),FMCG,Gurugram +24 other locations
8132,COMSTAR AUTOMOTIVE TECHNOLOGIES,3.6,(138),Auto Components,Chennai +5 other locations
8133,Testhouse,4.2,(138),IT Services & Consulting,Thiruvananthapuram +5 other locations
8134,Husk Power Systems,3.2,(138),Power,Patna +23 other locations
8135,Maintec Technologies,3.7,(138),IT Services & Consulting,Bengaluru +8 other locations
8136,Ocean Life Spaces,3.5,(138),Engineering & Construction,Chennai +6 other locations
8137,Drishti IAS,3.7,(138),EdTech,New Delhi +5 other locations
8138,Novopay Solutions,3.1,(138),Software Product,Bengaluru +21 other locations
8139,Jindal Stainless Steelway,3.9,(138),Iron & Steel,Gurugram +20 other locations
8140,Banaras Hindu University,4.7,(138),Education & Training,Varanasi +14 other locations
8141,Vigour Mobile,3.5,(138),Consumer Electronics & Appliances,Gurugram +26 other locations
8142,Cachet Pharmaceuticals,3.8,(138),Pharma,Mumbai +27 other locations
8143,IDA Automation,3.7,(138),Bengaluru +4 other locations,N/A
8144,ParamInfo,3.0,(138),IT Services & Consulting,Hyderabad +3 other locations
8145,Vikram Sarabhai Space Centre,4.4,(138),Defence & Aerospace,Thiruvananthapuram +12 other locations
8146,ZoomRx,2.7,(138),Analytics & KPO,Chennai +4 other locations
8147,Rigved Technologies,3.8,(138),Emerging Technologies,Mumbai +9 other locations
8148,K.R.Pulp & Papers,3.2,(138),Pulp & Paper,Shahjahanpur +6 other locations
8149,R.K. Group,3.3,(138),Real Estate,Bengaluru +36 other locations
8150,Kiaasa Retail Limited,4.6,(138),Retail,New Delhi +36 other locations
8151,Viney Corporation,3.8,(138),Auto Components,Gurugram +11 other locations
8152,3 Gen Consulting,3.1,(138),Healthcare,Pune +4 other locations
8153,Malpani Group,4.0,(138),Power,Pune +18 other locations
8154,IMS Learning Resources,3.8,(138),Education & Training,Mumbai +27 other locations
8155,Shankar Electricals,3.7,(139),Electrical Equipment,Bengaluru +9 other locations
8156,Choice Equity Broking,3.2,(138),Financial Services,Mumbai +37 other locations
8157,Paramount Limited,3.3,(138),Engineering & Construction,Vadodara +29 other locations
8158,Sovereign Pharma,3.9,(138),Pharma,Daman & Diu +11 other locations
8159,Trell,3.0,(138),Internet,Bengaluru +13 other locations
8160,DigitalTrack Solutions,3.9,(138),IT Services & Consulting,Chennai +13 other locations
8161,Shankar Electricals,3.7,(139),Electrical Equipment,Bengaluru +9 other locations
8162,Sovereign Pharma,3.9,(138),Pharma,Daman & Diu +11 other locations
8163,Sagacious IP,3.3,(138),Gurugram +5 other locations,N/A
8164,Sunshine Hospitals,4.1,(137),Healthcare,Hyderabad +18 other locations
8165,Panda Retail Company,4.3,(137),Retail,Bhubaneswar +15 other locations
8166,Shivalik Prints,4.0,(137),Fashion & Textile,Faridabad +6 other locations
8167,Digicommerce Solutions LLP,4.6,(137),Internet,Noida +5 other locations
8168,DMI DRAEXLMAIER MANUFACTURING,3.7,(137),Industrial Machinery,Pune +4 other locations
8169,Tcg Digital Solutions,3.2,(137),IT Services & Consulting,Kolkata +6 other locations
8170,Indus Cosmeceuticals,4.2,(137),Beauty & Personal Care,Faridabad +5 other locations
8171,Glocal Healthcare Systems,3.3,(137),Healthcare,Kolkata +18 other locations
8172,mPHATEK Systems,3.4,(137),IT Services & Consulting,Pune +3 other locations
8173,Winkies,3.9,(137),Hospitality,Kolkata +33 other locations
8174,HealthSpring,2.9,(137),Fitness & Wellness,Mumbai +22 other locations
8175,Planet PCI Infotech,3.7,(137),Recruitment,Gurugram +37 other locations
8176,Solulab inc,3.2,(137),IT Services & Consulting,Ahmedabad +3 other locations
8177,Prothious Engineering Services,2.8,(137),Design,Chennai +5 other locations
8178,Biodeal Pharmaceuticals Limited,4.1,(137),Pharma,Noida +5 other locations
8179,Marquistech,3.7,(137),Noida +12 other locations,N/A
8180,Vista Furnishing Limited,4.1,(137),Furniture & Furnishing,Ghaziabad +9 other locations
8181,Web Synergies,2.9,(137),IT Services & Consulting,Hyderabad +9 other locations
8182,Repos Energy,3.7,(137),Internet,Pune +13 other locations
8183,Amalgamated Plantations,3.7,(137),Beverage,Guwahati +20 other locations
8184,Csc Computer Education,4.5,(137),Education & Training,Chennai +51 other locations
8185,WAISL,3.9,(137),IT Services & Consulting,New Delhi +5 other locations
8186,Fabtech Technologies International,3.5,(137),Engineering & Construction,Mumbai +7 other locations
8187,Genus Innovation,3.5,(137),Power,Jaipur +20 other locations
8188,Mapro Foods,3.3,(137),FMCG,Pune +35 other locations
8189,Flemingo Duty Free Shop,3.9,(137),Retail,Mumbai +14 other locations
8190,SPARX IT Solutions,3.3,(137),IT Services & Consulting,Noida +8 other locations
8191,Sushima Pharmaceuticals,3.7,(137),Pharma,Ghaziabad +39 other locations
8192,ProcDNA,4.0,(137),Management Consulting,Gurugram +4 other locations
8193,Shipsy,4.1,(137),Software Product,Gurugram +5 other locations
8194,Shahnaz Husain Group Of Companies,3.2,(137),Beauty & Personal Care,New Delhi +19 other locations
8195,Luna Technologies Private Liimited,2.8,(137),Industrial Automation,Mumbai +11 other locations
8196,vConstruct,3.7,(137),Engineering & Construction,Pune +4 other locations
8197,Infotech,4.4,(137),IT Services & Consulting,Hyderabad +34 other locations
8198,Remsons Industries,3.8,(137),Auto Components,Gurugram +9 other locations
8199,DNV,4.0,(137),Management Consulting,Pune +16 other locations
8200,EDUGORILLA COMMUNITY,3.3,(137),Education & Training,Lucknow +5 other locations
8201,River Mobility,3.9,(138),Automobile,Bengaluru +12 other locations
8202,Difacto Robotics and Automation,3.7,(137),Industrial Automation,Bengaluru +6 other locations
8203,Manav Rachna International School,3.6,(138),Education & Training,Faridabad +5 other locations
8204,Smiths Detection,3.7,(137),Defence & Aerospace,Bengaluru +11 other locations
8205,Blue Jet Healthcare,3.9,(137),Chemicals,Mumbai +6 other locations
8206,Spectra Technovision India,3.3,(137),Electronics Manufacturing,Ahmedabad +15 other locations
8207,Farida Group,3.8,(136),Leather,Chennai +8 other locations
8208,Hitachi Automotive Systems,4.2,(136),Auto Components,Chennai +12 other locations
8209,Modern Foods,3.7,(136),Food Processing,Chennai +21 other locations
8210,Serdia Pharmaceuticals,3.7,(136),Pharma,Mumbai +24 other locations
8211,Manpasand Beverages,3.8,(136),Beverage,Vadodara +31 other locations
8212,Propelld,3.6,(136),Internet,Bengaluru +24 other locations
8213,Saifee Hospital,3.2,(136),Healthcare,Mumbai +7 other locations
8214,QUTONE CERAMIC,3.7,(136),Building Material,Ahmedabad +28 other locations
8215,PhableCare,2.8,(136),Internet,Bengaluru +7 other locations
8216,Trn Energy,3.4,(137),Power,Raigarh +9 other locations
8217,Comnet Solutions,3.5,(136),Telecom,Mumbai +23 other locations
8218,West Bengal Power Development Corporation,3.7,(136),Power,Kolkata +13 other locations
8219,Akshayakalpa,3.9,(136),Internet,Bengaluru +12 other locations
8220,Urjanet Energy Solutions,3.8,(136),IT Services & Consulting,Chennai +2 other locations
8221,CASHe,3.3,(136),Financial Services,Mumbai +5 other locations
8222,Facilities And Building Solutions,3.6,(136),Engineering & Construction,Bengaluru +16 other locations
8223,DigiVersal Consultants,2.7,(136),Internet,Noida +5 other locations
8224,Inadev,3.2,(137),IT Services & Consulting,Kolkata +7 other locations
8225,Akshayakalpa,3.9,(136),Internet,Bengaluru +12 other locations
8226,Aravind Eye Hospital,4.1,(136),Healthcare,Madurai +21 other locations
8227,WebFurther,3.3,(137),IT Services & Consulting,Hyderabad +5 other locations
8228,Servify,3.8,(136),Consumer Electronics & Appliances,Mumbai +16 other locations
8229,Alliance Group,4.0,(136),Real Estate,Chennai +14 other locations
8230,VaaaN Infra,3.2,(136),Urban Transport,New Delhi +22 other locations
8231,Century Real Estate,3.7,(136),Real Estate,Bengaluru +4 other locations
8232,Ashland,4.1,(136),Chemicals,Hyderabad +10 other locations
8233,MassMutual,3.8,(136),Financial Services,Hyderabad
8234,Jolly Containers,3.7,(136),Petrochemicals,Daman & Diu +14 other locations
8235,Sugam Homes,4.5,(136),Real Estate,Kolkata +3 other locations
8236,Walko Qsr Company,3.9,(136),FMCG,Pune +19 other locations
8237,Yasho Industries Limited,3.6,(136),Chemicals,Vapi +7 other locations
8238,V-ensure Pharma Technologies,3.3,(136),Pharma,Mumbai +6 other locations
8239,Yahoo,4.3,(136),Internet,Bengaluru +8 other locations
8240,Norwegian Cruise Line,4.2,(136),Travel & Tourism,Mumbai +10 other locations
8241,Zurich Kotak General Insurance,3.1,(136),Insurance,Mumbai +32 other locations
8242,Transformers & Rectifiers (India),4.2,(136),Electrical Equipment,Ahmedabad +5 other locations
8243,Arbro Pharmaceuticals,3.8,(136),Pharma,New Delhi +8 other locations
8244,Cherise India,3.7,(136),Beverage,Pune +5 other locations
8245,Fipola Retail,3.7,(136),Food Processing,Chennai +6 other locations
8246,Ashland,4.1,(136),Chemicals,Hyderabad +10 other locations
8247,Walko Qsr Company,3.9,(136),FMCG,Pune +19 other locations
8248,Oman Shapoorji Llc,3.5,(136),Engineering & Construction,Muscat +10 other locations
8249,Sugam Homes,4.5,(136),Real Estate,Kolkata +3 other locations
8250,V-ensure Pharma Technologies,3.3,(136),Pharma,Mumbai +6 other locations
8251,Century Real Estate,3.7,(136),Real Estate,Bengaluru +4 other locations
8252,MassMutual,3.8,(136),Financial Services,Hyderabad
8253,Jolly Containers,3.7,(136),Petrochemicals,Daman & Diu +14 other locations
8254,Idea Infinity IT Solutions,3.0,(136),IT Services & Consulting,Bengaluru +13 other locations
8255,XSEED Education,3.0,(136),EdTech,Bengaluru +21 other locations
8256,Herman Miller,4.2,(136),Furniture & Furnishing,Bengaluru +6 other locations
8257,Jio Payments Bank,3.7,(136),FinTech,Mumbai +29 other locations
8258,Bluecraft Agro,3.5,(136),Food Processing,Yamunanagar +10 other locations
8259,Yasho Industries Limited,3.6,(136),Chemicals,Vapi +7 other locations
8260,Zurich Kotak General Insurance,3.1,(136),Insurance,Mumbai +32 other locations
8261,Progcap,4.0,(136),Financial Services,New Delhi +16 other locations
8262,V S International,3.6,(136),Pharma,Daman & Diu +13 other locations
8263,Dunkin' Donuts,3.7,(135),Hospitality,New Delhi +24 other locations
8264,Tata Trusts,4.3,(135),Non-Profit,Mumbai +33 other locations
8265,FabAlley,3.9,(135),Retail,Noida +14 other locations
8266,Pyro Group,3.5,(135),Telecom,Hyderabad +27 other locations
8267,Vkc Nuts,N/A,N/A,Food Processing,Noida +11 other locations
8268,Tafe Access,3.9,(135),Automobile,Chennai +13 other locations
8269,Weavetex Overseas,3.7,(135),Fashion & Textile,New Delhi +11 other locations
8270,KWALITY DAIRY (INDIA),3.9,(135),FMCG,New Delhi +16 other locations
8271,Mallcom,3.9,(135),BPO,Kolkata +10 other locations
8272,Digital Nirvana Information Systems,3.5,(135),Software Product,Hyderabad +4 other locations
8273,Nucsoft,2.7,(135),IT Services & Consulting,Mumbai +7 other locations
8274,Jss Pro Services,3.9,(135),Financial Services,Hyderabad +5 other locations
8275,Esyasoft,4.2,(135),Software Product,Bengaluru +22 other locations
8276,Axles India,3.3,(135),Auto Components,Chennai +10 other locations
8277,Rieco Industries,3.1,(135),Industrial Machinery,Pune +6 other locations
8278,Adani Road Transport,4.3,(135),Ahmedabad +25 other locations,N/A
8279,Datwyler Group,3.9,(135),Pharma,Pune +6 other locations
8280,Omega Elevators,3.8,(135),Industrial Machinery,Ahmedabad +27 other locations
8281,Mutual Industries,3.2,(135),Petrochemicals,Mumbai +12 other locations
8282,Datwyler Group,3.9,(135),Pharma,Pune +6 other locations
8283,Axles India,3.3,(135),Auto Components,Chennai +10 other locations
8284,RELX Group,3.5,(135),Analytics & KPO,Chennai +11 other locations
8285,Esyasoft,4.2,(135),Software Product,Bengaluru +22 other locations
8286,Quatrro Mortgage Solutions,3.1,(135),Financial Services,Mumbai +8 other locations
8287,Hemani Industries,3.7,(135),Agro Chemicals,Bharuch +8 other locations
8288,Real Ispat & Power,3.7,(135),Power,Raipur +9 other locations
8289,Palo Alto Networks,3.7,(135),IT Services & Consulting,Bengaluru +11 other locations
8290,Marquis Technologies,3.3,(135),IT Services & Consulting,Mumbai +7 other locations
8291,Neo Metaliks,3.4,(135),Metals & Mining,Durgapur +5 other locations
8292,Sakthi Finance,3.8,(135),Financial Services,Coimbatore +27 other locations
8293,Nectar Infotel Solutions,2.8,(135),IT Services & Consulting,Pune +27 other locations
8294,Bansal Classes,3.4,(135),Education & Training,Pune +48 other locations
8295,GlobeGround India,3.4,(135),Aviation,Bengaluru +10 other locations
8296,Multi Mantech International,2.3,(135),Engineering & Construction,Ahmedabad +27 other locations
8297,Chalo,3.6,(135),Internet,Mumbai +25 other locations
8298,Acme Solar Energy,4.4,(135),Power,Jaipur +27 other locations
8299,A.P.Securitas,4.2,(135),Law Enforcement & Security,New Delhi +33 other locations
8300,INVENTIVE SOFTWARE SOLUTIONS,3.8,(135),IT Services & Consulting,Noida +32 other locations
8301,Nectar Infotel Solutions,2.8,(135),IT Services & Consulting,Pune +27 other locations
8302,Bansal Classes,3.4,(135),Education & Training,Pune +48 other locations
8303,A.P.Securitas,4.2,(135),Law Enforcement & Security,New Delhi +33 other locations
8304,ISKCON,3.6,(135),Non-Profit,Bengaluru +28 other locations
8305,HireRight,3.5,(135),Analytics & KPO,Bengaluru +9 other locations
8306,GlobeGround India,3.4,(135),Aviation,Bengaluru +10 other locations
8307,Sakthi Finance,3.8,(135),Financial Services,Coimbatore +27 other locations
8308,Dream11,4.0,(135),Internet,Mumbai +7 other locations
8309,Axis Clinicals,4.0,(135),Clinical Research,Hyderabad +5 other locations
8310,Voltech Hr Services,3.2,(135),Recruitment,Chennai +33 other locations
8311,Valmont Structures,3.0,(135),Engineering & Construction,Pune +7 other locations
8312,Supreme Petrochem,3.8,(135),Chemicals,Mumbai +8 other locations
8313,Neo Metaliks,3.4,(135),Metals & Mining,Durgapur +5 other locations
8314,Dachser,3.9,(135),Logistics,Mumbai +17 other locations
8315,Chalo,3.6,(135),Internet,Mumbai +25 other locations
8316,Allzone Management Solutions,4.1,(135),Healthcare,Chennai +5 other locations
8317,Abs Fujitsu General,3.8,(135),Engineering & Construction,Hyderabad +15 other locations
8318,MGM Healthcare,3.9,(135),Healthcare,Chennai +6 other locations
8319,Kalpataru International,3.9,(135),Engineering & Construction,Mumbai +43 other locations
8320,Mas Rural Housing Mortgage Finance,4.2,(135),Financial Services,Ahmedabad +43 other locations
8321,Hicool Electronic Industries,4.0,(135),Electrical Equipment,Pune +8 other locations
8322,Sourcedesk,4.1,(136),IT Services & Consulting,Kolkata +2 other locations
8323,MeritTrac,3.7,(134),EdTech,Bengaluru +13 other locations
8324,Mytrah Energy,4.2,(134),Power,Hyderabad +13 other locations
8325,Dangote Industries,4.1,(134),Building Material,Lagos +9 other locations
8326,91Squarefeet,3.3,(134),Internet,Gurugram +4 other locations
8327,PrimeXBT,4.6,(134),FinTech,London +3 other locations
8328,Cascade Revenue Management,3.3,(134),IT Services & Consulting,Kochi +7 other locations
8329,Tradologie.com,2.6,(134),Internet,Noida +3 other locations
8330,OVT India,3.4,(134),Electrical Equipment,Noida +6 other locations
8331,Electronics for Imaging,3.9,(135),Printing & Publishing,Bengaluru +6 other locations
8332,Ebix Smartclass Educational Services,4.0,(134),EdTech,New Delhi +35 other locations
8333,Glen Appliances,4.2,(134),Consumer Electronics & Appliances,Faridabad +29 other locations
8334,Svarn Infratel,3.5,(134),Hardware & Networking,Faridabad +8 other locations
8335,Times Network,3.2,(134),Broadcasting,Mumbai +10 other locations
8336,Xihi Technology,3.5,(134),Electronics Manufacturing,Noida +5 other locations
8337,Dinesh Engineers,3.9,(134),Telecom,Mumbai +23 other locations
8338,Pride Purple Group,4.1,(134),Real Estate,Pune +3 other locations
8339,Smile Electronics,3.8,(134),Electronics Manufacturing,Bengaluru +5 other locations
8340,Fixderma,3.6,(134),Beauty & Personal Care,Gurugram +22 other locations
8341,Stemmons Business Services,4.1,(134),BPO,Vadodara +1 other locations
8342,Kiran Motors,3.4,(134),Auto Components,Ahmedabad +14 other locations
8343,Shilpa Steel and Power,3.5,(134),Iron & Steel,Nagpur +4 other locations
8344,Tokai Rika Minda,3.6,(134),Semiconductors,Bengaluru +7 other locations
8345,Korn Ferry,3.1,(134),Management Consulting,Bengaluru +7 other locations
8346,UTI Mutual Fund,3.9,(134),Financial Services,Mumbai +57 other locations
8347,GlowTouch Technologies,2.9,(134),BPO,Mangaluru +6 other locations
8348,Bristol Healthcare Services,3.1,(134),BPO,Chennai +3 other locations
8349,Unique Infra Engineering India Private Limited,3.0,(134),Engineering & Construction,Lucknow +25 other locations
8350,Calling 24o7 Bpo Services,3.9,(134),BPO,Pune +9 other locations
8351,Khandelwal Laboratories,4.1,(134),Pharma,Mumbai +19 other locations
8352,Lectrix Ev,3.7,(134),Gurugram +15 other locations,N/A
8353,Enkei Wheels India,3.7,(134),Auto Components,Pune +5 other locations
8354,Ramdev Food Products,4.5,(134),Food Processing,Ahmedabad +20 other locations
8355,Thinkapps Solutions,3.6,(134),Recruitment,Mumbai +28 other locations
8356,Appcino Technologies,3.4,(134),IT Services & Consulting,Jaipur +12 other locations
8357,Homeocare International,3.5,(134),Healthcare,Hyderabad +23 other locations
8358,EasyRewardz Software Services,2.8,(134),IT Services & Consulting,Gurugram +6 other locations
8359,DWD Pharmaceuticals,3.3,(134),Pharma,Vadodara +30 other locations
8360,Shilpa Steel and Power,3.5,(134),Iron & Steel,Nagpur +4 other locations
8361,Thinkapps Solutions,3.6,(134),Recruitment,Mumbai +28 other locations
8362,Tokai Rika Minda,3.6,(134),Semiconductors,Bengaluru +7 other locations
8363,Unique Infra Engineering India Private Limited,3.0,(134),Engineering & Construction,Lucknow +25 other locations
8364,Mizuho Bank,3.3,(134),Banking,Mumbai +9 other locations
8365,Annet Technologies,3.7,(134),Software Product,Mumbai +6 other locations
8366,Greytrix,3.2,(134),IT Services & Consulting,Mumbai +3 other locations
8367,Harley-Davidson,3.8,(134),Automobile,Gurugram +30 other locations
8368,DWD Pharmaceuticals,3.3,(134),Pharma,Vadodara +30 other locations
8369,Khandelwal Laboratories,4.1,(134),Pharma,Mumbai +19 other locations
8370,Autobahn Trucking Corporation,4.2,(134),Automobile,Pune +20 other locations
8371,The Judge Group,3.2,(134),Recruitment,Noida +7 other locations
8372,Prefr,3.7,(134),FinTech,Hyderabad +19 other locations
8373,Wishup,4.0,(134),Financial Services,Bengaluru +4 other locations
8374,Accumax,3.9,(134),Biotechnology,Ahmedabad +8 other locations
8375,NJ Group,3.5,(134),Surat +37 other locations,N/A
8376,Nesto Hypermarket,3.7,(134),Kozhikode +18 other locations,N/A
8377,V-Soft Consulting,3.0,(134),IT Services & Consulting,Hyderabad +6 other locations
8378,Spocto X,3.5,(134),Software Product,Mumbai +13 other locations
8379,D Light Energy,3.6,(133),Waste Management,Gurugram +36 other locations
8380,Presidium School,3.5,(133),Education & Training,New Delhi +7 other locations
8381,DAEWOO E&C,4.2,(133),Engineering & Construction,Patna +16 other locations
8382,Express KCS,3.5,(133),Marketing & Advertising,New Delhi +8 other locations
8383,Dyuti Technologies,4.4,(133),IT Services & Consulting,Bengaluru +3 other locations
8384,Electrostar Electronics,4.0,(133),Noida +56 other locations,N/A
8385,Ind Synergy,4.0,(133),Engineering & Construction,Raigarh +10 other locations
8386,Qbss,3.8,(133),IT Services & Consulting,Coimbatore +4 other locations
8387,RAMADA PLAZA,4.1,(133),Hospitality,Chennai +20 other locations
8388,Jupiter Money,2.4,(133),FinTech,Bengaluru +6 other locations
8389,D Light Energy,3.6,(133),Waste Management,Gurugram +36 other locations
8390,Securonix,2.6,(133),Internet,Bengaluru +3 other locations
8391,B. E. Billimoria,4.1,(133),Engineering & Construction,Mumbai +14 other locations
8392,V.Ships,4.0,(133),Ports & Shipping,Mumbai +11 other locations
8393,BNB Groupe,3.2,(133),Retail,Ahmedabad +12 other locations
8394,Beyondriffs,4.6,(133),Education & Training,Ghaziabad
8395,Chemspec Chemicals,3.6,(133),Chemicals,Mumbai +4 other locations
8396,The Nuance Group AG,4.3,(133),IT Services & Consulting,Bengaluru +8 other locations
8397,Phreesia,2.5,(133),Healthcare,Pune +3 other locations
8398,Perceptive,3.5,(133),Clinical Research,Hyderabad +6 other locations
8399,KION India,3.5,(133),Industrial Machinery,Pune +13 other locations
8400,Fragma Data Systems,4.0,(133),IT Services & Consulting,Bengaluru +4 other locations
8401,JBM Neel Metal,3.8,(133),Auto Components,Gurugram +22 other locations
8402,SFS Group,3.7,(133),Auto Components,Pune +8 other locations
8403,Hindustan Shipyard,4.0,(133),Ports & Shipping,Visakhapatnam +7 other locations
8404,Duroply Industries,3.7,(133),Building Material,New Delhi +33 other locations
8405,Sanzyme,3.7,(133),Biotechnology,Hyderabad +15 other locations
8406,Narayana Superspeciality Hospital,4.0,(133),Healthcare,Kolkata +12 other locations
8407,Xtelify,3.2,(133),Gurugram +21 other locations,N/A
8408,Rare Rabbit,3.5,(133),Fashion & Textile,Bengaluru +32 other locations
8409,SAG Infotech,3.4,(133),IT Services & Consulting,Jaipur +5 other locations
8410,Accountant Anywhere Services,4.2,(133),BPO,Pune +45 other locations
8411,Rockwell Industries,3.6,(133),Electronics Manufacturing,Hyderabad +17 other locations
8412,Facile Services,2.7,(133),IT Services & Consulting,Pune +1 other locations
8413,Oxalis Pharmaceuticals,3.8,(133),Pharma,Baddi +8 other locations
8414,Telegence Powercomm,3.4,(133),Engineering & Construction,Vadodara +39 other locations
8415,Orris Infrastructure,4.1,(133),Real Estate,Gurugram +5 other locations
8416,MindSquare Technologies,4.5,(133),IT Services & Consulting,Bengaluru +21 other locations
8417,KION India,3.5,(133),Industrial Machinery,Pune +13 other locations
8418,Perceptive,3.5,(133),Clinical Research,Hyderabad +6 other locations
8419,Perennial Systems,4.2,(133),IT Services & Consulting,Pune +1 other locations
8420,Megha Fruit Processing,3.7,(133),Hyderabad +38 other locations,N/A
8421,Phreesia,2.5,(133),Healthcare,Pune +3 other locations
8422,Xtranet Technologies,3.1,(133),IT Services & Consulting,Bhopal +11 other locations
8423,Monotech Systems,3.6,(133),Printing & Publishing,Chennai +21 other locations
8424,Juego Studios,4.2,(133),Gaming,Bengaluru +3 other locations
8425,Emonics,3.7,(133),IT Services & Consulting,Noida +8 other locations
8426,Kimia Biosciences Limited,3.6,(133),Pharma,Gurugram +3 other locations
8427,Appy Pie,3.7,(133),IT Services & Consulting,Noida +5 other locations
8428,FIL Industries,3.2,(133),Chemicals,Srinagar +10 other locations
8429,HP ADHESIVES,3.9,(133),Chemicals,Mumbai +40 other locations
8430,ITL Industries,3.7,(133),Industrial Machinery,Indore +14 other locations
8431,DELTA,4.1,(133),Events,Bengaluru +27 other locations
8432,Continental Coffee,4.1,(133),Food Processing,Hyderabad +29 other locations
8433,Pratiti Technologies,3.4,(133),Software Product,Pune
8434,Visit Health,3.0,(133),Biotechnology,Bengaluru +7 other locations
8435,Apex Kidney Care,3.9,(133),Healthcare,Mumbai +19 other locations
8436,Hansa Research Group,3.7,(133),Analytics & KPO,Mumbai +18 other locations
8437,Aditya Vision,3.9,(133),Retail,Patna +36 other locations
8438,Andhra Pradesh Grama/Ward Sachivalayam,4.0,(132),Government,Hyderabad +46 other locations
8439,TetraSoft,3.7,(132),IT Services & Consulting,Hyderabad +4 other locations
8440,GEEBEE Education,3.1,(132),Education & Training,Mumbai +13 other locations
8441,FNF India,3.9,(132),IT Services & Consulting,Bengaluru +4 other locations
8442,APC By Schneider Electric,4.4,(132),Electrical Equipment,Bengaluru +16 other locations
8443,Sigma,3.8,(132),Pharma,Pune +36 other locations
8444,Tecnics Integration Technologies,3.3,(132),Software Product,Hyderabad +4 other locations
8445,DSM,3.9,(132),Chemicals,Hyderabad +25 other locations
8446,Auma,3.5,(132),Industrial Automation,Bengaluru +9 other locations
8447,TetraSoft,3.7,(132),IT Services & Consulting,Hyderabad +4 other locations
8448,Spykar Lifestyles,4.0,(132),Fashion & Textile,Mumbai +35 other locations
8449,Andhra Pradesh Grama/Ward Sachivalayam,4.0,(132),Government,Hyderabad +46 other locations
8450,CriticaLog India Private Limited,4.1,(132),Logistics,Bengaluru +26 other locations
8451,Fia Technology Services,3.6,(132),FinTech,Gurugram +28 other locations
8452,Hawa Valves,3.0,(132),Oil & Gas,Mumbai +8 other locations
8453,ClinChoice,3.7,(132),Clinical Research,Bengaluru +2 other locations
8454,Kruger Ventilation Industries,3.6,(132),Industrial Machinery,Mumbai +11 other locations
8455,Reliable Business Solutions & Services,2.8,(132),BPO,Mumbai +8 other locations
8456,Distacart,4.7,(132),Internet,Hyderabad +4 other locations
8457,IPAC,3.3,(132),Retail,Kolkata +15 other locations
8458,The West Coast Paper Mills,3.7,(132),Pulp & Paper,Dandeli +10 other locations
8459,Ata Freight Line,3.3,(132),Logistics,Pune +8 other locations
8460,GLOBALFOUNDRIES,3.3,(132),Semiconductors,Bengaluru +6 other locations
8461,Sumitomo Mitsui Banking Corporation,2.6,(132),Financial Services,New Delhi +8 other locations
8462,Keywords Studios,2.8,(132),Gaming,Gurugram +5 other locations
8463,Mantle Solutions,3.3,(132),IT Services & Consulting,Kochi +6 other locations
8464,WebMD,3.2,(133),Healthcare,Mumbai +5 other locations
8465,ADM India,4.0,(132),Food Processing,Bengaluru +22 other locations
8466,Benteler Automotive,4.0,(132),Electronics Manufacturing,Pune +3 other locations
8467,PCS-Global,3.6,(132),Education & Training,Kolkata +9 other locations
8468,Institute of Chemical Technology,4.0,(132),Mumbai +31 other locations,N/A
8469,Insurance Company,4.1,(132),Real Estate,New Delhi +53 other locations
8470,Viveks,4.0,(132),Retail,Chennai +13 other locations
8471,Unified Infotech,4.3,(132),IT Services & Consulting,Kolkata +2 other locations
8472,Marino Food Products,3.9,(132),Food Processing,Hyderabad +39 other locations
8473,Vikram Tea,4.3,(132),Financial Services,Mumbai +42 other locations
8474,Ashok Iron Group,3.7,(132),Iron & Steel,Belagavi +6 other locations
8475,Ata Freight Line,3.3,(132),Logistics,Pune +8 other locations
8476,Aqua Group,4.1,(132),Industrial Machinery,Coimbatore +16 other locations
8477,Kusalava International,3.8,(132),Industrial Machinery,Vijayawada +9 other locations
8478,Data Template Infotech,3.0,(132),IT Services & Consulting,Bengaluru +4 other locations
8479,Ascentrik Research Services,1.8,(132),IT Services & Consulting,Pune +9 other locations
8480,Accurate Background,3.6,(132),Recruitment,Mumbai +6 other locations
8481,Kusalava International,3.8,(132),Industrial Machinery,Vijayawada +9 other locations
8482,Ascentrik Research Services,1.8,(132),IT Services & Consulting,Pune +9 other locations
8483,Obeetee,3.9,(132),Fashion & Textile,Panipat +11 other locations
8484,Data Template Infotech,3.0,(132),IT Services & Consulting,Bengaluru +4 other locations
8485,Refex Industries,3.6,(132),NBFC,Chennai +27 other locations
8486,ATPI,3.9,(132),Travel & Tourism,Mumbai +7 other locations
8487,J. M. Mhatre Infra,4.0,(132),Engineering & Construction,Navi Mumbai +16 other locations
8488,Sterling Accuris Wellness,4.1,(132),Healthcare,Ahmedabad +16 other locations
8489,Reynold India,4.6,(132),Industrial Machinery,Noida +11 other locations
8490,Anand Engineering Products,3.2,(132),Engineering & Construction,Tiruchirappalli +8 other locations
8491,Insurance Company,4.1,(132),Real Estate,New Delhi +53 other locations
8492,Wings Pharmaceuticals,3.1,(132),Pharma,New Delhi +30 other locations
8493,Elancer It Solutions,3.1,(132),IT Services & Consulting,Hyderabad
8494,Leonia Holistic Destination,3.7,(131),Hospitality,Hyderabad +7 other locations
8495,Camp K-12,3.3,(131),EdTech,Gurugram +5 other locations
8496,IJM (India) Infrastructure,4.0,(131),Engineering & Construction,Hyderabad +13 other locations
8497,Growisto,4.4,(131),Marketing & Advertising,Mumbai +2 other locations
8498,P2G Mobilty Tech,4.3,(131),Kolkata +22 other locations,N/A
8499,Al Fara'a Group,3.1,(131),Engineering & Construction,Mumbai +11 other locations
8500,ECS | Enterprise Change Specialists,4.3,(131),IT Services & Consulting,Hyderabad +6 other locations
8501,Global Cloud Xchange,3.3,(131),Telecom,Mumbai +6 other locations
8502,Indo-Tibetan Border Police,4.6,(131),Government,New Delhi +34 other locations
8503,Envision Overseas Education Consultants,4.0,(131),Mumbai +7 other locations,N/A
8504,SMARTe,3.7,(131),IT Services & Consulting,Mumbai +7 other locations
8505,LNJ Bhilwara Group,3.7,(131),Fashion & Textile,Noida +27 other locations
8506,Metalman Microturners,3.8,(131),Metals & Mining,Rudrapur +9 other locations
8507,Secure Network Solutions,4.3,(132),IT Services & Consulting,Chennai +10 other locations
8508,CORNITOS,4.1,(131),FMCG,Faridabad +25 other locations
8509,Total Shipping & Logistics,3.1,(131),Logistics,Mumbai +33 other locations
8510,Just Dogs,3.6,(131),Internet,Ahmedabad +14 other locations
8511,AXA,3.7,(131),Insurance,Bengaluru +9 other locations
8512,Food Service India,4.1,(131),Food Processing,Mumbai +25 other locations
8513,Vishakha Glass,4.0,(131),Mundra +10 other locations,N/A
8514,Cambridge Technology Enterprises,3.1,(131),IT Services & Consulting,Hyderabad +4 other locations
8515,Antal International,3.5,(131),Recruitment,Mumbai +10 other locations
8516,ToXSL Technologies,3.8,(131),IT Services & Consulting,Sahibzada Ajit Singh Nagar +13 other locations
8517,Almonds Ai,4.3,(131),Software Product,Gurugram +2 other locations
8518,AstraGen,3.6,(131),EdTech,Vijayawada +21 other locations
8519,Kalyaniwalla & Mistry,3.3,(131),Accounting & Auditing,Mumbai +9 other locations
8520,Equinix,3.2,(131),IT Services & Consulting,Bengaluru +6 other locations
8521,TalentOla,3.5,(131),Recruitment,Indore +7 other locations
8522,Snovasys,4.5,(131),IT Services & Consulting,Hyderabad +1 other locations
8523,Eastman Cast & Forge,3.2,(131),Industrial Machinery,Ludhiana +10 other locations
8524,Sanjay Ghodawat Group,3.5,(131),FMCG,Kolhapur +28 other locations
8525,Global Market Insights,3.2,(131),Analytics & KPO,Pune +4 other locations
8526,Phoenix Marketcity,3.7,(131),Retail,Mumbai +10 other locations
8527,Mitel,3.6,(131),Telecom,Bengaluru +8 other locations
8528,Cambridge Technology Enterprises,3.1,(131),IT Services & Consulting,Hyderabad +4 other locations
8529,Antal International,3.5,(131),Recruitment,Mumbai +10 other locations
8530,Sarita Handa Exports,3.6,(131),Architecture & Interior Design,Gurugram +9 other locations
8531,Mochiko Shoes,3.5,(131),Fashion & Textile,Dehradun +8 other locations
8532,Vishakha Glass,4.0,(131),Mundra +10 other locations,N/A
8533,Almonds Ai,4.3,(131),Software Product,Gurugram +2 other locations
8534,Mangalam Information Technolgies,3.3,(131),IT Services & Consulting,Ahmedabad +6 other locations
8535,John Distilleries,3.7,(131),Beverage,Bengaluru +18 other locations
8536,Cococart Ventures,3.6,(131),Mumbai +18 other locations,N/A
8537,Multitex Filtration Engineers,3.6,(131),Industrial Machinery,New Delhi +3 other locations
8538,IIDE - The Digital School,4.0,(131),EdTech,Mumbai +5 other locations
8539,Hubert Enviro Care Systems,2.8,(131),Waste Management,Chennai +19 other locations
8540,AlgoLeap Technologies,4.2,(131),Emerging Technologies,Hyderabad +6 other locations
8541,Nuvama Wealth Management,3.4,(131),Financial Services,Mumbai +25 other locations
8542,Sanathan Textiles,4.1,(131),Fashion & Textile,Dadra & Nagar Haveli +12 other locations
8543,TalentOla,3.5,(131),Recruitment,Indore +7 other locations
8544,Mitel,3.6,(131),Telecom,Bengaluru +8 other locations
8545,Siemens Industry Software (India),4.2,(131),Industrial Automation,Pune +7 other locations
8546,Sureworks Infotech Pvt. Ltd.,4.4,(131),IT Services & Consulting,Bengaluru +17 other locations
8547,Lloyds Engineering Works Limited,4.2,(132),Industrial Machinery,Mumbai +14 other locations
8548,HashCash Consultants,3.6,(131),Software Product,Kolkata +5 other locations
8549,Rollick Ice Cream,4.0,(131),FMCG,Kolkata +14 other locations
8550,Bigshare Services,2.8,(131),Legal,Mumbai +12 other locations
8551,Presidio Solutions Pvt Ltd,4.6,(132),IT Services & Consulting,Chennai +5 other locations
8552,Keya Foods International Private Limited,4.0,(131),FMCG,Mumbai +27 other locations
8553,Connect India E Commerce Services,2.8,(130),Logistics,Bengaluru +38 other locations
8554,TalentSprint,4.0,(130),Hyderabad +4 other locations,N/A
8555,Ruban Memorial Hospital,3.7,(130),Healthcare,Patna +2 other locations
8556,Maharashtra Natural GAS,3.2,(130),Oil & Gas,Pune +9 other locations
8557,Tirupati Life Sciences,4.2,(130),Pharma,Paonta Sahib +8 other locations
8558,Ajnara India,3.5,(130),Real Estate,Noida +4 other locations
8559,Nucot,4.6,(130),Recruitment,Bengaluru +1 other locations
8560,BMA Wealth Creators,4.4,(130),Financial Services,Kolkata +31 other locations
8561,TalentSprint,4.0,(130),Hyderabad +4 other locations,N/A
8562,MK TRON Autoparts,3.5,(130),Auto Components,Chennai +5 other locations
8563,Ruban Memorial Hospital,3.7,(130),Healthcare,Patna +2 other locations
8564,Tirupati Life Sciences,4.2,(130),Pharma,Paonta Sahib +8 other locations
8565,Fertilisers and Chemicals Travancore,4.2,(130),Agro Chemicals,Kochi +10 other locations
8566,Maharashtra Natural GAS,3.2,(130),Oil & Gas,Pune +9 other locations
8567,cloudEQ,3.3,(130),IT Services & Consulting,Chandigarh +6 other locations
8568,Infinity Fincorp Solutions,4.3,(130),Mumbai +54 other locations,N/A
8569,Ferromatik Milacron,3.5,(130),Industrial Machinery,Ahmedabad +8 other locations
8570,CamelQ Software Solutions,4.1,(130),Software Product,Hyderabad +2 other locations
8571,Signals & Systems (India) Private Limited,3.8,(130),Electronics Manufacturing,Chennai +23 other locations
8572,Vkl Seasoning,3.9,(130),FMCG,Kochi +14 other locations
8573,FBSPL- Fusion Business Solution P Limited,3.4,(130),BPO,Udaipur +6 other locations
8574,C2L BIZ,3.1,(130),Internet,Mumbai +4 other locations
8575,Vhb Medi Sciences,3.3,(130),Pharma,Rudrapur +11 other locations
8576,Dhanlaxmi Bank,4.1,(130),Banking,Thrissur +40 other locations
8577,Basix,4.5,(130),Financial Services,Hyderabad +64 other locations
8578,Dasnac,4.5,(130),Real Estate,New Delhi +2 other locations
8579,Same Deutz-fahr,3.7,(130),Industrial Machinery,Vellore +12 other locations
8580,Sarda Metals & Alloys,4.1,(130),Metals & Mining,Visakhapatnam +6 other locations
8581,Rashi Peripherals,3.8,(130),IT Services & Consulting,Mumbai +31 other locations
8582,Star Estate,4.1,(130),Real Estate,Noida +11 other locations
8583,M3bi,4.1,(130),IT Services & Consulting,Hyderabad +7 other locations
8584,C2L BIZ,3.1,(131),Internet,Mumbai +4 other locations
8585,Dasnac,4.5,(130),Real Estate,New Delhi +2 other locations
8586,Vhb Medi Sciences,3.3,(130),Pharma,Rudrapur +11 other locations
8587,Xerago,3.1,(130),Marketing & Advertising,Chennai +3 other locations
8588,Basix,4.5,(130),Financial Services,Hyderabad +64 other locations
8589,Maharashtra Rail Infrastructure Development Corporation,3.6,(131),Government,Mumbai +11 other locations
8590,Gigmo Solutions,3.9,(130),IT Services & Consulting,Gurugram +8 other locations
8591,Technians Softech,3.9,(130),IT Services & Consulting,Gurugram +2 other locations
8592,Linamar,3.7,(130),Pune +4 other locations,N/A
8593,FirstMeridian Business Services,3.7,(130),Recruitment,Bengaluru +19 other locations
8594,Njs Engineers India,4.0,(131),Waste Management,New Delhi +20 other locations
8595,Elite Powertech,3.9,(130),Power,New Delhi +28 other locations
8596,Techavera Solutions,4.2,(130),Education & Training,Noida +5 other locations
8597,IT Solutions,3.5,(130),IT Services & Consulting,New Delhi +27 other locations
8598,Fairmont Hotels & Resorts,3.7,(130),Hospitality,Jaipur +18 other locations
8599,Babaji Shivram Clearing & Carriers,3.3,(130),Logistics,Mumbai +8 other locations
8600,Dietech India,4.1,(130),Industrial Machinery,Chennai +7 other locations
8601,Competent Automobiles,3.9,(130),Retail,New Delhi +12 other locations
8602,Comau,3.3,(130),Industrial Automation,Pune +4 other locations
8603,IT Solutions,3.5,(130),IT Services & Consulting,New Delhi +27 other locations
8604,Babaji Shivram Clearing & Carriers,3.3,(130),Logistics,Mumbai +8 other locations
8605,Xerago,3.1,(130),Marketing & Advertising,Chennai +3 other locations
8606,FirstMeridian Business Services,3.7,(130),Recruitment,Bengaluru +19 other locations
8607,PlasmaGen Biosciences,3.7,(130),Pharma,Bengaluru +10 other locations
8608,Fairmont Hotels & Resorts,3.7,(130),Hospitality,Jaipur +18 other locations
8609,Aries Agro,4.2,(130),Agro Chemicals,Mumbai +36 other locations
8610,SVP Hospital,4.0,(130),Government,Ahmedabad +13 other locations
8611,Idom,4.1,(130),Engineering & Construction,New Delhi +4 other locations
8612,StayVista,4.4,(130),Travel & Tourism,Mumbai +11 other locations
8613,Press Fit Pipe And Profile,4.1,(130),Building Material,Mumbai +19 other locations
8614,Emrill Services LLC,4.1,(130),Facility Management Services,Dubai +9 other locations
8615,Sun Life Global Solutions,3.8,(130),Financial Services,Gurugram +4 other locations
8616,Argl,4.1,(130),Gurugram +8 other locations,N/A
8617,ImagicaaWorld Entertainment Limited,3.5,(130),Events,Mumbai +9 other locations
8618,31 Parallel,1.9,(129),BPO,Shimla +3 other locations
8619,Koso India,4.1,(129),Industrial Automation,Nashik +4 other locations
8620,Riello Power India,3.8,(129),Electronics Manufacturing,Gurugram +13 other locations
8621,Gulshan Homz,4.1,(129),Real Estate,Noida +8 other locations
8622,KSK Mahanadi Power Company,3.9,(129),Power,Bilaspur +7 other locations
8623,Cxc Infotech,3.2,(129),Financial Services,Noida +3 other locations
8624,Hitachi MGRM Net,3.3,(129),IT Services & Consulting,Gurugram +14 other locations
8625,Lion Services,3.7,(129),Facility Management Services,New Delhi +22 other locations
8626,Superon Schweisstechnik India,3.8,(129),Electronics Manufacturing,Gurugram +12 other locations
8627,AIT Global,3.2,(129),IT Services & Consulting,Pune +5 other locations
8628,Inorbvict Healthcare,4.0,(129),Medical Equipment,Pune
8629,ZestMoney,4.0,(129),FinTech,Bengaluru +16 other locations
8630,Sical Logistics,4.0,(129),Logistics,Bengaluru +21 other locations
8631,INVESMATE,3.9,(129),Education & Training,Kolkata +4 other locations
8632,Devgiri Forgings,3.7,(129),Industrial Machinery,Chhatrapati Sambhajinagar +8 other locations
8633,Forace Polymers,3.3,(129),Chemicals,Haridwar +7 other locations
8634,Doshion,3.6,(129),Waste Management,Ahmedabad +6 other locations
8635,Shri Ram Murti Smarak Institute of Medical Sciences,3.5,(129),Education & Training,Bareilly +4 other locations
8636,SAN Engineering & Locomotive,3.8,(129),Industrial Machinery,Bengaluru +10 other locations
8637,Crimsoune Club,3.8,(129),Fashion & Textile,New Delhi +38 other locations
8638,Saurer,3.9,(129),Financial Services,Vadodara +10 other locations
8639,D2K Technologies India,2.6,(129),IT Services & Consulting,Mumbai +7 other locations
8640,EOX Vantage,3.1,(129),Software Product,Bengaluru +3 other locations
8641,Eaton Industrial Systems,4.3,(129),Industrial Machinery,Pune +12 other locations
8642,Vandhana International,3.7,(129),Railways,New Delhi +14 other locations
8643,Prabha Industries,4.0,(129),Chemicals,Bengaluru +10 other locations
8644,Choice Solutions (India),3.5,(129),IT Services & Consulting,Hyderabad +14 other locations
8645,Flyweis Technology,4.3,(129),IT Services & Consulting,Noida +4 other locations
8646,S K Samanta & Co,3.3,(129),Engineering & Construction,Kolkata +10 other locations
8647,Gamma Process Hub,3.7,(129),BPO,Hyderabad +6 other locations
8648,PPS International,3.7,(129),Industrial Machinery,Greater Noida +10 other locations
8649,Rahman Industries,3.6,(129),Fashion & Textile,Kanpur +10 other locations
8650,Syncom Formulations India,3.1,(129),Pharma,Indore +14 other locations
8651,AIT Global,3.2,(129),IT Services & Consulting,Pune +5 other locations
8652,RFCL,3.7,(129),Agro Chemicals,Ramagundam +7 other locations
8653,Superon Schweisstechnik India,3.8,(129),Electronics Manufacturing,Gurugram +12 other locations
8654,Coloplast,3.3,(129),Healthcare,New Delhi +25 other locations
8655,Valtech India Systems,3.8,(129),IT Services & Consulting,Bengaluru +5 other locations
8656,Zopsmart Technology,3.2,(129),Software Product,Bengaluru +8 other locations
8657,Rajagiri Hospital,4.1,(129),Healthcare,Kochi +11 other locations
8658,Sangam Dairy,4.1,(129),Agriculture,Guntur +13 other locations
8659,PATH India,4.2,(129),Industrial Automation,Indore +33 other locations
8660,Veena Developers,4.1,(129),Real Estate,Mumbai +3 other locations
8661,Sterling Manufacturing Company,3.7,(129),Industrial Machinery,Gurugram +30 other locations
8662,Snowcem Paints,4.3,(129),Building Material,Mumbai +32 other locations
8663,Medgulf Construction Company,3.4,(129),Engineering & Construction,Doha +9 other locations
8664,Eco Protection Engineers,4.3,(129),Engineering & Construction,Chennai +21 other locations
8665,Omega Hospitals,3.9,(129),Healthcare,Hyderabad +13 other locations
8666,Valtech India Systems,3.8,(129),IT Services & Consulting,Bengaluru +5 other locations
8667,Rajagiri Hospital,4.1,(129),Healthcare,Kochi +11 other locations
8668,RFCL,3.7,(129),Agro Chemicals,Ramagundam +7 other locations
8669,Zopsmart Technology,3.2,(129),Software Product,Bengaluru +8 other locations
8670,Coloplast,3.3,(129),Healthcare,New Delhi +25 other locations
8671,Dr. Rela Institute & Medical Centre,4.2,(129),Healthcare,Chennai +4 other locations
8672,Sangam Dairy,4.1,(129),Agriculture,Guntur +13 other locations
8673,Openview Technologies,3.4,(129),IT Services & Consulting,Pune +11 other locations
8674,Pennant Technologies,4.0,(129),Software Product,Hyderabad +4 other locations
8675,Packt Publishing,3.0,(129),Printing & Publishing,Mumbai +5 other locations
8676,Baker Gauges,3.6,(129),Semiconductors,Pune +7 other locations
8677,TechNova Imaging Systems,4.1,(129),Printing & Publishing,Mumbai +18 other locations
8678,Hitachi Solutions,3.8,(130),IT Services & Consulting,Pune +11 other locations
8679,Jayabheri Automotives,4.0,(129),Engineering & Construction,Visakhapatnam +7 other locations
8680,Medanta S.N. Superspecialty Hospital,4.2,(129),Healthcare,Gurugram +14 other locations
8681,PATH India,4.2,(129),Industrial Automation,Indore +33 other locations
8682,Naresh Kumar & Co.,4.2,(129),Urban Transport,Jamshedpur +24 other locations
8683,Consolidated Analytics,4.0,(129),Software Product,Chennai +2 other locations
8684,THDC,4.0,(129),Government,Rishikesh +18 other locations
8685,Mahathi Infra Services,3.8,(129),Engineering & Construction,Hyderabad +14 other locations
8686,Shree Malani Foams,3.7,(129),Hyderabad +14 other locations,N/A
8687,CNS Comnet,4.1,(128),BPO,Gurgaon / Gurugram +4 other locations
8688,DelEx Cargo,4.5,(127),Logistics,Mumbai +31 other locations
8689,Inspace Technologies,3.8,(128),Software Product,Chennai +15 other locations
8690,C-Square Info Solutions,3.5,(128),IT Services & Consulting,Bengaluru +13 other locations
8691,Valu Connex Telecom Services Private,4.4,(128),Telecom,New Delhi +38 other locations
8692,Oriental Consultants India Pvt Ltd,4.0,(128),Engineering & Construction,New Delhi +18 other locations
8693,Foodhub,3.5,(128),Software Product,Chennai +4 other locations
8694,Acent High Soft Technologies,4.7,(128),Recruitment,Noida +4 other locations
8695,Intelegencia,3.3,(128),IT Services & Consulting,Noida +7 other locations
8696,ANY Graphics,3.8,(128),Printing & Publishing,Noida +18 other locations
8697,GE Capital,4.4,(128),Financial Services,Gurugram +10 other locations
8698,Al Hassan Engineering Company SAOG,3.8,(128),Engineering & Construction,Muscat +14 other locations
8699,Vedang Radio Technology,4.2,(128),Telecom,Mumbai +22 other locations
8700,A2z Infra Engineering,3.8,(128),Engineering & Construction,Gurugram +23 other locations
8701,Nestor Pharmaceuticals,3.0,(128),Pharma,Faridabad +13 other locations
8702,Gainsight,4.0,(128),IT Services & Consulting,Hyderabad +3 other locations
8703,Bansal Wire Industries,3.5,(128),Iron & Steel,Ghaziabad +9 other locations
8704,Oorja Technical Services,3.9,(128),Electrical Equipment,Indore +13 other locations
8705,Gillette,4.2,(128),FMCG,Bhiwadi +17 other locations
8706,SBM Offshore,4.3,(128),Oil & Gas,Bengaluru +8 other locations
8707,Tranistics Data Technologies,3.4,(128),Software Product,Kolkata +4 other locations
8708,Siec Education,2.7,(128),Recruitment,New Delhi +11 other locations
8709,Bar Code India,3.5,(129),Industrial Automation,Gurugram +12 other locations
8710,MAP Systems,2.8,(128),IT Services & Consulting,Bengaluru +5 other locations
8711,IG Infotech India,2.9,(128),IT Services & Consulting,Bengaluru +5 other locations
8712,Applied Cloud Computing,2.5,(128),IT Services & Consulting,Mumbai +9 other locations
8713,A.K.AUTOMATICS,3.8,(128),Auto Components,Rohtak +10 other locations
8714,Integrated Cleanroom Technologies,4.0,(128),Facility Management Services,Hyderabad +8 other locations
8715,Paharpur 3P,4.2,(128),Packaging,Ghaziabad +14 other locations
8716,Spardha School of Music,4.3,(128),Pune +2 other locations,N/A
8717,Footprints Play School,3.3,(128),Education & Training,New Delhi +17 other locations
8718,Amol Pharmaceuticals,4.0,(128),Pharma,Jaipur +4 other locations
8719,Adamas University,2.8,(128),Education & Training,Kolkata +4 other locations
8720,Idfy,3.2,(128),Software Product,Mumbai +4 other locations
8721,Growel Softech,2.9,(128),Recruitment,Pune +6 other locations
8722,Paramount Products,4.3,(129),Import & Export,New Delhi +5 other locations
8723,20 Microns,4.1,(128),Chemicals,Vadodara +13 other locations
8724,Hager Electro,3.1,(128),Electrical Equipment,Pune +14 other locations
8725,WsCube Tech,4.9,(128),IT Services & Consulting,Jodhpur +2 other locations
8726,Abacus Staffing & Services,3.1,(128),Recruitment,Hyderabad +12 other locations
8727,IVY SOFTWARE DEVELOPMENT SERVICES,3.8,(128),IT Services & Consulting,Hyderabad +2 other locations
8728,Nethues Technologies,3.3,(128),IT Services & Consulting,New Delhi +4 other locations
8729,Dayanand Medical College & Hospital,3.7,(128),Healthcare,Ludhiana +6 other locations
8730,Coupa Software Inc,3.2,(128),IT Services & Consulting,Pune +3 other locations
8731,Axtel Industries,4.0,(128),Industrial Machinery,Vadodara +2 other locations
8732,AVON TUBETECH,3.3,(128),Iron & Steel,Faridabad +8 other locations
8733,Ice Mortgage Technology,3.3,(128),Software Product,Pune +1 other locations
8734,Central ParK,4.1,(128),Real Estate,Gurugram +7 other locations
8735,Internship Studio,4.0,(128),Pune +29 other locations,N/A
8736,PressureJet Systems Pvt. Ltd.,3.7,(128),Industrial Machinery,Ahmedabad +7 other locations
8737,Saasguru,2.0,(127),Education & Training,Pune +3 other locations
8738,Stellapps Technologies,3.9,(127),Software Product,Bengaluru +29 other locations
8739,Swarovski India,4.1,(127),Jewellery,Pune +20 other locations
8740,SATTRIX Information Security,2.9,(128),IT Services & Consulting,Ahmedabad +11 other locations
8741,Sadara Chemical Company,3.9,(127),Chemicals,Al Jubail +5 other locations
8742,AutomationEdge,2.8,(127),IT Services & Consulting,Pune +1 other locations
8743,Scott Edil Pharmacia,3.5,(127),Pharma,Baddi +11 other locations
8744,Bizmatics India,3.2,(127),Software Product,Mumbai +7 other locations
8745,ICSIL,3.1,(127),Telecom,New Delhi +3 other locations
8746,Daelim Industrial Co.,4.8,(126),Petrochemicals,Chennai +13 other locations
8747,Nala Robotics,1.8,(127),Hyderabad +2 other locations,N/A
8748,Galore Networks,3.0,(127),IT Services & Consulting,Chennai +32 other locations
8749,IndiaCan,4.6,(127),EdTech,New Delhi +39 other locations
8750,Ardom Towergen,3.9,(127),Telecom,Gurugram +18 other locations
8751,Edge Telecom,3.5,(127),Telecom,Gurugram +18 other locations
8752,Indian Acrylics,3.8,(127),Chemicals,Sangrur +7 other locations
8753,Minosha,4.0,(127),Hardware & Networking,New Delhi +22 other locations
8754,INFOCRUNCH ANALYTICS,3.0,(127),Analytics & KPO,New Delhi +12 other locations
8755,Scholastic,4.1,(127),Printing & Publishing,Gurugram +26 other locations
8756,Tide Water Oil,3.7,(128),Oil & Gas,Kolkata +33 other locations
8757,Aryan International,3.2,(127),Mumbai +29 other locations,N/A
8758,SA Technologies,3.0,(127),IT Services & Consulting,Pune +9 other locations
8759,EZ Works,3.8,(127),IT Services & Consulting,Gurugram +3 other locations
8760,GadgEon,4.0,(127),IT Services & Consulting,Kochi +15 other locations
8761,Doehler,3.6,(127),IT Services & Consulting,Pune +5 other locations
8762,Bansal Group,3.5,(127),Education & Training,Bhopal +24 other locations
8763,Life Care Logistic,3.5,(127),Pune +22 other locations,N/A
8764,CDYMAX,3.4,(127),Pharma,Bengaluru +5 other locations
8765,Ageis,3.5,(127),Emerging Technologies,Bengaluru +17 other locations
8766,Indian Synthetic Rubber,4.1,(127),Petrochemicals,Panipat +6 other locations
8767,Tricon Infotech,3.4,(127),IT Services & Consulting,Bengaluru +3 other locations
8768,Tema India,4.2,(127),Oil & Gas,Mumbai +12 other locations
8769,Manali Petrochemicals,3.6,(127),Chemicals,Chennai +4 other locations
8770,Desnor Destination,4.2,(127),Noida +2 other locations,N/A
8771,Apeejay Surrendra Group,3.6,(128),FMCG,Kolkata +21 other locations
8772,Shantha Biotechnics,4.8,(127),Biotechnology,Hyderabad +3 other locations
8773,Tex Corp.,3.6,(127),Fashion & Textile,Gurugram +8 other locations
8774,Mangalam Drugs & Organics,3.5,(127),Pharma,Vapi +6 other locations
8775,Paradigm Realty,4.0,(127),Real Estate,Mumbai +1 other locations
8776,GetMyUni,3.3,(127),Education & Training,Bengaluru +9 other locations
8777,TYPSA,3.4,(127),Engineering & Construction,Gurugram +18 other locations
8778,Risebird Talent Solutions,3.8,(127),Recruitment,Noida +8 other locations
8779,Omni Hospital,3.7,(127),Healthcare,Hyderabad +7 other locations
8780,Kewaunee Labway,4.2,(127),Furniture & Furnishing,Bengaluru +9 other locations
8781,AKGVG & Associates,3.1,(127),Accounting & Auditing,New Delhi +4 other locations
8782,Amrita Vidyalayam,3.5,(127),Education & Training,Chennai +36 other locations
8783,Krishna Enterprises,3.8,(127),Industrial Machinery,Faridabad +44 other locations
8784,Ptc Industries,3.6,(127),Iron & Steel,Lucknow +4 other locations
8785,Aza Fashions,3.8,(127),Fashion & Textile,Mumbai +5 other locations
8786,Lineomatic Industries Pvt. Ltd.,3.7,(127),Pulp & Paper,Ahmedabad +4 other locations
8787,HyTech Professionals,3.3,(127),IT Services & Consulting,Noida +3 other locations
8788,Rentokil Initial,3.3,(127),Agro Chemicals,Mumbai +25 other locations
8789,R-pac,3.3,(127),Packaging,Mumbai +8 other locations
8790,ABIL Group,4.3,(127),Real Estate,Pune +1 other locations
8791,Uk Realty,3.8,(127),Real Estate,Mumbai +3 other locations
8792,Eximietas Design,4.1,(127),Emerging Technologies,Bengaluru +4 other locations
8793,Vertex Global Services,4.5,(127),IT Services & Consulting,Gurugram +5 other locations
8794,Hester Biosciences,3.4,(127),Biotechnology,Ahmedabad +16 other locations
8795,Smart IMS,3.9,(127),IT Services & Consulting,Hyderabad +3 other locations
8796,Amplifon,3.9,(127),Medical Equipment,Gurugram +31 other locations
8797,Ghaziabad Precision Products,3.6,(127),Automobile,Ghaziabad +13 other locations
8798,Infrabeat Technologies,3.7,(127),IT Services & Consulting,Pune +6 other locations
8799,Eris Therapeutics,3.7,(127),Pharma,Ahmedabad +26 other locations
8800,Garrett - Advancing Motion,3.1,(127),Auto Components,Pune +7 other locations
8801,OCS Services,4.4,(127),Oil & Gas,Mumbai +28 other locations
8802,Labvantage Solutions,3.7,(127),Software Product,Kolkata +3 other locations
8803,Choice International,3.4,(127),Mumbai +40 other locations,N/A
8804,Marvell,3.7,(127),Semiconductors,Bengaluru +7 other locations
8805,Synergy Systems & Solutions,3.8,(127),Industrial Automation,Faridabad +20 other locations
8806,Maire Tecnimont,4.1,(127),Engineering & Construction,Mumbai +12 other locations
8807,Avvashya Cci Logistics,3.6,(126),Logistics,Mumbai +20 other locations
8808,Alexis Global,3.8,(126),Logistics,New Delhi +26 other locations
8809,Cheers Interactive,3.0,(126),Management Consulting,Mumbai +5 other locations
8810,Pune Institute of Business Management,2.8,(126),Education & Training,Pune +10 other locations
8811,Likewize,3.4,(126),Telecom,Chennai +6 other locations
8812,Supriya Lifescience,3.6,(126),Pharma,Chiplun +10 other locations
8813,P&R Infraprojects,3.7,(126),Engineering & Construction,Chandigarh +19 other locations
8814,Anmol Biscuits,4.3,(126),FMCG,Kolkata +36 other locations
8815,Genus Electrotech,3.3,(126),Semiconductors,Gandhidham +15 other locations
8816,DUKES,3.7,(126),Food Processing,Hyderabad +32 other locations
8817,Lot Mobiles,3.5,(126),Retail,Hyderabad +22 other locations
8818,QO BOX,4.6,(126),IT Services & Consulting,Chennai +3 other locations
8819,Paras Buildtech,3.5,(126),Real Estate,Gurugram +5 other locations
8820,Ftcash,4.0,(126),FinTech,Mumbai +9 other locations
8821,Springworks,4.1,(126),Software Product,Bengaluru +4 other locations
8822,Chargebee,3.8,(126),Software Product,Chennai +4 other locations
8823,PAVIT CERAMICS ( P),3.4,(126),Building Material,Ahmedabad +24 other locations
8824,Vi-son Industries,3.4,(126),Industrial Machinery,Pune +15 other locations
8825,GoApptiv,4.1,(126),Mumbai +45 other locations,N/A
8826,Meritshot,4.5,(126),Education & Training,Noida +2 other locations
8827,MotivityLabs,3.0,(126),IT Services & Consulting,Hyderabad +2 other locations
8828,LIC Mutual Fund,3.6,(126),Financial Services,Mumbai +41 other locations
8829,Toyoda Gosei South India,4.1,(126),Automobile,Bengaluru +5 other locations
8830,Schiller Healthcare India,3.8,(126),Medical Equipment,Mumbai +21 other locations
8831,Sigma Corporation India,4.1,(126),Auto Components,Gurugram +11 other locations
8832,Srinivasa Farms,3.7,(126),Food Processing,Hyderabad +16 other locations
8833,AachiGroup,3.8,(126),Chennai +22 other locations,N/A
8834,Anik Milk Products,3.6,(126),FMCG,Indore +25 other locations
8835,RN Valves & Faucets,3.2,(126),Ghaziabad +17 other locations,N/A
8836,Maharishi Ayurveda Products,3.6,(126),Pharma,Noida +15 other locations
8837,NETPLUS Broadband Services,3.7,(126),Telecom,Ludhiana +14 other locations
8838,Beroe Inc,4.2,(126),Management Consulting,Chennai +7 other locations
8839,SAGE Automation,4.2,(127),Industrial Automation,Pune +1 other locations
8840,Eduquity Career Technologies,3.3,(126),Recruitment,Bengaluru +17 other locations
8841,Doosan Bobcat India,3.8,(126),Industrial Machinery,Chennai +16 other locations
8842,Anik Milk Products,3.6,(126),FMCG,Indore +25 other locations
8843,Zieta Technologies,3.3,(126),IT Services & Consulting,Bengaluru +8 other locations
8844,MOVIN,3.7,(126),Gurugram +13 other locations,N/A
8845,RN Valves & Faucets,3.2,(126),Ghaziabad +17 other locations,N/A
8846,Maharishi Ayurveda Products,3.6,(126),Pharma,Noida +15 other locations
8847,DH Healthcare Software Services India Private Limited (Dedalus),3.4,(126),Software Product,Chennai +3 other locations
8848,Holcim Global Hub Business Services,4.1,(126),IT Services & Consulting,Mumbai +4 other locations
8849,Channel Soft,3.7,(126),IT Services & Consulting,Vijayawada +4 other locations
8850,Perpetuuiti Technosoft Services,3.5,(126),IT Services & Consulting,Pune +8 other locations
8851,Fourth Dimension Technologies,3.4,(126),IT Services & Consulting,Chennai +11 other locations
8852,Aapna Infotech,4.3,(126),IT Services & Consulting,New Delhi +3 other locations
8853,Beroe Inc,4.2,(126),Management Consulting,Chennai +7 other locations
8854,NETPLUS Broadband Services,3.7,(126),Telecom,Ludhiana +14 other locations
8855,SAGE Automation,4.2,(127),Industrial Automation,Pune +1 other locations
8856,EGDK,3.7,(126),Software Product,Mangaluru +1 other locations
8857,Forever New,4.0,(126),Retail,Gurugram +27 other locations
8858,Starion India,3.5,(126),Electronics Manufacturing,Pune +9 other locations
8859,Defsys Solutions,3.9,(126),Defence & Aerospace,Gurugram +7 other locations
8860,FundsIndia,3.1,(126),FinTech,Chennai +10 other locations
8861,Lee & Nee Softwares Exports,3.8,(126),Software Product,Kolkata
8862,Dembla Valves,3.8,(126),Industrial Machinery,Mumbai +12 other locations
8863,Global FPO,3.8,(126),Accounting & Auditing,New Delhi +4 other locations
8864,Karma Ayurveda,3.8,(126),Healthcare,New Delhi +9 other locations
8865,Geeklurn,3.6,(126),EdTech,Bengaluru +4 other locations
8866,Sids Farm,3.1,(126),Food Processing,Hyderabad +7 other locations
8867,Golden Tulip Hotels,3.4,(126),Hospitality,New Delhi +28 other locations
8868,Mindrill Systems Solutions,3.5,(126),Industrial Machinery,Kolkata +5 other locations
8869,Planedge Consultants,3.3,(126),Management Consulting,Pune +5 other locations
8870,Conceptia Software Technologies,4.1,(126),Defence & Aerospace,Bengaluru +9 other locations
8871,Robinhood Insurance Broker Limited,3.5,(126),Insurance,Mumbai +22 other locations
8872,Ethos,3.0,(126),Metals & Mining,New Delhi +21 other locations
8873,Oaknet Healthcare,3.4,(125),Pharma,Mumbai +32 other locations
8874,INFAC,3.8,(125),Auto Components,Chennai +7 other locations
8875,Hellmann Worldwide Logistics,4.0,(125),Logistics,Chennai +15 other locations
8876,Odisha Power Transmission Corporation,4.3,(125),Power,Bhubaneswar +25 other locations
8877,MCaffeine,3.0,(125),Beauty & Personal Care,Mumbai +17 other locations
8878,Bikayi,2.8,(124),Marketing & Advertising,Bengaluru +4 other locations
8879,Weizmann Forex,4.4,(125),Financial Services,Mumbai +34 other locations
8880,Weizmann Forex,4.4,(125),Financial Services,Mumbai +34 other locations
8881,DELLA LEADERS CLUB,4.6,(125),IT Services & Consulting,Mumbai +4 other locations
8882,Celebrity Cruises,4.1,(125),Travel & Tourism,Mumbai +8 other locations
8883,Oaknet Healthcare,3.4,(125),Pharma,Mumbai +32 other locations
8884,Shri Ram ComSoft Pvt Ltd - SRCOMSOFT,3.1,(125),IT Services & Consulting,Jabalpur +4 other locations
8885,NDS InfoServ,3.2,(125),BPO,Mumbai +6 other locations
8886,The India Thermit Corporation,3.6,(125),Industrial Machinery,Kanpur +9 other locations
8887,Lakshya Powertech Limited,4.0,(125),Ahmedabad +16 other locations,N/A
8888,Hellmann Worldwide Logistics,4.0,(125),Logistics,Chennai +15 other locations
8889,INFAC,3.8,(125),Auto Components,Chennai +7 other locations
8890,Odisha Power Transmission Corporation,4.3,(125),Power,Bhubaneswar +25 other locations
8891,MCaffeine,3.0,(125),Beauty & Personal Care,Mumbai +17 other locations
8892,Sathya Agencies,4.1,(126),Consumer Electronics & Appliances,Chennai +53 other locations
8893,BL Lifesciences,3.2,(126),Medical Equipment,New Delhi +14 other locations
8894,Gates Unitta India Company,3.9,(125),Auto Components,Chennai +14 other locations
8895,Techila Global Services,3.8,(125),IT Services & Consulting,Pune +5 other locations
8896,Medicamen Biotech,3.2,(125),Pharma,New Delhi +8 other locations
8897,SAL Automotive,3.8,(125),Auto Components,Nabha +12 other locations
8898,Welcomhotel By ITC Hotels,4.2,(125),New Delhi +27 other locations,N/A
8899,KMC HOSPITAL,4.0,(125),Healthcare,Mangaluru +18 other locations
8900,SIMA Labs,3.9,(125),Waste Management,New Delhi +13 other locations
8901,Indian Institute of Science Education and Research,3.8,(125),Analytics & KPO,Pune +15 other locations
8902,SAL Automotive,3.8,(125),Auto Components,Nabha +12 other locations
8903,Seneca Global IT Services,4.2,(125),IT Services & Consulting,Hyderabad +1 other locations
8904,Civet Projects,4.2,(125),Engineering & Construction,Hyderabad +18 other locations
8905,Gmr Aero Technic,4.2,(125),Aviation,Hyderabad +6 other locations
8906,Bioworld Merchandising,3.4,(125),Retail,Gurugram +7 other locations
8907,Delhi Public School Ghaziabad Society,3.2,(125),Education & Training,New Delhi +13 other locations
8908,Hailstone Innovations,4.0,(125),Industrial Machinery,Palakkad +13 other locations
8909,M G Contractors,4.5,(125),Engineering & Construction,Panchkula +27 other locations
8910,Cerence,3.1,(125),Software Product,Pune
8911,Computer Junction,3.8,(125),IT Services & Consulting,New Delhi +10 other locations
8912,Volansys Technologies,3.1,(126),IT Services & Consulting,Ahmedabad +4 other locations
8913,Bizbox Publishing,2.8,(125),IT Services & Consulting,New Delhi +7 other locations
8914,Multi Organics,3.0,(125),Chemicals,Chandrapur +5 other locations
8915,Outlier,3.8,(125),Emerging Technologies,Bengaluru +15 other locations
8916,Jindal Water Infrastructure,3.8,(125),Waste Management,New Delhi +25 other locations
8917,KW Group,4.0,(125),Non-Profit,Ghaziabad +6 other locations
8918,BrandMuscle,3.5,(125),IT Services & Consulting,Bengaluru +7 other locations
8919,Amwaj Catering Services,3.7,(125),Hospitality,Doha +12 other locations
8920,Hailstone Innovations,4.0,(125),Industrial Machinery,Palakkad +13 other locations
8921,Delhi Public School Ghaziabad Society,3.2,(125),Education & Training,New Delhi +13 other locations
8922,Rich Products & Solutions,3.6,(125),Food Processing,Pune +32 other locations
8923,Civet Projects,4.2,(125),Engineering & Construction,Hyderabad +18 other locations
8924,M G Contractors,4.5,(125),Engineering & Construction,Panchkula +27 other locations
8925,Express Housekeeper,3.8,(125),Facility Management Services,Kolkata +21 other locations
8926,Believe Cosmetics,3.2,(125),Bengaluru +21 other locations,N/A
8927,Enrich Agro Food Products,3.6,(125),FMCG,Rohtak +6 other locations
8928,Accubits Technologies,3.1,(125),IT Services & Consulting,Thiruvananthapuram +1 other locations
8929,Mylab Discovery Solutions,2.9,(125),Internet,Pune +18 other locations
8930,Ashapurna Buildcon,3.6,(125),Real Estate,Jodhpur +5 other locations
8931,BeBran Digital,4.5,(125),New Delhi +2 other locations,N/A
8932,Seoyon E-HWA Summit,3.1,(125),Auto Components,Anantapur +12 other locations
8933,IMCS Group.,3.1,(125),IT Services & Consulting,Noida +11 other locations
8934,JS Auto Cast Foundry,3.8,(125),Coimbatore +4 other locations,N/A
8935,Dar Group,3.3,(125),Architecture & Interior Design,Pune +11 other locations
8936,Aqua Tech Systems,4.1,(125),Power,Pune +18 other locations
8937,Edvoy,4.1,(125),Chennai +6 other locations,N/A
8938,Mahansaria Group,3.4,(125),Auto Components,Bharuch +10 other locations
8939,Sahara India Financial Corporation,3.9,(124),Financial Services,Lucknow +53 other locations
8940,Object Frontier Software,3.8,(124),IT Services & Consulting,Chennai +3 other locations
8941,Alstrong Enterprises,4.2,(124),Building Material,New Delhi +27 other locations
8942,Nims Hospital,3.7,(124),Healthcare,Jaipur +15 other locations
8943,Retailio,3.8,(124),Internet,Mumbai +36 other locations
8944,InnoEye Technologies,3.1,(124),IT Services & Consulting,Indore
8945,Gojavas,4.7,(124),Logistics,New Delhi +47 other locations
8946,Sahara India Financial Corporation,3.9,(124),Financial Services,Lucknow +53 other locations
8947,Radiant Guard Services Pvt. Ltd. - India,4.9,(124),Law Enforcement & Security,Pune +14 other locations
8948,Gj Solutions,3.5,(124),Recruitment,Hyderabad +8 other locations
8949,S R Enterprises,4.1,(124),Electrical Equipment,New Delhi +43 other locations
8950,Redington Gulf,3.8,(124),IT Services & Consulting,Chennai +2 other locations
8951,C H Robinson Worldwide Freight,3.3,(124),Logistics,Mumbai +21 other locations
8952,Chetak Enterprises,4.5,(124),Engineering & Construction,Mumbai +22 other locations
8953,House of Beauty,3.7,(124),Internet,Gurugram +16 other locations
8954,Vivekananda Hospital,3.7,(124),Healthcare,Durgapur +20 other locations
8955,Powermax Fitness India,4.8,(124),Fitness & Wellness,Mumbai +3 other locations
8956,Swami Rama Himalayan University,3.9,(124),Education & Training,Dehradun +7 other locations
8957,Abhijeet Group,3.9,(124),Power,Visakhapatnam +23 other locations
8958,R.K Associates & Hoteliers,2.7,(124),Facility Management Services,New Delhi +24 other locations
8959,Kajaria Bathware,4.1,(124),Building Material,Bhiwadi +33 other locations
8960,Swami Rama Himalayan University,3.9,(124),Education & Training,Dehradun +7 other locations
8961,Powermax Fitness India,4.8,(124),Fitness & Wellness,Mumbai +3 other locations
8962,Vector India,4.0,(124),Auto Components,Bengaluru +5 other locations
8963,Nelson Global Products,3.4,(124),Industrial Machinery,Pune +12 other locations
8964,Nikon,3.9,(124),Consumer Electronics & Appliances,Gurugram +28 other locations
8965,Astro Arun Pandit,3.9,(124),Noida +2 other locations,N/A
8966,Foodlink F&B Holdings,4.0,(124),Hospitality,Mumbai +13 other locations
8967,Central Bureau of Investigation,3.7,(124),Defence & Aerospace,New Delhi +22 other locations
8968,Devon Software Services,4.0,(124),IT Services & Consulting,Bengaluru +3 other locations
8969,Nahar Spinning Mills,4.1,(124),Fashion & Textile,Ludhiana +7 other locations
8970,Funskool India,4.0,(124),Other,Chennai +15 other locations
8971,DANA Graziano India,4.2,(124),Ahmedabad +11 other locations,N/A
8972,Navi Finserv,3.3,(124),Bengaluru +15 other locations,N/A
8973,Vianaar Homes,3.9,(123),Real Estate,New Delhi +5 other locations
8974,Kajaria Bathware,4.1,(124),Building Material,Bhiwadi +33 other locations
8975,R.K Associates & Hoteliers,2.7,(124),Facility Management Services,New Delhi +24 other locations
8976,NTN NEI Manufacturing,3.9,(125),Automobile,Chennai +8 other locations
8977,CTA Apparels,3.9,(124),Fashion & Textile,Noida +7 other locations
8978,Richmondd Global School,4.8,(124),Education & Training,New Delhi +2 other locations
8979,Continuum Global Solutions,3.6,(124),BPO,Indore +9 other locations
8980,Small Industries Development Bank of India,3.7,(124),NBFC,Mumbai +31 other locations
8981,Nahar Spinning Mills,4.1,(124),Fashion & Textile,Ludhiana +7 other locations
8982,Vianaar Homes,3.9,(124),Real Estate,New Delhi +5 other locations
8983,Vensar Constructions,4.1,(124),Engineering & Construction,Hyderabad +24 other locations
8984,Tribeca Developers,4.6,(124),Real Estate,Pune +7 other locations
8985,JU Agri Sciences,4.2,(124),Agro Chemicals,Noida +36 other locations
8986,Jain Amar,3.0,(124),Retail,Ludhiana +15 other locations
8987,Bijlipay,3.4,(124),FinTech,Chennai +35 other locations
8988,Continuum Global Solutions,3.6,(124),BPO,Indore +9 other locations
8989,Tvs Training And Services,3.6,(124),Education & Training,Chennai +14 other locations
8990,United Airlines,3.8,(124),Aviation,Gurugram +3 other locations
8991,Bubugao Communication,4.2,(124),Jaipur +27 other locations,N/A
8992,Earlyjobs,4.8,(124),Recruitment,Bengaluru +4 other locations
8993,Xoxoday,3.5,(124),Software Product,Bengaluru +6 other locations
8994,Cello,3.6,(124),Retail,Mumbai +23 other locations
8995,Mahatma Gandhi Medical College & Hospital,4.2,(124),Education & Training,Jaipur +15 other locations
8996,Xome,4.2,(124),Internet,Chennai +4 other locations
8997,Turner International,4.0,(124),Engineering & Construction,Mumbai +14 other locations
8998,ABS India,3.8,(124),IT Services & Consulting,Bengaluru +21 other locations
8999,ALOIS Solutions,3.4,(124),IT Services & Consulting,Vadodara +8 other locations
9000,MENTORS EDUSERV,2.9,(124),EdTech,Patna +4 other locations
9001,Merck Specialities,4.1,(124),Pharma,Bengaluru +24 other locations
9002,Indore Composite,3.9,(124),Telecom,Mumbai +7 other locations
9003,Rungta Sons,4.0,(125),Iron & Steel,Jharsuguda +14 other locations
9004,Ganga Medical Centre & Hospitals,4.3,(124),Healthcare,Coimbatore +19 other locations
9005,Indira Gandhi National Open University,4.2,(123),Education & Training,New Delhi +40 other locations
9006,ShipBob,3.9,(123),Logistics,New Delhi +2 other locations
9007,Microscan Infocommtech,4.0,(123),Telecom,Mumbai +6 other locations
9008,Digiperform,3.4,(123),Education & Training,New Delhi +10 other locations
9009,Crane Process Flow Technologies India,3.4,(123),Industrial Machinery,Pune +6 other locations
9010,Vital Laboratories,3.4,(123),Pharma,Vapi +8 other locations
9011,Suzlon Gujarat Wind Park,4.5,(123),Power,Bhuj +23 other locations
9012,TeamLease Staffing Solutions,3.3,(123),Internet,Bengaluru +34 other locations
9013,Midco,3.6,(123),Telecom,Mumbai +28 other locations
9014,Zupee,3.6,(124),Gaming,Gurugram +4 other locations
9015,Government Polytechnic Nagpur,3.8,(124),Education & Training,Pune +58 other locations
9016,Wicked Ride Adventures,4.1,(123),Internet,Bengaluru +8 other locations
9017,Gm Infinite Dwelling,3.2,(123),Real Estate,Bengaluru +2 other locations
9018,Isgec Hitachi Zosen,3.8,(123),Industrial Machinery,Bharuch +7 other locations
9019,Jaya Shree Textiles,3.8,(123),Fashion & Textile,Kolkata +8 other locations
9020,Performics,3.7,(123),Marketing & Advertising,Mumbai +5 other locations
9021,Petronet LNG,4.6,(123),Oil & Gas,Bharuch +7 other locations
9022,Skillventory,3.8,(123),Indore +10 other locations,N/A
9023,G.S.E.C,3.0,(123),Logistics,Ahmedabad +15 other locations
9024,Clinic Dermatech,3.1,(123),Beauty & Personal Care,New Delhi +14 other locations
9025,Modern Informatics,3.7,(123),IT Services & Consulting,Mumbai +21 other locations
9026,HIREXA SOLUTIONS,4.0,(123),IT Services & Consulting,Bengaluru +6 other locations
9027,Ufi Filters,3.9,(123),Auto Components,Bawal +11 other locations
9028,Pearl Organisation,3.4,(123),IT Services & Consulting,Dehradun +1 other locations
9029,Airworks,3.7,(123),Aviation,Hosur +11 other locations
9030,Basavatarakam Indo American Cancer Hospital Research Institute,4.3,(123),Healthcare,Hyderabad +7 other locations
9031,Mahindra Agri Solutions,3.7,(123),Agriculture,Mumbai +34 other locations
9032,Eidiko Systems Integrators,3.5,(123),IT Services & Consulting,Hyderabad +3 other locations
9033,Next Move Strategy Consulting,4.8,(123),Tinsukia +4 other locations,N/A
9034,Nice Software Solutions,2.8,(123),IT Services & Consulting,Pune +4 other locations
9035,Numbertree LLP,3.2,(123),Accounting & Auditing,New Delhi +9 other locations
9036,Chetak Logistics,3.0,(123),Logistics,New Delhi +17 other locations
9037,Dai Ichi,4.2,(123),Chemicals,Bharuch +9 other locations
9038,WonderBotz,3.9,(123),IT Services & Consulting,Bengaluru +15 other locations
9039,TSR Darashaw,3.4,(123),BPO,Mumbai +11 other locations
9040,NewVision Software & Consultancy,3.4,(123),IT Services & Consulting,Pune +5 other locations
9041,SOLITAIRE GROUP,3.6,(123),Engineering & Construction,Pune +9 other locations
9042,Jain Housing & Constructions,4.2,(123),Real Estate,Chennai +4 other locations
9043,FR8,3.9,(123),Internet,Chennai +24 other locations
9044,Claritus Management Consulting,4.2,(123),IT Services & Consulting,Noida +6 other locations
9045,Impulse,3.5,(123),IT Services & Consulting,Gurugram +13 other locations
9046,Fortune Business Insights,3.3,(123),Analytics & KPO,Pune +5 other locations
9047,Nice Software Solutions,2.8,(123),IT Services & Consulting,Pune +4 other locations
9048,Deqode,3.3,(123),IT Services & Consulting,Indore +3 other locations
9049,Galacon Infrastructure and Projects,3.4,(123),Engineering & Construction,Hyderabad +13 other locations
9050,YouGov,3.7,(123),Analytics & KPO,Mumbai +4 other locations
9051,Dharmaj Crop Guard,4.0,(123),Agro Chemicals,Ahmedabad +19 other locations
9052,Numbertree LLP,3.2,(123),Accounting & Auditing,New Delhi +9 other locations
9053,WonderBotz,3.9,(123),IT Services & Consulting,Bengaluru +15 other locations
9054,Tasmed,3.4,(123),Pharma,Chandigarh +34 other locations
9055,Prayagh Nutri Products,4.1,(123),Food Processing,Hyderabad +29 other locations
9056,Wipfli,3.5,(123),Accounting & Auditing,Bengaluru +4 other locations
9057,Regus,2.9,(123),Facility Management Services,Mumbai +22 other locations
9058,Novigo Solutions,3.9,(123),IT Services & Consulting,Mangaluru +8 other locations
9059,Getronics,4.3,(123),IT Services & Consulting,Bengaluru +12 other locations
9060,Novigo Solutions,3.9,(123),IT Services & Consulting,Mangaluru +8 other locations
9061,Regus,2.9,(123),Facility Management Services,Mumbai +22 other locations
9062,NewVision Software & Consultancy,3.4,(123),IT Services & Consulting,Pune +5 other locations
9063,Hombale Constructions and Estates,4.5,(123),Engineering & Construction,Bengaluru +6 other locations
9064,Synthimed Labs,3.7,(123),Pharma,Chandigarh +10 other locations
9065,Gemba Concepts,3.1,(123),Management Consulting,Bengaluru +3 other locations
9066,NEXA Service,4.1,(123),Automobile,Hyderabad +61 other locations
9067,PeopleStrong Technologies,3.4,(123),Software Product,Gurugram +7 other locations
9068,VRP Telematics,3.4,(123),Retail,New Delhi +18 other locations
9069,Shri Bhagwati Machines Pvt. Ltd.,3.8,(123),Industrial Machinery,Ajmer +12 other locations
9070,Sciative Solutions,3.9,(123),Software Product,Navi Mumbai +3 other locations
9071,Dewar's Garage,3.1,(123),Automobile,Kolkata
9072,Sfj Business Solutions,2.6,(123),IT Services & Consulting,Bengaluru +5 other locations
9073,SJS Enterprises,3.9,(122),Auto Components,Bengaluru +6 other locations
9074,Jse Engineering Private Limited,3.6,(122),Engineering & Construction,Chennai +9 other locations
9075,Sicagen,3.9,(122),Industrial Automation,Chennai +27 other locations
9076,Veoneer India,3.9,(122),Auto Components,Bengaluru +3 other locations
9077,Elysium Pharmaceuticals,3.3,(122),Pharma,Vadodara +4 other locations
9078,Paladion Networks,3.7,(122),Hardware & Networking,Bengaluru +5 other locations
9079,Ambit Collective,3.7,(122),Management Consulting,New Delhi +10 other locations
9080,PGEIN,3.5,(122),Accounting & Auditing,Chandigarh +3 other locations
9081,Smarter BIZ Technologies,3.1,(122),IT Services & Consulting,Bengaluru +14 other locations
9082,INTERPLEX,4.1,(122),Industrial Automation,Bengaluru +8 other locations
9083,The Heritage School,3.7,(122),Education & Training,New Delhi +14 other locations
9084,SJS Enterprises,3.9,(122),Auto Components,Bengaluru +6 other locations
9085,Jse Engineering Private Limited,3.6,(122),Engineering & Construction,Chennai +9 other locations
9086,Radiant Enterprise,3.7,(122),Furniture & Furnishing,Kolkata +38 other locations
9087,CL MICROMED,4.0,(122),Medical Equipment,New Delhi +19 other locations
9088,HirePro Consulting,3.6,(122),Software Product,Bengaluru +14 other locations
9089,Veoneer India,3.9,(122),Auto Components,Bengaluru +3 other locations
9090,D&H Sécheron Electrodes,3.9,(123),Industrial Machinery,Indore +26 other locations
9091,Sicagen,3.9,(122),Industrial Automation,Chennai +27 other locations
9092,Ambit Collective,3.7,(122),Management Consulting,New Delhi +10 other locations
9093,Paladion Networks,3.7,(122),Hardware & Networking,Bengaluru +5 other locations
9094,Hi-Tech Arai,3.7,(122),Auto Components,Madurai +10 other locations
9095,BHARAT TECHNO PLAST,3.7,(122),Auto Components,Ahmedabad +6 other locations
9096,Elysium Pharmaceuticals,3.3,(122),Pharma,Vadodara +4 other locations
9097,Electronica India Limited,4.6,(122),Pune +25 other locations,N/A
9098,Harsha Toyota,4.1,(122),Automobile,Chennai +8 other locations
9099,Adnet Global,2.9,(122),Animation & VFX,Mumbai +4 other locations
9100,TVS Next,3.6,(122),IT Services & Consulting,Chennai +4 other locations
9101,Everest Blowers & Vacuum Pumps,3.5,(122),Industrial Machinery,New Delhi +12 other locations
9102,Arvog,4.7,(122),Financial Services,Mumbai +35 other locations
9103,Anuhar Homes,3.3,(122),Real Estate,Hyderabad +4 other locations
9104,Storia Foods,3.7,(122),Beverage,Mumbai +31 other locations
9105,Platinum One,3.4,(122),BPO,Mumbai +8 other locations
9106,R.k.industries,3.7,(122),Industrial Machinery,Chennai +35 other locations
9107,Saboo RKS Motor,4.1,(122),Automobile,Hyderabad +12 other locations
9108,Falabella,3.1,(122),Retail,Bengaluru +4 other locations
9109,GO MO Group AB,4.1,(122),Marketing & Advertising,Pune
9110,TSS Consultancy,3.4,(122),IT Services & Consulting,Mumbai +10 other locations
9111,Vydehi Institute Of Medical Sciences And Research Centre,3.6,(122),Healthcare,Bengaluru +3 other locations
9112,S.R. Batliboi & Associates,3.0,(122),Accounting & Auditing,Bengaluru +13 other locations
9113,Panchayati Raj,3.4,(122),Government,Lucknow +63 other locations
9114,Local Company,4.0,(122),Real Estate,New Delhi +48 other locations
9115,Auriga Research,2.7,(122),Analytics & KPO,Bengaluru +11 other locations
9116,Cogeme Precision Parts,3.8,(122),Industrial Machinery,Pune +1 other locations
9117,NCL Veka,4.0,(122),Building Material,Hyderabad +23 other locations
9118,Adyar Ananda Bhavan Sweets,4.1,(122),Food Processing,Chennai +17 other locations
9119,Seth Anandram Jaipuria School,3.8,(122),Education & Training,Lucknow +18 other locations
9120,Alstone Manufacturing,4.1,(122),Building Material,New Delhi +25 other locations
9121,Honeywell Building Solutions,3.7,(122),Engineering & Construction,Pune +22 other locations
9122,Bounce,3.2,(122),Automobile,Bengaluru +13 other locations
9123,Oncospark India Private Limited,3.8,(122),Analytics & KPO,Chennai +4 other locations
9124,Vahdam India,4.1,(122),Beverage,Noida +6 other locations
9125,Government Of Tamilnadu,3.9,(122),Government,Chennai +27 other locations
9126,NGL Fine Chem,3.9,(122),Pharma,Mumbai +5 other locations
9127,Pharmalex,3.3,(122),Medical Equipment,Noida +8 other locations
9128,Mac Chem Products,3.0,(122),Pharma,Mumbai +7 other locations
9129,Cartrade.com,3.8,(122),Internet,Mumbai +20 other locations
9130,TRUGlobal,3.8,(122),IT Services & Consulting,Bengaluru +2 other locations
9131,Glory Global Solutions (south Asia),3.3,(122),IT Services & Consulting,Mumbai +19 other locations
9132,Sparkline Equipments,4.1,(122),Industrial Machinery,Pune +13 other locations
9133,Sonepar,4.2,(122),Other,Gurugram +17 other locations
9134,Unislink,2.8,(122),Healthcare,Hyderabad +1 other locations
9135,Pace IIT & Medical,3.2,(122),Education & Training,Mumbai +23 other locations
9136,ICG Medical,2.3,(122),Recruitment,Gurugram +3 other locations
9137,Petron Engineering Construction,4.4,(122),Engineering & Construction,Mumbai +27 other locations
9138,Oremus Corporate Services,3.9,(122),Financial Services,Hyderabad +3 other locations
9139,RouteMobile,3.5,(122),IT Services & Consulting,Mumbai +8 other locations
9140,Lighthouse Learning,3.4,(122),Mumbai +18 other locations,N/A
9141,Menzies Aviation Bobba,3.9,(122),Aviation,Bengaluru +6 other locations
9142,Chemtrols Industries,3.4,(121),Industrial Automation,Mumbai +21 other locations
9143,Maaden Phosphate Company,4.3,(121),Metals & Mining,Chennai +10 other locations
9144,Mumbai Metro One,4.0,(121),Urban Transport,Mumbai +5 other locations
9145,Wave Beverages,3.6,(121),Beverage,Amritsar +10 other locations
9146,MAHLE Holding (India),3.8,(121),Auto Components,Pune +3 other locations
9147,Viaante Business Solutions,3.0,(121),BPO,Mumbai +3 other locations
9148,Nimap Infotech,3.3,(121),IT Services & Consulting,Mumbai +3 other locations
9149,Rotary Engineering,4.1,(121),Oil & Gas,Chennai +13 other locations
9150,DQ Entertainment,3.3,(121),Animation & VFX,Hyderabad +3 other locations
9151,iLabz Technology,3.2,(121),Recruitment,Bengaluru +12 other locations
9152,Numero Uno Clothing,4.1,(122),Fashion & Textile,Gurugram +27 other locations
9153,Futures Group,4.6,(121),Retail,New Delhi +44 other locations
9154,Orient Blackswan,4.2,(121),Printing & Publishing,Hyderabad +24 other locations
9155,iPlace,3.7,(121),Pune +2 other locations,N/A
9156,GREEN POWER INTERNATIONAL,4.3,(121),Oil & Gas,Noida +25 other locations
9157,BACS HITECH ENGINEERING,3.2,(121),Engineering & Construction,Bhilai Nagar +36 other locations
9158,AFour Technologies,3.4,(121),IT Services & Consulting,Pune +2 other locations
9159,NirogStreet,2.9,(121),Internet,New Delhi +21 other locations
9160,South India Krishna Oil & Fat,4.3,(121),Oil & Gas,Nellore +6 other locations
9161,Information Evolution,3.4,(121),IT Services & Consulting,Coimbatore +4 other locations
9162,Nation with NaMo,2.6,(121),Non-Profit,New Delhi +16 other locations
9163,Sandip University,3.1,(121),Education & Training,Nashik +18 other locations
9164,Spl Infrastructure,4.0,(121),Engineering & Construction,Chennai +14 other locations
9165,JBF Industries,3.8,(121),Fashion & Textile,Dadra & Nagar Haveli +6 other locations
9166,Dhanuka Laboratories,3.7,(121),Pharma,Gurugram +9 other locations
9167,Saraswati Vidya Mandir,3.8,(121),Education & Training,New Delhi +57 other locations
9168,Vectone Mobile,1.7,(121),Telecom,Chennai +3 other locations
9169,AVASO Technology Solutions,3.3,(121),IT Services & Consulting,Sahibzada Ajit Singh Nagar +10 other locations
9170,Aditya Birla Renewables,3.9,(121),Power,Mumbai +26 other locations
9171,Interview Kickstart,3.8,(121),Education & Training,Bengaluru +1 other locations
9172,TekFriday Processing Solutions,3.5,(121),Financial Services,Hyderabad +1 other locations
9173,Vertoz,3.3,(121),Marketing & Advertising,Mumbai +7 other locations
9174,S10 Healthcare Solutions,3.7,(121),Fitness & Wellness,Chennai +4 other locations
9175,Maxvalue Credits & Investments,3.7,(121),NBFC,Thrissur +27 other locations
9176,Shore Infotech India,2.8,(121),IT Services & Consulting,Hyderabad +1 other locations
9177,Renishaw Metrology Systems Limited,4.1,(121),Industrial Automation,Pune +6 other locations
9178,Enerrgia Skyi Developers,4.3,(121),Real Estate,Pune
9179,REVA University,3.9,(121),Education & Training,Bengaluru +3 other locations
9180,EasyBuy Lifestyle,3.9,(121),Retail,Bengaluru +44 other locations
9181,Texport Syndicate India,3.8,(121),Fashion & Textile,Bengaluru +9 other locations
9182,Chinmaya Vidyalaya,3.9,(121),Education & Training,New Delhi +33 other locations
9183,SPS Hospitals,3.9,(121),Healthcare,Ludhiana +7 other locations
9184,Sri Sai Power and Equipments,3.7,(121),Industrial Machinery,Surat +24 other locations
9185,Paranjape Autocast,3.5,(121),Auto Components,Pune +5 other locations
9186,Bellfast Management,4.1,(121),Recruitment,Bengaluru +21 other locations
9187,Auxein Medical,3.3,(121),Medical Equipment,New Delhi +5 other locations
9188,Verificient Technologies,3.1,(121),Emerging Technologies,Pune +2 other locations
9189,Mawai Infotech,3.4,(121),IT Services & Consulting,Noida +6 other locations
9190,Tega McNally Minerals,2.9,(121),Industrial Machinery,Bengaluru +7 other locations
9191,Bilt,4.2,(121),Pulp & Paper,Yamunanagar +19 other locations
9192,Provab Technosoft,2.9,(121),IT Services & Consulting,Bengaluru +8 other locations
9193,Marc Laboratories,3.2,(121),Pharma,Lucknow +19 other locations
9194,Qseap Infotech,3.7,(121),IT Services & Consulting,Mumbai +6 other locations
9195,Dormakaba India,3.8,(121),Building Material,Chennai +24 other locations
9196,Input Zero Technologies,3.7,(121),Analytics & KPO,Bengaluru +7 other locations
9197,ElringKlinger AG,3.6,(121),Auto Components,Pune +5 other locations
9198,LS Cable,4.4,(121),Electrical Equipment,Gurugram +10 other locations
9199,Rocket Software,4.1,(121),IT Services & Consulting,Pune +6 other locations
9200,MSN,3.7,(121),Internet,Hyderabad +12 other locations
9201,Decision Minds,3.6,(121),IT Services & Consulting,Bengaluru +6 other locations
9202,AJ Hospital and Research Centre,3.6,(121),Healthcare,Mangaluru +8 other locations
9203,IMARC Group,3.3,(121),Analytics & KPO,New Delhi +5 other locations
9204,MyCar,4.0,(121),Automobile,Pune +16 other locations
9205,College Of Education,4.4,(121),Education & Training,Hyderabad +49 other locations
9206,Bankedge,4.0,(120),Education & Training,Mumbai +15 other locations
9207,Badafinance S&P Services,4.2,(120),Mumbai +1 other locations,N/A
9208,Amco Batteries,4.3,(120),Auto Components,Chennai +23 other locations
9209,ADNH Compass,4.3,(120),Hospitality,Abu Dhabi +8 other locations
9210,Government of Kerala,4.0,(120),Government,Thiruvananthapuram +23 other locations
9211,Government of Madhya Pradesh,3.9,(120),Government,Bhopal +49 other locations
9212,Customer Analytics,4.0,(120),IT Services & Consulting,Chennai +7 other locations
9213,ProProfs,4.0,(120),Software Product,Noida +3 other locations
9214,NexWave Talent Management Solutions,3.2,(120),Recruitment,Hyderabad +10 other locations
9215,MAHLE Engineering,3.9,(120),Pune +1 other locations,N/A
9216,Chumbak Design,3.4,(120),Retail,Bengaluru +22 other locations
9217,Nitin Spinners,4.4,(120),Fashion & Textile,Bhilwara +7 other locations
9218,BML Munjal University,4.0,(120),Education & Training,Gurugram +7 other locations
9219,Biomatrix Healthcare,3.6,(120),Ahmedabad +6 other locations,N/A
9220,Centuary Fibre Plates,4.2,(120),Furniture & Furnishing,Hyderabad +22 other locations
9221,Constantia Flexibles,4.0,(120),Packaging,Ahmedabad +13 other locations
9222,Nitin Spinners,4.4,(120),Fashion & Textile,Bhilwara +7 other locations
9223,BML Munjal University,4.0,(120),Education & Training,Gurugram +7 other locations
9224,Kyocera Document Solutions India,3.5,(120),Printing & Publishing,Gurugram +20 other locations
9225,NU Hospitals,3.9,(120),Healthcare,Bengaluru +5 other locations
9226,Biomatrix Healthcare,3.6,(120),Ahmedabad +6 other locations,N/A
9227,Chumbak Design,3.4,(120),Retail,Bengaluru +22 other locations
9228,Caterpillar Signs,3.4,(120),Printing & Publishing,Ahmedabad +5 other locations
9229,Creative Projects & Contracts,4.1,(120),Engineering & Construction,Jaipur +7 other locations
9230,Alter Domus,2.8,(120),Financial Services,Hyderabad +4 other locations
9231,91 Springboard Business Hub,3.9,(120),Real Estate,Bengaluru +12 other locations
9232,INDI IT SOLUTIONS,4.6,(120),IT Services & Consulting,Sahibzada Ajit Singh Nagar +1 other locations
9233,Covenant Consultants,4.0,(120),Recruitment,Chennai +5 other locations
9234,NGRT Systems Private Limited,3.5,(120),Retail,Nagpur +11 other locations
9235,Rippling,2.8,(120),Internet,Bengaluru +3 other locations
9236,Uttam Sugar Mills,3.9,(120),Food Processing,Roorkee +20 other locations
9237,La opala rg,3.7,(120),Retail,Sitarganj +17 other locations
9238,Terminal Technologies (i),4.2,(120),Telecom,Pune +10 other locations
9239,Gandour India Food Processing,4.2,(120),Food Processing,Hyderabad +27 other locations
9240,APPL Industries,3.6,(120),Chemicals,Pune +20 other locations
9241,POWERCON Ventures India,3.5,(120),Power,Pune +16 other locations
9242,Acsia Technologies,3.0,(120),Automobile,Thiruvananthapuram +4 other locations
9243,Consort Builders,4.4,(120),Real Estate,Chandigarh +14 other locations
9244,Noida International University,3.1,(120),Education & Training,Noida +6 other locations
9245,NASSCOM,3.3,(120),IT Services & Consulting,Noida +23 other locations
9246,Wildnet Technologies,4.5,(120),Marketing & Advertising,Noida +4 other locations
9247,HuntingCube Recruitment Solution,3.9,(120),Recruitment,Noida +3 other locations
9248,Reliable Spaces,2.6,(120),Real Estate,Mumbai +4 other locations
9249,Pipeline Infrastructure,4.1,(120),Oil & Gas,Mumbai +18 other locations
9250,BetterPlace Select,4.2,(120),Recruitment,Bengaluru +24 other locations
9251,Viswaat Chemicals,3.8,(120),Chemicals,Mumbai +11 other locations
9252,SKDRDP,4.3,(121),Non-Profit,Bengaluru +41 other locations
9253,AEREN IT Solutions,2.7,(120),Analytics & KPO,Chandigarh +10 other locations
9254,InfinityLabs,3.8,(120),IT Services & Consulting,Noida +11 other locations
9255,Neural IT,3.1,(120),Financial Services,Mumbai +3 other locations
9256,Mendine Pharmaceuticals,4.5,(120),Pharma,Kolkata +15 other locations
9257,Shiv Nadar University,4.2,(120),Education & Training,New Delhi +11 other locations
9258,The Hi-tech Robotic Systemz,3.9,(120),Emerging Technologies,Gurugram +11 other locations
9259,Yuto Printing and Packaging,3.4,(120),Packaging,Bengaluru +9 other locations
9260,Indiana Gratings,3.4,(120),Import & Export,Pune +6 other locations
9261,Grew Energy,4.2,(120),Power,Jaipur +13 other locations
9262,AL JABER GROUP,3.2,(120),Engineering & Construction,Abu Dhabi +13 other locations
9263,Sudisa Foundry,3.7,(120),Auto Components,Jamshedpur +6 other locations
9264,R M Chemicals,3.5,(120),FMCG,Baddi +11 other locations
9265,Bharatiya Vidya Bhavan,4.0,(120),Education & Training,Nagpur +34 other locations
9266,ERD Technologies,3.5,(120),Electronics Manufacturing,Noida +7 other locations
9267,Upland Software,4.7,(120),Software Product,Bengaluru
9268,Futuretech Factory One,4.5,(120),IT Services & Consulting,Pune
9269,ABB GISL,3.9,(120),Electrical Equipment,Bengaluru +8 other locations
9270,Detroit Engineered Products,3.3,(120),Software Product,Chennai +8 other locations
9271,Ampcus Tech,3.8,(120),Nashik +9 other locations,N/A
9272,Hipad Technology India,4.0,(119),Electronics Manufacturing,Noida +3 other locations
9273,Manipal Global Education Services,3.6,(119),Education & Training,Bengaluru +11 other locations
9274,Gateway Distriparks,3.5,(119),Logistics,New Delhi +14 other locations
9275,TDS Group,4.0,(119),Financial Services,New Delhi +45 other locations
9276,Government Polytechnic College,4.0,(119),Education & Training,Bengaluru +65 other locations
9277,Gadre Marine Export,3.6,(119),Food Processing,Ratnagiri +12 other locations
9278,Pride Technologies,3.4,(119),Recruitment,Chennai +6 other locations
9279,Rolex Rings,3.6,(119),Industrial Machinery,Rajkot +6 other locations
9280,Hidoc Dr,4.7,(120),Internet,Pune +2 other locations
9281,Rolex Rings,3.6,(119),Industrial Machinery,Rajkot +6 other locations
9282,Eben Telecom,3.9,(119),Telecom,Kochi +7 other locations
9283,Gandhar Oil Refinery India,3.3,(119),Oil & Gas,Mumbai +23 other locations
9284,Integral University,3.6,(119),Education & Training,Lucknow +7 other locations
9285,Suhail Bahwan Automobiles,4.5,(119),Auto Components,Muscat +10 other locations
9286,Anna University,4.0,(119),Education & Training,Chennai +15 other locations
9287,inTarvo Technologies,4.4,(119),BPO,Noida +16 other locations
9288,DAS Offshore Engineering,3.8,(119),Industrial Machinery,Mumbai +6 other locations
9289,Advance Decorative Laminates Private Limited,4.3,(119),Building Material,Hapur +35 other locations
9290,TM International Logistics,3.7,(119),Logistics,Kolkata +21 other locations
9291,Guardian Healthcare Services,3.8,(119),Fitness & Wellness,New Delhi +15 other locations
9292,Ador Powertron,3.7,(119),Electrical Equipment,Pune +8 other locations
9293,Smpp,3.6,(119),Defence & Aerospace,New Delhi +6 other locations
9294,The Web Plant,2.8,(119),IT Services & Consulting,New Delhi +4 other locations
9295,Zeomega Infotech,3.6,(119),IT Services & Consulting,Bengaluru +2 other locations
9296,Bird Group,3.0,(119),Aviation,New Delhi +13 other locations
9297,Dubai Electricity & Water Authority (DEWA),3.4,(119),Power,Dubai +7 other locations
9298,Josh Software,3.0,(119),IT Services & Consulting,Pune +2 other locations
9299,HWASHIN Automotive,3.7,(119),Auto Components,Chennai +4 other locations
9300,Travclan Technology India,3.5,(119),Travel & Tourism,New Delhi +3 other locations
9301,Bernhard Schulte Shipmanagement,4.2,(119),Ports & Shipping,Mumbai +6 other locations
9302,Sentini,3.5,(119),Vijayawada +16 other locations,N/A
9303,Kpn Farm Fresh,3.7,(119),Internet,Chennai +8 other locations
9304,Indus International School,3.4,(119),Education & Training,Bengaluru +10 other locations
9305,Core Energy Systems Limited,3.8,(119),Defence & Aerospace,Mumbai +19 other locations
9306,Affordable Robotic and Automation,2.8,(119),IT Services & Consulting,Pune +6 other locations
9307,Twin Health,2.9,(119),Healthcare,Bengaluru +8 other locations
9308,SAIL Bokaro Steel Plant,4.0,(119),Iron & Steel,Bokaro +12 other locations
9309,BEKEM Infra Projects,3.7,(119),Engineering & Construction,Hyderabad +20 other locations
9310,Entra Solutions,3.4,(119),Financial Services,Gurugram +5 other locations
9311,Ministry of Rural Development India,3.7,(119),Government,New Delhi +60 other locations
9312,PSRI Hospital,3.9,(119),Healthcare,New Delhi +3 other locations
9313,HERO ECOTECH,3.7,(119),Automobile,Ludhiana +6 other locations
9314,Shri Venkateshwara University,3.8,(119),Education & Training,New Delhi +19 other locations
9315,Woxsen University,3.2,(119),Hyderabad +6 other locations,N/A
9316,Union Mutual Fund,3.4,(119),Financial Services,Mumbai +46 other locations
9317,Mani Group,3.5,(119),Real Estate,Kolkata +6 other locations
9318,ACPL Systems,3.4,(119),Law Enforcement & Security,Gurugram +15 other locations
9319,Kanan International,2.6,(119),Internet,Vadodara +13 other locations
9320,Rds Project,3.5,(119),Real Estate,New Delhi +20 other locations
9321,InSemi Technology Services,3.8,(119),Semiconductors,Bengaluru +5 other locations
9322,Raj Process Equipments And System,3.8,(119),Industrial Machinery,Pune +9 other locations
9323,GD Goenka International School,3.2,(119),Surat +16 other locations,N/A
9324,Arki Techno Consultants,2.8,(119),Engineering & Construction,Bhubaneswar +23 other locations
9325,Kcm Appliances,3.6,(119),Consumer Electronics & Appliances,Bengaluru +20 other locations
9326,Intech Creative Services,3.7,(119),IT Services & Consulting,Gandhinagar +7 other locations
9327,Ksk Energy Ventures,4.5,(119),Oil & Gas,Hyderabad +16 other locations
9328,Prose Technologies,4.0,(119),Pune +31 other locations,N/A
9329,Shj International,4.4,(120),IT Services & Consulting,Indore +2 other locations
9330,Absolutelabs,4.3,(119),IT Services & Consulting,Hyderabad +3 other locations
9331,TEXILA AMERICAN UNIVERSITY,4.1,(119),Education & Training,Coimbatore +8 other locations
9332,Ars Steels,3.6,(120),Iron & Steel,Chennai +16 other locations
9333,Felix Hospital,3.4,(119),Healthcare,Noida +3 other locations
9334,Acme Industries,4.0,(118),Guwahati +10 other locations,N/A
9335,Finolex Plasson Industries,4.1,(118),Industrial Machinery,Pune +47 other locations
9336,HP Global e-Business Operations,4.2,(118),BPO,Bengaluru +5 other locations
9337,Appventurez,3.0,(118),IT Services & Consulting,Noida +5 other locations
9338,Cybernetik Technologies,4.1,(118),Industrial Automation,Pune +7 other locations
9339,Wockhardt Biotech Park,3.9,(118),Pharma,Chhatrapati Sambhajinagar +3 other locations
9340,Mindspace Outsourcing Services,3.8,(118),Jaipur +1 other locations,N/A
9341,Citi Style,4.2,(118),Retail,Kolkata +15 other locations
9342,Vistaprint,3.6,(118),Internet,Mumbai +9 other locations
9343,HP Global e-Business Operations,4.2,(118),BPO,Bengaluru +5 other locations
9344,Appventurez,3.0,(118),IT Services & Consulting,Noida +5 other locations
9345,iB Hubs,4.1,(118),IT Services & Consulting,Kurnool +7 other locations
9346,Finolex Plasson Industries,4.1,(118),Industrial Machinery,Pune +47 other locations
9347,Wockhardt Biotech Park,3.9,(118),Pharma,Chhatrapati Sambhajinagar +3 other locations
9348,Municipal Corporation of Greater Mumbai,3.6,(118),Government,Mumbai +2 other locations
9349,Keltron,4.2,(118),Electronics Manufacturing,Thiruvananthapuram +16 other locations
9350,Cybernetik Technologies,4.1,(118),Industrial Automation,Pune +7 other locations
9351,Sarens Heavy Lift India,3.7,(118),Industrial Machinery,New Delhi +12 other locations
9352,Insighte,3.9,(118),Healthcare,Bengaluru +3 other locations
9353,Edukyu,3.9,(118),EdTech,Noida +4 other locations
9354,Lincoln Electric,3.9,(118),Electrical Equipment,Chennai +3 other locations
9355,Centric Consulting,3.5,(118),IT Services & Consulting,Gurugram +2 other locations
9356,Mobikasa,3.9,(118),IT Services & Consulting,New Delhi +4 other locations
9357,My Engineering Buddy,4.7,(118),Education & Training,Bengaluru +3 other locations
9358,SAAB ENGINEERING,4.2,(118),Auto Components,Bengaluru +4 other locations
9359,KTM,3.7,(118),Automobile,Pune +58 other locations
9360,Accuster Technologies,2.1,(118),Healthcare,New Delhi +6 other locations
9361,Ayushman Hospital & Health Services,3.8,(118),Healthcare,New Delhi +14 other locations
9362,Netxcell,3.2,(118),Telecom,Hyderabad +11 other locations
9363,Alchemist Hospital,4.2,(118),Healthcare,Chandigarh +10 other locations
9364,Affordplan,3.0,(118),FinTech,Gurugram +16 other locations
9365,The Digital Group Infotech,3.5,(118),IT Services & Consulting,Pune +2 other locations
9366,Geekyants Software,3.4,(118),IT Services & Consulting,Bengaluru +4 other locations
9367,IBN Technologies,3.6,(118),Financial Services,Pune +4 other locations
9368,Kamal Ced Solution,4.2,(118),Gurugram +14 other locations,N/A
9369,Ramkrishna Care Hospital,3.5,(118),Healthcare,Raipur +11 other locations
9370,Br.CAT International,3.8,(118),Oil & Gas,Dammam +11 other locations
9371,ams OSRAM,3.3,(118),Electronics Manufacturing,Bengaluru +22 other locations
9372,IndiQube,4.1,(118),Real Estate,Bengaluru +6 other locations
9373,Jeeva Organic,3.7,(118),Pharma,Bhubaneswar +6 other locations
9374,Bharat Intern,3.9,(118),Hyderabad +23 other locations,N/A
9375,Gram Panchayat,4.2,(118),Government,Pune +52 other locations
9376,Wizertech Informatics,4.2,(118),IT Services & Consulting,Kolkata +15 other locations
9377,Creative Info-link,2.6,(118),IT Services & Consulting,Pune +24 other locations
9378,MSP Group,3.9,(118),Raigarh +13 other locations,N/A
9379,Tecosim Engineering Services,3.3,(118),Industrial Machinery,Bengaluru +3 other locations
9380,National Public School,3.6,(118),Education & Training,Bengaluru +15 other locations
9381,Ghodawat Consumer Products,3.3,(118),FMCG,Kolhapur +13 other locations
9382,Net Business Solutions,3.7,(118),IT Services & Consulting,Mumbai +24 other locations
9383,KLC CONSTRUCTION,3.8,(118),Engineering & Construction,Hyderabad +7 other locations
9384,Glance,3.3,(118),Internet,Bengaluru +3 other locations
9385,BeeperMD,3.8,(118),Chandigarh +4 other locations,N/A
9386,GlobalHunt,3.7,(118),Recruitment,New Delhi +12 other locations
9387,BAPS Shastriji Maharaj Hospital,4.4,(118),Healthcare,Vadodara +2 other locations
9388,Govt of Karnataka,3.8,(118),Government,Bengaluru +32 other locations
9389,CoreEL Technologies,3.8,(118),Electronics Manufacturing,Bengaluru +6 other locations
9390,Artson Engineering,4.0,(118),Engineering & Construction,Hyderabad +22 other locations
9391,Steelcase Asia Pacific Holdings India,3.6,(118),Furniture & Furnishing,Pune +9 other locations
9392,Sobha Projects and Trade,4.1,(118),Engineering & Construction,Bengaluru +11 other locations
9393,Nagravision,3.6,(118),IT Services & Consulting,Bengaluru +4 other locations
9394,Reliance Broadcast Network,3.5,(118),Broadcasting,Mumbai +33 other locations
9395,Brahmaputra Cracker and Polymer,4.4,(118),Dibrugarh +17 other locations,N/A
9396,Ingenuity Gaming,2.8,(118),Food Processing,Noida +6 other locations
9397,Ahlcon Parenterals,4.6,(118),Pharma,Bhiwadi +6 other locations
9398,Nissan Digital,3.5,(118),IT Services & Consulting,Thiruvananthapuram +3 other locations
9399,Drip Capital,3.5,(118),FinTech,Mumbai +4 other locations
9400,Saarloha Advanced Materials,3.3,(118),Iron & Steel,Pune +5 other locations
9401,bluCognition,3.1,(119),IT Services & Consulting,Pune +1 other locations
9402,Biyani Technologies,3.9,(118),Software Product,Kolhapur +5 other locations
9403,Daloopa,3.3,(118),Software Product,Noida +3 other locations
9404,Bridgenext,3.5,(118),IT Services & Consulting,Pune +1 other locations
9405,Zenith Industrial Rubber Products,3.6,(118),Petrochemicals,Mumbai +14 other locations
9406,Acme Services,4.3,(118),Recruitment,Mumbai +7 other locations
9407,Site Engineering,4.2,(118),Engineering & Construction,Chennai +41 other locations
9408,Finulent Solutions,4.0,(118),Power,Mumbai +7 other locations
9409,RD Public School,3.9,(118),Education & Training,Betul +18 other locations
9410,Infotree Global Solutions,3.5,(118),Recruitment,Jammu +10 other locations
9411,Lyka Labs,3.8,(118),Pharma,Ankleshwar +16 other locations
9412,Dexian DISYS,3.3,(118),IT Services & Consulting,Chennai +9 other locations
9413,Pratian Technologies,2.4,(117),IT Services & Consulting,Bengaluru +5 other locations
9414,Oxigen Services,4.4,(117),FinTech,Gurugram +28 other locations
9415,TAM Media Research,3.8,(117),Analytics & KPO,Vadodara +12 other locations
9416,Mitratech,3.7,(117),Software Product,Hyderabad +3 other locations
9417,BITS Pilani,3.8,(117),Education & Training,Hyderabad +21 other locations
9418,Rhydburg Pharmaceuticals,2.7,(117),Pharma,Dehradun +5 other locations
9419,Iswarya Fertility Centre,3.1,(117),Healthcare,Chennai +26 other locations
9420,Rajasthan Antibiotics,3.5,(117),Pharma,Bhiwadi +9 other locations
9421,Telecomone Teleservices,4.0,(117),Telecom,Bengaluru +28 other locations
9422,BITS Pilani,3.8,(117),Education & Training,Hyderabad +21 other locations
9423,Mitratech,3.7,(117),Software Product,Hyderabad +3 other locations
9424,SunSource Energy,4.4,(117),Power,Noida +14 other locations
9425,Wealth Clinic,3.0,(117),Real Estate,Noida +6 other locations
9426,Success Pact Consulting,3.9,(117),Recruitment,Noida +4 other locations
9427,Quadlabs Technologies,3.2,(117),Software Product,Gurugram +3 other locations
9428,Patanjali Parivahan,3.7,(117),Logistics,Haridwar +29 other locations
9429,JK Organisation,3.9,(117),Auto Components,New Delhi +31 other locations
9430,Railrestro.com,4.4,(117),Internet,Patna +2 other locations
9431,IMA-PG,3.7,(117),Medical Equipment,Mumbai +9 other locations
9432,Trimed Solutions India,3.6,(117),Medical Equipment,Hyderabad +11 other locations
9433,M.P. State Electronics Development Corporation,3.6,(117),Bhopal +9 other locations,N/A
9434,Epicu Agro Products,3.2,(117),Food Processing,Ambala +24 other locations
9435,Biomerieux,3.2,(117),Biotechnology,New Delhi +16 other locations
9436,SDG Software,3.8,(117),IT Services & Consulting,Noida +5 other locations
9437,Galaxy Toyota,3.3,(117),Automobile,New Delhi +2 other locations
9438,Pena4 Tech Solutions,4.1,(117),IT Services & Consulting,Visakhapatnam +1 other locations
9439,JMD Group,3.9,(117),Real Estate,Gurugram +26 other locations
9440,Galaxy Toyota,3.3,(117),Automobile,New Delhi +2 other locations
9441,SDG Software,3.8,(117),IT Services & Consulting,Noida +5 other locations
9442,Pena4 Tech Solutions,4.1,(117),IT Services & Consulting,Visakhapatnam +1 other locations
9443,Spack Automotives,3.3,(117),Greater Noida +11 other locations,N/A
9444,Go-Jek,3.7,(117),Financial Services,Bengaluru +6 other locations
9445,Veena world,3.9,(117),Travel & Tourism,Mumbai +10 other locations
9446,Walkin Manpower Solution,4.4,(117),New Delhi +3 other locations,N/A
9447,TopSource,3.7,(117),Other,Pune +2 other locations
9448,AGI Greenpac,3.8,(117),Packaging,Hyderabad +6 other locations
9449,Highly Electrical Appliances India,3.5,(117),Electrical Equipment,Ahmedabad +6 other locations
9450,IBCC Industries,4.0,(117),Ahmedabad +13 other locations,N/A
9451,PNG Jewellers,4.5,(117),Jewellery,Pune +23 other locations
9452,Nova Techset,3.3,(117),Printing & Publishing,Chennai +4 other locations
9453,GOURMET INVESTMENTS,4.0,(117),Hospitality,Mumbai +10 other locations
9454,Stratogent Technology Services,3.0,(117),IT Services & Consulting,Bengaluru +2 other locations
9455,Abhyudaya Co-operative Bank,3.8,(117),Banking,Mumbai +12 other locations
9456,Faze Three,3.5,(117),Fashion & Textile,Dadra & Nagar Haveli +11 other locations
9457,Kun Hyundai,3.9,(117),Automobile,Chennai +10 other locations
9458,The AEC Associates,4.4,(117),Engineering & Construction,Noida +3 other locations
9459,TRACKS AND TOWERS INFRATECH,4.0,(117),Engineering & Construction,Hyderabad +23 other locations
9460,Colorshine Coated,3.9,(116),Iron & Steel,Gudur +11 other locations
9461,MPOnline,3.1,(117),IT Services & Consulting,Bhopal +14 other locations
9462,TableSpace Technologies,3.1,(117),Real Estate,Bengaluru +8 other locations
9463,Golcha Associated Group,3.8,(117),Metals & Mining,Udaipur +13 other locations
9464,Haridwar University,4.5,(117),Education & Training,Roorkee +2 other locations
9465,Kale Logistics Solutions,3.1,(118),Software Product,Mumbai +10 other locations
9466,Vasu Chemicals,3.9,(117),Waste Management,Mumbai +33 other locations
9467,Sterling E-Mobility Solutions,3.6,(117),Auto Components,Faridabad +5 other locations
9468,Velan Info Services,3.3,(117),IT Services & Consulting,Coimbatore +2 other locations
9469,SEPC Limited,4.2,(117),Oil & Gas,Chennai +19 other locations
9470,Jamkash Vehicleades,3.3,(117),Automobile,Jammu +12 other locations
9471,Mahabal Group of Industries,3.7,(117),Auto Components,Sangli +7 other locations
9472,Marc Enterprises,3.5,(119),Electronics Manufacturing,New Delhi +10 other locations
9473,Sher-I-Kashmir Institute of Medical Sciences,4.2,(117),Healthcare,Srinagar +5 other locations
9474,Belden,3.6,(117),Industrial Machinery,Pune +8 other locations
9475,Nirmaan Organization,3.6,(117),Financial Services,Hyderabad +17 other locations
9476,Featherlite,3.3,(117),Furniture & Furnishing,Bengaluru +12 other locations
9477,Windals Precision,3.5,(117),Auto Components,Pune +5 other locations
9478,Shiv Enterprises,3.8,(117),Recruitment,New Delhi +44 other locations
9479,Anko,4.5,(117),Retail,Bengaluru +3 other locations
9480,Highly Electrical Appliances India,3.5,(117),Electrical Equipment,Ahmedabad +6 other locations
9481,Seven Seas Hotel,2.9,(117),Hospitality,New Delhi +4 other locations
9482,Colorshine Coated,3.9,(116),Iron & Steel,Gudur +11 other locations
9483,Golcha Associated Group,3.8,(117),Metals & Mining,Udaipur +13 other locations
9484,Apollo Global Management,3.2,(116),Banking,Mumbai +7 other locations
9485,MPOnline,3.1,(117),IT Services & Consulting,Bhopal +14 other locations
9486,TableSpace Technologies,3.1,(117),Real Estate,Bengaluru +8 other locations
9487,ITDOSE INFOSYSTEMS,3.2,(117),IT Services & Consulting,Noida +6 other locations
9488,First Quantum Minerals,4.2,(116),Metals & Mining,Lusaka +2 other locations
9489,PaywithRING,4.2,(116),FinTech,Mumbai +22 other locations
9490,Dream India Schools,3.7,(116),Education & Training,Lucknow +39 other locations
9491,Durovalves India,3.3,(116),Auto Components,Chhatrapati Sambhajinagar +3 other locations
9492,Encore Healthcare,3.6,(116),Pharma,Chhatrapati Sambhajinagar +12 other locations
9493,GGK Technologies,3.8,(116),IT Services & Consulting,Hyderabad +2 other locations
9494,Radiant Polymers,4.1,(116),Petrochemicals,Ahmedabad +15 other locations
9495,Securitrans India,4.0,(116),Financial Services,New Delhi +42 other locations
9496,Forever 21,3.7,(116),Fashion & Textile,New Delhi +24 other locations
9497,Hamad Medical Corporation,4.0,(116),Healthcare,Doha +6 other locations
9498,Strabag,4.1,(116),Engineering & Construction,New Delhi +14 other locations
9499,Simeio Solutions,3.7,(116),IT Services & Consulting,Bengaluru +5 other locations
9500,Strabag,4.1,(116),Engineering & Construction,New Delhi +14 other locations
9501,Radiant Polymers,4.1,(116),Petrochemicals,Ahmedabad +15 other locations
9502,Securitrans India,4.0,(116),Financial Services,New Delhi +42 other locations
9503,RNS Motors,3.4,(116),Automobile,Bengaluru +10 other locations
9504,Simeio Solutions,3.7,(116),IT Services & Consulting,Bengaluru +5 other locations
9505,Seeh Al Sarya Engineering,3.8,(116),Oil & Gas,Muscat +10 other locations
9506,MAMTA Health Institute for Mother and child,4.2,(116),Healthcare,New Delhi +40 other locations
9507,Derewala Jewellery Industries,3.5,(116),Jewellery,Jaipur +2 other locations
9508,IND-SPHINX PRECISION,4.2,(116),Industrial Machinery,Solan +5 other locations
9509,Maybright Ventures,3.5,(116),FinTech,Kolkata +2 other locations
9510,Dream India Schools,3.7,(116),Education & Training,Lucknow +39 other locations
9511,Grohe,4.1,(116),Architecture & Interior Design,Gurugram +34 other locations
9512,T.R. Sawhney Motors,3.8,(117),Automobile,New Delhi +18 other locations
9513,Presto Stantest,4.0,(116),Industrial Machinery,Faridabad +6 other locations
9514,Hotel Sahara Star,3.9,(116),Hospitality,Mumbai +4 other locations
9515,Central Electronics,3.8,(116),Government,Ghaziabad +8 other locations
9516,Medsource Ozone Biomedicals,3.4,(117),Pharma,Faridabad +25 other locations
9517,Lexmark International,3.9,(116),IT Services & Consulting,Kolkata +3 other locations
9518,CNK & Associates,3.3,(117),Accounting & Auditing,Mumbai +9 other locations
9519,Tecno Mobile,3.8,(116),Consumer Electronics & Appliances,Noida +58 other locations
9520,Room to Read,3.7,(116),Non-Profit,New Delhi +25 other locations
9521,Vaibhav Plasto Printing & Packaging,4.1,(116),Packaging,Nagpur +1 other locations
9522,Beetel Teletech,3.7,(116),Telecom,Gurugram +19 other locations
9523,Rotomaker,3.6,(116),Animation & VFX,Hyderabad +6 other locations
9524,Tolaram Group,4.1,(116),FMCG,Lagos +8 other locations
9525,Agilisium,3.0,(116),IT Services & Consulting,Chennai +4 other locations
9526,NDTV Network,3.2,(116),Broadcasting,New Delhi +8 other locations
9527,RED CHIEF,3.9,(116),Retail,Kanpur +41 other locations
9528,Scorg International,3.4,(116),Recruitment,Bengaluru +6 other locations
9529,Chemco Plastic Industries Private Limited,4.5,(117),Petrochemicals,Mumbai +7 other locations
9530,Pixis,3.7,(116),Internet,Bengaluru +3 other locations
9531,Waah Jobs,4.2,(116),Internet,Mumbai +18 other locations
9532,Bajaj Allianz Staffing Solutions,3.7,(116),Recruitment,Pune +39 other locations
9533,Finicity,3.6,(116),Financial Services,Mumbai +3 other locations
9534,Lansum Properties,4.0,(116),Real Estate,Hyderabad +2 other locations
9535,Markem Imaje,3.7,(116),Industrial Automation,Bhiwadi +21 other locations
9536,Techversant Infotech,3.5,(116),IT Services & Consulting,Thiruvananthapuram +4 other locations
9537,Mavrix,3.4,(116),Analytics & KPO,Ahmedabad +7 other locations
9538,iXceed Solutions,4.0,(116),Recruitment,Noida +2 other locations
9539,National Dairy Development Board,3.9,(116),Food Processing,Anand +23 other locations
9540,ERGO Technology & Services,3.4,(117),IT Services & Consulting,Mumbai +4 other locations
9541,Bioplus Life Sciences,3.5,(116),Pharma,Bengaluru +5 other locations
9542,Skanray Technologies,2.6,(116),Medical Equipment,Mysuru +18 other locations
9543,Privi Life Sciences,3.5,(116),Agriculture,Mumbai +26 other locations
9544,Pickyourtrail,3.1,(116),Travel & Tourism,Chennai +7 other locations
9545,Kaplan,4.1,(117),EdTech,Bengaluru +7 other locations
9546,Tupperware,3.6,(116),Retail,Dehradun +17 other locations
9547,Teaching at home,4.4,(116),Design,New Delhi +39 other locations
9548,Infomerica,3.3,(116),IT Services & Consulting,Hyderabad +4 other locations
9549,6Sense,3.5,(116),Software Product,Bengaluru +2 other locations
9550,Shindengen,3.7,(116),Semiconductors,Bengaluru +4 other locations
9551,Archies,3.3,(116),Retail,New Delhi +25 other locations
9552,VST Motors,3.8,(116),Automobile,Chennai +17 other locations
9553,Stallion Laboratories,3.2,(116),Pharma,Ahmedabad +6 other locations
9554,BramhaCorp,3.5,(116),Real Estate,Pune +3 other locations
9555,Trend Technologies,3.9,(116),Pune +2 other locations,N/A
9556,R K Construction,4.1,(116),Engineering & Construction,Jamshedpur +42 other locations
9557,Netradyne Technology,3.1,(116),Software Product,Bengaluru +4 other locations
9558,Axis Risk Consulting Services,3.4,(116),Gurugram +12 other locations,N/A
9559,Anand Mando E-Mobility,3.8,(116),Bhiwadi +10 other locations,N/A
9560,Ediglobe,3.7,(116),EdTech,Bengaluru +6 other locations
9561,Quadrafort Technologies,3.5,(116),IT Services & Consulting,Noida +6 other locations
9562,Gram Tarang Employability Training Services,3.8,(116),Recruitment,Bhubaneswar +27 other locations
9563,Palsons Derma,3.0,(116),Fitness & Wellness,Kolkata +18 other locations
9564,Paradigm IT,3.5,(116),IT Services & Consulting,Hyderabad +25 other locations
9565,Relinns Technologies,4.5,(116),IT Services & Consulting,Sahibzada Ajit Singh Nagar +4 other locations
9566,Advanz Pharma,4.0,(116),Pharma,Mumbai +3 other locations
9567,The Walt Disney Company,4.2,(116),Media & Entertainment,Mumbai +15 other locations
9568,SAP Ariba,3.6,(116),Software Product,Bengaluru +4 other locations
9569,DY Patil University,3.5,(116),Education & Training,Pune +11 other locations
9570,Oxane Partners,3.2,(116),Financial Services,Gurugram +2 other locations
9571,Han River Technology,3.4,(115),IT Services & Consulting,Kolkata +3 other locations
9572,Hard Rock Cafe,4.4,(115),Hospitality,Bengaluru +16 other locations
9573,Citizens Specialty Hospital,4.3,(115),Healthcare,Hyderabad +8 other locations
9574,Nirmiti Precision,3.5,(115),Electronics Manufacturing,Nashik +8 other locations
9575,SCOPE T&M,3.5,(115),Import & Export,Pune +11 other locations
9576,Coastal Projects,3.9,(115),Engineering & Construction,Hyderabad +17 other locations
9577,Choksi Laboratories,2.7,(115),Pharma,Indore +7 other locations
9578,NICE Actimize,3.3,(115),IT Services & Consulting,Pune +2 other locations
9579,Ujaas Energy,3.4,(115),Power,Indore +17 other locations
9580,SONATRACH,3.5,(115),Oil & Gas,New Delhi +3 other locations
9581,Piscesia Power Transmission,4.5,(115),Power,Noida +7 other locations
9582,Glowlogics Solutions,4.3,(115),Bengaluru +5 other locations,N/A
9583,SKM Animal Feeds and Foods,3.3,(115),Food Processing,Erode +25 other locations
9584,AGC Networks,3.1,(115),IT Services & Consulting,Mumbai +13 other locations
9585,Saudi Arabian Airlines,4.0,(115),Aviation,Mumbai +17 other locations
9586,Orient Fashions,3.9,(115),Fashion & Textile,New Delhi +5 other locations
9587,Parsvnath Developers,2.4,(115),Real Estate,New Delhi +10 other locations
9588,RETAIL HUB SOLUTIONS,4.3,(115),Retail,Mumbai +38 other locations
9589,Khosla Profil Private Limited,3.4,(115),Fashion & Textile,Mumbai +8 other locations
9590,Shaze Luxury Retail,4.1,(115),Retail,Mumbai +14 other locations
9591,Vibrant Infocom,2.6,(115),Other,Kolkata +6 other locations
9592,Oswal Woollen Mills,4.0,(115),Fashion & Textile,Ludhiana +6 other locations
9593,Logicash,3.7,(115),Financial Services,Mumbai +27 other locations
9594,Techjays,4.3,(115),IT Services & Consulting,Coimbatore +2 other locations
9595,New Horizon College of Engineering,3.6,(115),Education & Training,Bengaluru +2 other locations
9596,Diversey India Hygiene,3.9,(115),Mumbai +25 other locations,N/A
9597,Vinsys IT Services India Limited,3.1,(115),Education & Training,Pune +5 other locations
9598,Minda Silca Engineering,4.0,(115),Industrial Automation,Greater Noida +6 other locations
9599,Stridely Solutions,3.1,(115),IT Services & Consulting,Ahmedabad +2 other locations
9600,Freshers Universe,4.2,(115),IT Services & Consulting,Bengaluru +24 other locations
9601,Oriental Rubber Industries,3.2,(115),Petrochemicals,Pune +6 other locations
9602,Driver Logistics,4.2,(115),Logistics,Bengaluru +23 other locations
9603,Gurit India,4.0,(115),Internet,Chennai +8 other locations
9604,Avantel,3.7,(115),Hardware & Networking,Visakhapatnam +5 other locations
9605,India Ratings & Research,3.6,(115),Financial Services,Mumbai +12 other locations
9606,NICE Actimize,3.3,(115),IT Services & Consulting,Pune +2 other locations
9607,Parekh Group,3.8,(115),Logistics,Mumbai +26 other locations
9608,SoftProdigy System Solutions,3.7,(115),IT Services & Consulting,Sahibzada Ajit Singh Nagar +1 other locations
9609,Srmb Steel,3.5,(116),Iron & Steel,Kolkata +22 other locations
9610,ATS Group,4.1,(115),Engineering & Construction,Pune +14 other locations
9611,Coldex Logistics,3.2,(115),Logistics,New Delhi +16 other locations
9612,TEJRAJ PROMOTERS & BUILDERS,4.4,(115),Real Estate,Pune +1 other locations
9613,Vinsys IT Services India Limited,3.1,(115),Education & Training,Pune +5 other locations
9614,DentalKart,3.1,(115),Internet,New Delhi +10 other locations
9615,21K School,3.4,(115),EdTech,Bengaluru +9 other locations
9616,PVR PROJECTS,3.5,(115),Engineering & Construction,Hyderabad +11 other locations
9617,Revv,3.9,(115),Internet,Gurugram +19 other locations
9618,Velvex,3.7,(115),Pune +33 other locations,N/A
9619,Snapwork Technologies,3.0,(115),IT Services & Consulting,Mumbai +4 other locations
9620,Avantel,3.7,(115),Hardware & Networking,Visakhapatnam +5 other locations
9621,India Ratings & Research,3.6,(115),Financial Services,Mumbai +12 other locations
9622,Oriental Rubber Industries,3.2,(115),Petrochemicals,Pune +6 other locations
9623,Finnew Solutions,4.2,(115),FinTech,Bengaluru +30 other locations
9624,Gurit India,4.0,(115),Internet,Chennai +8 other locations
9625,Driver Logistics,4.2,(115),Logistics,Bengaluru +23 other locations
9626,SoftProdigy System Solutions,3.7,(115),IT Services & Consulting,Sahibzada Ajit Singh Nagar +1 other locations
9627,Indus Health Plus,3.5,(115),Fitness & Wellness,Pune +17 other locations
9628,PhillipCapital,3.4,(115),Financial Services,Mumbai +8 other locations
9629,Jagannath Gupta Institute of Medical Sciences & Hospital,3.4,(115),Healthcare,Kolkata +5 other locations
9630,Madhu Silica,3.8,(115),Metals & Mining,Bhavnagar +1 other locations
9631,TEJRAJ PROMOTERS & BUILDERS,4.4,(115),Real Estate,Pune +1 other locations
9632,Ocube Services,2.9,(115),BPO,Noida +4 other locations
9633,ATS Group,4.1,(115),Engineering & Construction,Pune +14 other locations
9634,Learnbay,3.8,(115),Bengaluru +3 other locations,N/A
9635,Pinnacle Life Science,3.6,(115),Baddi +7 other locations,N/A
9636,Shreeja Mahila Milk Producer Company,4.2,(115),Food Processing,Tirupati +18 other locations
9637,Quampetence Business Solutions,3.1,(115),BPO,Gurugram +1 other locations
9638,Bryka Electrosystems & Software,3.2,(115),Semiconductors,Mumbai +2 other locations
9639,Vijay Raja Homes,4.2,(115),Real Estate,Chennai
9640,Ebullient Securities,3.2,(115),Financial Services,Gurugram +1 other locations
9641,ADA Tech Solutions Private Limited,3.7,(115),BPO,Pune +6 other locations
9642,Gammastack,2.6,(115),IT Services & Consulting,Indore +5 other locations
9643,VProtect,3.2,(116),Gurugram +9 other locations,N/A
9644,CliniSys Group,3.2,(115),IT Services & Consulting,Bengaluru +4 other locations
9645,FNZ,3.2,(115),FinTech,Gurugram +8 other locations
9646,Soffit Infrastructure Services,3.6,(115),Real Estate,Kochi +10 other locations
9647,Vishal Enterprises,4.2,(114),Fashion & Textile,Surat +35 other locations
9648,Shriji Polymers,3.9,(114),Packaging,Ujjain +8 other locations
9649,Mobily Infotech,3.2,(115),Telecom,Bengaluru +4 other locations
9650,Y Equipment Services Pvt Ltd,4.0,(114),Building Material,Greater Noida +22 other locations
9651,Pebs Pennar,3.3,(114),Engineering & Construction,Hyderabad +11 other locations
9652,Azkka Pharmaceuticals,4.6,(114),Pharma,Ahmedabad +21 other locations
9653,Udaan Express,4.3,(115),New Delhi +48 other locations,N/A
9654,NatureNurture,4.3,(114),Education & Training,New Delhi +3 other locations
9655,Cethar,3.2,(114),Industrial Machinery,Tiruchirappalli +16 other locations
9656,Emblix Solutions,4.5,(114),IT Services & Consulting,Hyderabad +2 other locations
9657,First Data,4.2,(114),Mumbai +11 other locations,N/A
9658,Indian Red Cross Society,3.9,(114),Non-Profit,Ahmedabad +60 other locations
9659,24seven,4.4,(114),Retail,New Delhi +17 other locations
9660,Projects & Development India,4.1,(114),Oil & Gas,Noida +17 other locations
9661,Nath Bio - Genes,4.3,(114),Agro Chemicals,Chhatrapati Sambhajinagar +23 other locations
9662,Sunrise Biztech Systems,3.4,(114),IT Services & Consulting,Bengaluru +3 other locations
9663,Yellow Banana Food Company,3.4,(114),Hospitality,Mumbai +5 other locations
9664,Akash Blowers,4.3,(114),Bahadurgarh +5 other locations,N/A
9665,Guru Amardass International,3.5,(114),Electronics Manufacturing,Noida +8 other locations
9666,Mojj Engineering Systems,3.7,(114),Financial Services,Pune +5 other locations
9667,Digitas,3.5,(114),Marketing & Advertising,Mumbai +10 other locations
9668,Assurance Intl Limited,2.9,(114),Auto Components,Gurugram +24 other locations
9669,Nkgsb CO-OP Bank,4.2,(114),Banking,Mumbai +21 other locations
9670,Raja Software Labs,3.1,(114),IT Services & Consulting,Pune +1 other locations
9671,GlowTouch,2.9,(114),Mangaluru +4 other locations,N/A
9672,QASolvers,3.7,(114),EdTech,Varanasi +5 other locations
9673,ADG Online Solutions,2.4,(114),New Delhi +6 other locations,N/A
9674,Prabhudas Lilladher,3.4,(114),Financial Services,Mumbai +16 other locations
9675,Arya Iron & Steel Co.,4.3,(114),Iron & Steel,Barbil +7 other locations
9676,Indication Instruments,3.8,(115),Auto Components,Faridabad +3 other locations
9677,Outline Systems,3.5,(114),IT Services & Consulting,Chandigarh +5 other locations
9678,Ministry Of Education,3.4,(114),Government,New Delhi +14 other locations
9679,Digiglobe Solutions,4.8,(114),IT Services & Consulting,Hyderabad +11 other locations
9680,Global Talent Track,3.3,(114),Education & Training,Pune +10 other locations
9681,Central Board of Secondary Education,4.3,(114),Government,New Delhi +40 other locations
9682,Elevate,3.0,(114),Internet,New Delhi +8 other locations
9683,MSG Global Solutions,3.6,(114),IT Services & Consulting,Bengaluru +6 other locations
9684,Matrix Clothing,4.0,(114),Fashion & Textile,Gurugram +5 other locations
9685,Model Infra Corporation,3.3,(114),Engineering & Construction,Pune +7 other locations
9686,Loylty Rewardz Mngt,3.8,(114),Software Product,Mumbai +7 other locations
9687,Voltas Beko Home Appliances,3.6,(114),Ahmedabad +13 other locations,N/A
9688,Aster Pharmacy,3.5,(114),Pharma,Bengaluru +14 other locations
9689,Maharashtra Feeds,3.1,(114),Agriculture,New Delhi +18 other locations
9690,Trangile Services,4.5,(115),IT Services & Consulting,Noida +7 other locations
9691,Umano Healthcare,4.4,(114),Healthcare,Faridabad +17 other locations
9692,Avians Innovations Technology,3.7,(114),Building Material,Pune +12 other locations
9693,Migsun Group,3.2,(114),Real Estate,Ghaziabad +7 other locations
9694,Analog Devices,3.9,(114),Semiconductors,Bengaluru +4 other locations
9695,Lahori Zeera,4.0,(114),Beverage,Sahibzada Ajit Singh Nagar +44 other locations
9696,Hemmersbach,3.1,(114),IT Services & Consulting,Bengaluru +8 other locations
9697,Rij Engineering,4.2,(114),Auto Components,Pune +5 other locations
9698,Onsurity Technologies,2.3,(114),Insurance,Bengaluru +6 other locations
9699,Serentica Renewables,4.3,(115),Power,Gurugram +17 other locations
9700,Lahori Zeera,4.0,(114),Beverage,Sahibzada Ajit Singh Nagar +44 other locations
9701,Hemmersbach,3.1,(114),IT Services & Consulting,Bengaluru +8 other locations
9702,AddWeb Solution,4.4,(114),IT Services & Consulting,Ahmedabad +2 other locations
9703,Fi,3.5,(114),FinTech,Bengaluru +4 other locations
9704,Emeritus,3.3,(114),Mumbai +4 other locations,N/A
9705,Vendasta Technology (India) Private Limited,3.8,(114),Software Product,Chennai +4 other locations
9706,Credit Information Bureau,3.5,(114),Mumbai +7 other locations,N/A
9707,Mersen,3.6,(114),Industrial Machinery,Bengaluru +7 other locations
9708,anovIP,3.3,(115),Legal,New Delhi +4 other locations
9709,GoldenSource,3.2,(114),IT Services & Consulting,Mumbai +7 other locations
9710,Umano Healthcare,4.4,(114),Healthcare,Faridabad +17 other locations
9711,Aster Pharmacy,3.5,(114),Pharma,Bengaluru +14 other locations
9712,Voltas Beko Home Appliances,3.6,(114),Ahmedabad +13 other locations,N/A
9713,Amalgamations Valeo Clutch,3.4,(114),Auto Components,Chennai +5 other locations
9714,QuyTech,3.1,(114),IT Services & Consulting,Gurugram +3 other locations
9715,Avians Innovations Technology,3.7,(114),Building Material,Pune +12 other locations
9716,LA Technologies,4.1,(114),IT Services & Consulting,Mumbai +9 other locations
9717,Maharashtra State Power Generation Company,4.2,(114),Power,Nagpur +17 other locations
9718,FINE COMPONENTS AND TOOLS,3.5,(114),Industrial Machinery,Bengaluru +7 other locations
9719,VALEUR FABTEX,3.3,(114),Education & Training,New Delhi +27 other locations
9720,XL Laboratories,3.5,(114),Pharma,Bhiwadi +8 other locations
9721,Resmed,4.2,(114),Software Product,Bengaluru +11 other locations
9722,Kich Architectural Products,3.5,(114),Building Material,Rajkot +24 other locations
9723,JSS Medical Research,2.9,(114),Clinical Research,New Delhi +16 other locations
9724,Maharashtra State Power Generation Company,4.2,(114),Power,Nagpur +17 other locations
9725,FINE COMPONENTS AND TOOLS,3.5,(114),Industrial Machinery,Bengaluru +7 other locations
9726,VALEUR FABTEX,3.3,(114),Education & Training,New Delhi +27 other locations
9727,LA Technologies,4.1,(114),IT Services & Consulting,Mumbai +9 other locations
9728,Dana Group,3.9,(114),Pharma,Pune +21 other locations
9729,Hatch Associates India,3.9,(114),Electronics Manufacturing,Gurugram +3 other locations
9730,Xitadel CAE Technologies,3.4,(114),Analytics & KPO,Bengaluru +4 other locations
9731,Husky Injection Molding Systems,4.3,(114),Industrial Machinery,Chennai +7 other locations
9732,ANS Commerce,3.6,(114),Internet,Gurugram +6 other locations
9733,Shabari Telecable Network,3.2,(113),Facility Management Services,Bengaluru +6 other locations
9734,Ashwini Hospital,3.1,(113),Healthcare,Cuttack +20 other locations
9735,Versa Drives,4.2,(113),Electronics Manufacturing,Coimbatore +4 other locations
9736,Meru Accounting,3.5,(113),Ahmedabad +4 other locations,N/A
9737,Maithan Steel And Power,3.8,(113),Building Material,Asansol +17 other locations
9738,Voltamp Transformers,4.0,(113),Electrical Equipment,Vadodara +15 other locations
9739,Kalpa Electrikal,3.6,(113),Electrical Equipment,Bengaluru +11 other locations
9740,IL&FS Skills Development Corporation,4.1,(113),Education & Training,New Delhi +43 other locations
9741,B.L. Harbert International,3.4,(113),Engineering & Construction,New Delhi +13 other locations
9742,Aagna Global Solutions,3.4,(113),BPO,Chennai +5 other locations
9743,U&D Square Solutions,3.7,(113),IT Services & Consulting,Pune +3 other locations
9744,DNV GL,3.9,(113),"Testing, Inspection and Certification (TIC)",Mumbai +15 other locations
9745,Chetana Publications,2.9,(113),Printing & Publishing,Mumbai +18 other locations
9746,iB Arts,3.6,(113),IT Services & Consulting,Kolkata +2 other locations
9747,TaeguTec,4.1,(113),Industrial Machinery,Bengaluru +10 other locations
9748,Vasant Chemicals,4.1,(113),Chemicals,Hyderabad +4 other locations
9749,Quale Infotech,4.4,(113),IT Services & Consulting,New Delhi +9 other locations
9750,Tiwana Oil Mills,3.5,(113),Food Processing,Patiala +34 other locations
9751,Velox Solutions,4.2,(113),Emerging Technologies,Navi Mumbai +7 other locations
9752,SHREE AMBA INDUSTRIES,3.7,(113),Auto Components,Roorkee +15 other locations
9753,Harita Fehrer,4.3,(113),Auto Components,Hosur +5 other locations
9754,Knowcraft Analytics,2.9,(113),Financial Services,Ahmedabad +7 other locations
9755,Reebok,4.3,(113),Fashion & Textile,New Delhi +44 other locations
9756,Le Marche,3.1,(113),Retail,New Delhi +3 other locations
9757,Oswal Infrastructure,3.5,(113),Real Estate,Ahmedabad +12 other locations
9758,HumanHire Corp.,4.6,(113),IT Services & Consulting,Jaipur +2 other locations
9759,Unimark Remedies,3.6,(113),Pharma,Vapi +11 other locations
9760,Vardhman Acrylics,3.6,(114),Fashion & Textile,Bharuch +10 other locations
9761,Indorama Ventures Global Shared Services,3.2,(113),Chemicals,Kolkata +6 other locations
9762,Mahindra Powerol,3.8,(113),Industrial Machinery,Pune +39 other locations
9763,Associative,4.9,(113),Software Product,Pune
9764,Prodocs Solutions,3.5,(113),Mumbai +3 other locations,N/A
9765,Agrim Housing Finance,4.2,(113),Financial Services,Mumbai +16 other locations
9766,N R Agarwal Industries,3.5,(113),Pulp & Paper,Vapi +6 other locations
9767,Tatsuno India,3.2,(113),Oil & Gas,Navi Mumbai +17 other locations
9768,Saija Finance,4.4,(113),NBFC,New Delhi +23 other locations
9769,Velocity Software Solutions,4.0,(113),IT Services & Consulting,Noida +6 other locations
9770,Kin Marché,4.1,(113),Retail,Kinshasa +10 other locations
9771,Modern Construction Company,3.4,(113),Engineering & Construction,New Delhi +23 other locations
9772,L&T SuFin,3.3,(113),Internet,Mumbai +37 other locations
9773,Stonemen Crafts,3.9,(113),Furniture & Furnishing,Agra +7 other locations
9774,Huber Suhner Electronics,4.0,(113),Electrical Equipment,Gurugram +6 other locations
9775,Winsome Textile Industries,3.4,(113),Fashion & Textile,Baddi +8 other locations
9776,Rishita Developers,4.1,(113),Real Estate,Lucknow +3 other locations
9777,Bhagyalaxmi Rolling mill,3.7,(113),Iron & Steel,Jalna +8 other locations
9778,Integer Telecom Services,3.0,(113),Noida +6 other locations,N/A
9779,Le Mei Plastic Manufacturing,3.4,(113),Petrochemicals,Greater Noida +3 other locations
9780,Kin Marché,4.1,(113),Retail,Kinshasa +10 other locations
9781,Arco Lab,4.2,(113),Pharma,Bengaluru +6 other locations
9782,Integer Telecom Services,3.0,(113),Noida +6 other locations,N/A
9783,L&T SuFin,3.3,(113),Internet,Mumbai +37 other locations
9784,India Kawasaki Motors Pvt. Ltd.,3.7,(113),Automobile,Pune +8 other locations
9785,Stonemen Crafts,3.9,(113),Furniture & Furnishing,Agra +7 other locations
9786,Quality Needles,3.6,(113),Medical Equipment,Noida +3 other locations
9787,Shree Shubham Logistics,4.4,(113),Logistics,Mumbai +37 other locations
9788,Ramani Ice Cream Co.,3.7,(113),Food Processing,Bhopal +19 other locations
9789,Winsome Textile Industries,3.4,(113),Fashion & Textile,Baddi +8 other locations
9790,Huber Suhner Electronics,4.0,(113),Electrical Equipment,Gurugram +6 other locations
9791,Bhagyalaxmi Rolling mill,3.7,(113),Iron & Steel,Jalna +8 other locations
9792,Rishita Developers,4.1,(113),Real Estate,Lucknow +3 other locations
9793,Ingram Micro India Ssc,3.7,(113),IT Services & Consulting,Mumbai +10 other locations
9794,Sofitel Luxury Hotel,4.5,(113),Hospitality,Mumbai +11 other locations
9795,Le Mei Plastic Manufacturing,3.4,(113),Petrochemicals,Greater Noida +3 other locations
9796,Adarsh Group,4.5,(113),Bengaluru +10 other locations,N/A
9797,Minfy Technologies,3.1,(113),IT Services & Consulting,Hyderabad +11 other locations
9798,Auxilo Finserve,3.9,(113),NBFC,Mumbai +11 other locations
9799,Bangalore Baptist Hospital,4.5,(113),Healthcare,Bengaluru +1 other locations
9800,DTCC,3.7,(113),Financial Services,Chennai +5 other locations
9801,BMD Private Limited,3.7,(113),Engineering & Construction,Banswara +12 other locations
9802,Modern Construction Company,3.4,(113),Engineering & Construction,New Delhi +23 other locations
9803,Oswal Industries,3.6,(113),Financial Services,Ahmedabad +9 other locations
9804,Marwadi University,3.8,(113),Education & Training,Rajkot +6 other locations
9805,CISB,3.5,(113),Law Enforcement & Security,Mumbai +34 other locations
9806,SuperProcure,4.8,(113),Software Product,Kolkata +5 other locations
9807,Affinity Global Advertising,2.9,(113),Marketing & Advertising,Pune +5 other locations
9808,E2E Networks,2.9,(114),Hardware & Networking,New Delhi +7 other locations
9809,Accordion (India),2.7,(113),Management Consulting,Hyderabad
9810,BYD India,3.1,(114),Automobile,Chennai +13 other locations
9811,Statcon Energiaa,4.1,(113),Electronics Manufacturing,Noida +12 other locations
9812,SIP Academy,4.2,(113),Education & Training,Chennai +34 other locations
9813,KMK Ventures,4.1,(113),Accounting & Auditing,Ahmedabad +6 other locations
9814,Concept Pharmaceuticals,3.0,(113),Pharma,Mumbai +22 other locations
9815,Forvis Mazars,3.2,(113),Accounting & Auditing,Gurugram +9 other locations
9816,Elevanceskills,4.3,(114),Education & Training,Bengaluru +10 other locations
9817,Senrysa Technologies,4.5,(113),IT Services & Consulting,Kolkata +10 other locations
9818,We Win,3.2,(113),BPO,Lucknow +11 other locations
9819,Gvr Technolabs,3.8,(113),Engineering & Construction,Bengaluru +28 other locations
9820,Elevanceskills,4.3,(114),Education & Training,Bengaluru +10 other locations
9821,Senrysa Technologies,4.5,(113),IT Services & Consulting,Kolkata +10 other locations
9822,Chanakya IAS Academy,2.6,(112),Education & Training,New Delhi +22 other locations
9823,Gar Corporation,3.6,(112),Real Estate,Hyderabad +2 other locations
9824,Kesoram Industries,3.8,(112),Auto Components,Kolkata +23 other locations
9825,Optimus Pharma,3.7,(112),Pharma,Hyderabad +4 other locations
9826,MS Education Academy,3.7,(112),Education & Training,Hyderabad +17 other locations
9827,Jio Haptik,3.6,(112),Emerging Technologies,Mumbai +8 other locations
9828,Baidyanath Minerals,3.7,(112),Metals & Mining,Mumbai +1 other locations
9829,Jamia Millia Islamia,4.5,(112),Education & Training,New Delhi +7 other locations
9830,Suncity Projects,4.1,(113),Real Estate,Gurugram +11 other locations
9831,Wacker Metroark Chemicals,3.1,(112),Chemicals,Kolkata +9 other locations
9832,Advance Power Display Systems,4.4,(112),Mumbai +2 other locations,N/A
9833,National Corporation for Tourism & Hotels,4.2,(112),Travel & Tourism,Abu Dhabi +12 other locations
9834,Myoung Shin India Automotive,3.5,(112),Auto Components,Chennai +5 other locations
9835,Al Bawani Co.,4.0,(112),Engineering & Construction,Riyadh +7 other locations
9836,S.K.B. Builders,4.1,(112),Engineering & Construction,New Delhi +17 other locations
9837,Pentair Water India,3.7,(112),Industrial Machinery,Noida +10 other locations
9838,Jay Fe Cylinders,3.7,(112),Bhiwadi +14 other locations,N/A
9839,K & J Project,2.9,(112),Engineering & Construction,Nagpur +28 other locations
9840,Jay Fe Cylinders,3.7,(112),Bhiwadi +14 other locations,N/A
9841,Emerald Haven Realty,3.7,(112),Real Estate,Chennai +4 other locations
9842,Jio Haptik,3.6,(112),Emerging Technologies,Mumbai +8 other locations
9843,MS Education Academy,3.7,(112),Education & Training,Hyderabad +17 other locations
9844,Baidyanath Minerals,3.7,(112),Metals & Mining,Mumbai +1 other locations
9845,Jamia Millia Islamia,4.5,(112),Education & Training,New Delhi +7 other locations
9846,Saurashtra Chemicals,4.2,(112),Chemicals,Porbandar +6 other locations
9847,Sankei Giken,4.0,(112),Auto Components,Bawal +4 other locations
9848,Lohia Auto Industries,4.0,(112),Automobile,Kashipur +12 other locations
9849,R K D Construction,4.2,(112),Engineering & Construction,Bhubaneswar +11 other locations
9850,SIPL,3.8,(112),IT Services & Consulting,New Delhi +36 other locations
9851,Mawana Sugars,3.6,(112),Food Processing,Meerut +8 other locations
9852,Applied Solar Technologies India,3.5,(112),Internet,New Delhi +18 other locations
9853,Centre for Good Governance,2.9,(112),Government,Hyderabad +3 other locations
9854,Atulaya Healthcare,3.6,(112),Healthcare,Chandigarh +14 other locations
9855,BARSYL,3.8,(112),Railways,Hyderabad +20 other locations
9856,Srei Infrastructure Finance,4.0,(112),Financial Services,Kolkata +32 other locations
9857,BPL,4.1,(113),Consumer Electronics & Appliances,Bengaluru +30 other locations
9858,TechBlocks,3.2,(112),IT Services & Consulting,Hyderabad +6 other locations
9859,Vymo Technologies,2.3,(112),Software Product,Bengaluru +3 other locations
9860,Nipro Medical,3.9,(112),Healthcare,Hyderabad +33 other locations
9861,Techwise Digital,4.6,(112),IT Services & Consulting,Bengaluru +6 other locations
9862,Bal Bharati Public School,4.2,(112),Education & Training,New Delhi +26 other locations
9863,The World Bank,3.8,(112),Banking,Chennai +11 other locations
9864,Suncity Projects,4.1,(112),Real Estate,Gurugram +11 other locations
9865,Advance Power Display Systems,4.4,(112),Mumbai +2 other locations,N/A
9866,HGS TECHNOLOGIES,4.2,(112),IT Services & Consulting,Bengaluru +16 other locations
9867,Wacker Metroark Chemicals,3.1,(112),Chemicals,Kolkata +9 other locations
9868,Graphic Era Institute of Medical Sciences,3.5,(112),Dehradun +5 other locations,N/A
9869,Sandberg Translation Partners,3.6,(112),Chemicals,New Delhi +25 other locations
9870,City Corporation Ltd (Amanora),3.9,(112),Real Estate,Pune +9 other locations
9871,KSB Tech,3.6,(112),Industrial Machinery,Pune +5 other locations
9872,Public Works Department Rajasthan,4.4,(112),Chennai +63 other locations,N/A
9873,Avant Garde Industries,4.7,(112),Industrial Machinery,Mumbai +3 other locations
9874,Blackboard Education and Reseach Foundation,3.5,(112),EdTech,Noida +5 other locations
9875,Tata Communications Payment Solutions,3.6,(112),Financial Services,Mumbai +23 other locations
9876,WebPT,3.8,(112),Software Product,Hyderabad
9877,Teqfocus Consulting,3.8,(112),IT Services & Consulting,Bengaluru +6 other locations
9878,ERGOS,3.2,(112),Internet,Bengaluru +20 other locations
9879,Mondee,3.4,(112),Internet,New Delhi +6 other locations
9880,Graphic Era Institute of Medical Sciences,3.5,(112),Dehradun +5 other locations,N/A
9881,Public Works Department Rajasthan,4.4,(112),Chennai +63 other locations,N/A
9882,Schenck Rotec,3.5,(112),Auto Components,Noida +9 other locations
9883,Softura,3.4,(112),Software Product,Chennai +4 other locations
9884,Nipro Medical,3.9,(112),Healthcare,Hyderabad +33 other locations
9885,Cinntra Info Tech Solutions,3.4,(112),IT Services & Consulting,Noida +5 other locations
9886,Techwise Digital,4.6,(112),IT Services & Consulting,Bengaluru +6 other locations
9887,Bal Bharati Public School,4.2,(112),Education & Training,New Delhi +26 other locations
9888,Blue Dart Aviation,3.3,(113),Aviation,Chennai +17 other locations
9889,MSL Group,3.4,(112),Education & Training,New Delhi +19 other locations
9890,Avant Garde Industries,4.7,(112),Industrial Machinery,Mumbai +3 other locations
9891,Blackboard Education and Reseach Foundation,3.5,(112),EdTech,Noida +5 other locations
9892,Mondee,3.4,(112),Internet,New Delhi +6 other locations
9893,HGS TECHNOLOGIES,4.2,(112),IT Services & Consulting,Bengaluru +16 other locations
9894,Extinct Fire Engineers,3.9,(112),Industrial Machinery,Mumbai +14 other locations
9895,Bnk Power Solution,3.9,(112),Power,Nagpur +28 other locations
9896,Felix Generics,3.9,(113),Pharma,Indore +8 other locations
9897,KORE.AI SOFTWARE INDIA,3.4,(112),Emerging Technologies,Hyderabad +2 other locations
9898,Six Sails Technologies,4.2,(112),IT Services & Consulting,New Delhi +4 other locations
9899,Runwal Realty,3.7,(112),Real Estate,Mumbai +5 other locations
9900,Gulbrandsen Technologies,3.2,(112),Pharma,Bharuch +5 other locations
9901,Armed Forces Tribunal,4.9,(111),Government,New Delhi +38 other locations
9902,Intercraft Trading,4.4,(111),Beauty & Personal Care,Mumbai +20 other locations
9903,Concorde Group,4.1,(111),Real Estate,Bengaluru +6 other locations
9904,Vatsal Technosoft,4.5,(111),IT Services & Consulting,Ahmedabad +6 other locations
9905,Cemtics,3.7,(111),Telecom,Gurugram +7 other locations
9906,Transworld Group of Companies,3.3,(111),Logistics,Mumbai +17 other locations
9907,J&K Bank,3.9,(111),Banking,Srinagar +24 other locations
9908,Damac Properties,2.6,(111),Real Estate,Dubai +6 other locations
9909,Udaipur Cement Works,3.8,(111),Building Material,Udaipur +12 other locations
9910,Stanley Engineered Fastening,3.9,(111),Industrial Machinery,Chennai +9 other locations
9911,North West Carrying Co.,3.7,(111),Logistics,Gurugram +25 other locations
9912,Glass Wall Systems,4.1,(111),Engineering & Construction,Mumbai +9 other locations
9913,Joannou & Paraskevaides,4.2,(111),Engineering & Construction,Mumbai +19 other locations
9914,Sembcorp Marine,4.4,(111),Industrial Machinery,Singapore +10 other locations
9915,Forbes Technosys,3.9,(111),IT Services & Consulting,Mumbai +26 other locations
9916,SRM Techsol,4.3,(111),IT Services & Consulting,Lucknow +1 other locations
9917,Gini & Jony,3.1,(111),Fashion & Textile,Mumbai +23 other locations
9918,Rathi Transpower,3.8,(111),Industrial Machinery,Pune +4 other locations
9919,Feat Systems,3.3,(111),Financial Services,Mumbai +6 other locations
9920,Imdaad,4.5,(111),Facility Management Services,Dubai +8 other locations
9921,Avekshaa Technologies,4.0,(111),Software Product,Mumbai +4 other locations
9922,Baazi Games,3.5,(111),IT Services & Consulting,New Delhi +4 other locations
9923,Poonam IT Consulting Services,4.2,(111),Recruitment,Bengaluru +10 other locations
9924,Falcon Force,3.9,(111),IT Services & Consulting,Gurugram +6 other locations
9925,Ray Business Technologies,3.6,(111),IT Services & Consulting,Hyderabad +3 other locations
9926,Unique Enterprises,3.5,(111),Internet,Mumbai +20 other locations
9927,TROPICAL AGROSYSTEM (I),4.3,(111),Agro Chemicals,Chennai +35 other locations
9928,E-connect Solutions,3.2,(111),IT Services & Consulting,Udaipur +17 other locations
9929,Pokarna,3.6,(111),Building Material,Hyderabad +6 other locations
9930,Jekson Vision,4.2,(111),IT Services & Consulting,Ahmedabad +7 other locations
9931,Swarna Pragati Housing Microfinance,4.1,(111),Financial Services,Nagpur +31 other locations
9932,Mangalam Organics,3.7,(111),Agro Chemicals,Mumbai +12 other locations
9933,Seagate,3.2,(111),Hardware & Networking,Pune +6 other locations
9934,SP Software,3.8,(111),IT Services & Consulting,Hyderabad +4 other locations
9935,Pay point india,3.2,(111),FinTech,Mumbai +39 other locations
9936,Tristha Global,4.2,(111),IT Services & Consulting,Chennai +6 other locations
9937,Progression Infonet,4.2,(111),IT Services & Consulting,Gurugram +10 other locations
9938,Walmart Labs,3.4,(111),Bengaluru +4 other locations,N/A
9939,Wiley,3.8,(111),Printing & Publishing,New Delhi +7 other locations
9940,G Plast,3.4,(111),Industrial Machinery,Coimbatore +2 other locations
9941,NS Instruments,4.1,(111),Auto Components,Chennai +13 other locations
9942,B Gauss,3.7,(111),Automobile,Pune +27 other locations
9943,Seinumero Nirman,3.4,(111),Industrial Machinery,Pune +1 other locations
9944,Star Agriwarehousing and Collateral Management,3.7,(111),Agriculture,Mumbai +34 other locations
9945,Shaip,3.5,(111),Ahmedabad +8 other locations,N/A
9946,AccioJob,3.6,(111),EdTech,Gurugram +11 other locations
9947,Phoenix Mecano,3.9,(111),Industrial Machinery,Pune +8 other locations
9948,HH Global,3.8,(111),IT Services & Consulting,Mumbai +11 other locations
9949,YsecIT Softwares India Pvt Ltd,3.8,(111),Software Product,Bengaluru +2 other locations
9950,Lakshmi Hyundai,3.4,(111),Automobile,Hyderabad +7 other locations
9951,Barry Callebaut,3.8,(111),Food Processing,Pune +12 other locations
9952,PV Clean Mobility Technologies,4.1,(111),Automobile,Gurugram +4 other locations
9953,SS Construction,3.8,(111),Engineering & Construction,New Delhi +31 other locations
9954,Chandan Hospital,3.8,(111),Healthcare,Lucknow +7 other locations
9955,Indogulf CropSciences,3.3,(111),Agro Chemicals,New Delhi +16 other locations
9956,Sietz Technologies,4.1,(111),Auto Components,Faridabad +5 other locations
9957,Mangalore Refinery and Petrochemicals,4.3,(111),Oil & Gas,Mangaluru +10 other locations
9958,IT Convergence,3.3,(111),IT Services & Consulting,Hyderabad +1 other locations
9959,Navin Fluorine Advanced Sciences,3.6,(111),Bharuch +6 other locations,N/A
9960,Hirotec,3.9,(111),Auto Components,Coimbatore +6 other locations
9961,Dlecta Foods,3.8,(111),Food Processing,Mumbai +24 other locations
9962,Mastech Digital,3.6,(111),IT Services & Consulting,Noida +4 other locations
9963,Volvo Buses,3.4,(111),Automobile,Bengaluru +13 other locations
9964,Oman Pharmaceutical Products,2.7,(111),Pharma,Salalah +10 other locations
9965,Pavna Group of Industries,3.4,(111),Auto Components,Aligarh +9 other locations
9966,Dynata,3.9,(111),Analytics & KPO,Hyderabad +10 other locations
9967,Jocata Financial Advisory and Technology,3.3,(111),Financial Services,Hyderabad +4 other locations
9968,Pushpanjali Hospital & Research Centre,4.0,(111),Healthcare,Agra +12 other locations
9969,Euclid Innovations,3.1,(111),IT Services & Consulting,Hyderabad +5 other locations
9970,Madhav Limaye Consulting,4.0,(111),Engineering & Construction,Pune +2 other locations
9971,Pooja Forge,3.5,(111),Industrial Machinery,Faridabad +6 other locations
9972,Tanisha Systems,2.8,(111),IT Services & Consulting,Noida +3 other locations
9973,Ecocat India,4.0,(111),Auto Components,Faridabad +3 other locations
9974,Tag Corporation,3.3,(111),Industrial Machinery,Chennai +3 other locations
9975,Brightsun Travel,2.7,(111),Travel & Tourism,Gurugram +2 other locations
9976,BBD University,3.7,(111),Financial Services,Lucknow +3 other locations
9977,Woodkraft (India) Private Limited,2.7,(111),Real Estate,Bengaluru +9 other locations
9978,Suspa Pneumatics,4.2,(111),Automobile,Chennai +8 other locations
9979,Cube Construction Engineering,2.9,(111),Engineering & Construction,Vadodara +11 other locations
9980,Cube Construction Engineering,2.9,(111),Engineering & Construction,Vadodara +11 other locations
9981,Vsun Mobile,3.6,(110),Telecom,Gurugram +8 other locations
9982,Glassdoor,4.3,(112),Internet,Kolkata +27 other locations
9983,Logelite,4.0,(110),Software Product,Lucknow +3 other locations
9984,Axiom Energy Conversion,3.2,(110),Power,Hyderabad +15 other locations
9985,C3I Solutions,3.2,(110),BPO,Hyderabad +2 other locations
9986,Essel Infraprojects,4.0,(110),Engineering & Construction,New Delhi +21 other locations
9987,Das Writing Services,3.9,(110),Internet,Kolkata +2 other locations
9988,M.B.A Consulting India,3.7,(110),Financial Services,Noida +10 other locations
9989,22Nd Century Technologies,4.9,(110),IT Services & Consulting,Chandigarh +3 other locations
9990,CoinSwitch,2.9,(110),Financial Services,Bengaluru +3 other locations
9991,SOGEFI ENGINE SYSTEMS INDIA,3.9,(110),Auto Components,Gurugram +5 other locations
9992,Xiaomi Service Center,4.3,(110),Bengaluru +68 other locations,N/A
9993,Maven Wave Partners,4.0,(110),IT Services & Consulting,Gurugram +4 other locations
9994,Finar,3.8,(110),Chemicals,Ahmedabad +12 other locations
9995,Institute of Liver & Biliary Sciences,4.0,(110),Education & Training,New Delhi +1 other locations
9996,Flowserve Sanmar,3.5,(110),Chemicals,Chennai +15 other locations
9997,DeliverHealth Solutions,3.5,(110),Software Product,Bengaluru +6 other locations
9998,Sree Behariji Mills,3.3,(110),Consumer Electronics & Appliances,Patna +34 other locations
9999,Life Care Hospital,3.8,(110),Healthcare,Mumbai +35 other locations
